frame,class,confidence
1,car,0.8828727006912231
1,car,0.8543186783790588
1,car,0.8542036414146423
1,person,0.8318356275558472
1,person,0.7991732358932495
1,car,0.3329501152038574
2,car,0.8876460790634155
2,car,0.85282963514328
2,car,0.8526995182037354
2,person,0.8317122459411621
2,person,0.8065617084503174
2,car,0.35699155926704407
3,car,0.889629065990448
3,car,0.8542172312736511
3,car,0.8521634340286255
3,person,0.8282080292701721
3,person,0.7966846227645874
3,car,0.34292012453079224
4,car,0.8866702318191528
4,car,0.8518826961517334
4,car,0.851847231388092
4,person,0.8246381878852844
4,person,0.8024256825447083
4,car,0.3609200716018677
5,car,0.8880639672279358
5,car,0.8564954996109009
5,car,0.856128990650177
5,person,0.8265897631645203
5,person,0.7943864464759827
5,car,0.3632388114929199
6,car,0.8875604271888733
6,car,0.8552607893943787
6,car,0.8541060090065002
6,person,0.8312646746635437
6,person,0.794864296913147
6,car,0.336507648229599
7,car,0.8895307183265686
7,car,0.8542380928993225
7,car,0.8532492518424988
7,person,0.8280385136604309
7,person,0.7932568788528442
7,car,0.37329748272895813
8,car,0.8933572769165039
8,car,0.853700578212738
8,car,0.8521286845207214
8,person,0.8233467936515808
8,person,0.796580970287323
8,car,0.3652713894844055
9,car,0.8891079425811768
9,car,0.8546535968780518
9,car,0.8519172072410583
9,person,0.8185713887214661
9,person,0.7889757752418518
9,car,0.3550165593624115
10,car,0.8970639109611511
10,car,0.8560146689414978
10,car,0.8497853875160217
10,person,0.8029072284698486
10,person,0.7950530052185059
10,car,0.3345373272895813
11,car,0.8997282981872559
11,car,0.8527712225914001
11,car,0.8492436408996582
11,person,0.8015575408935547
11,person,0.7959582805633545
11,car,0.36812180280685425
12,car,0.8994372487068176
12,car,0.8528262376785278
12,car,0.8484255075454712
12,person,0.8030354380607605
12,person,0.788411021232605
12,car,0.33444520831108093
13,car,0.8937233686447144
13,car,0.8511056303977966
13,car,0.8498526215553284
13,person,0.8044079542160034
13,person,0.7954925894737244
13,car,0.364900678396225
14,car,0.9057304263114929
14,car,0.8524844646453857
14,car,0.84365314245224
14,person,0.8002848029136658
14,person,0.7917765974998474
14,car,0.3498132526874542
15,car,0.9154345393180847
15,car,0.8561094999313354
15,car,0.8408195972442627
15,person,0.8065086603164673
15,person,0.7874165773391724
15,car,0.3441706597805023
16,car,0.9200923442840576
16,car,0.8570196628570557
16,car,0.8237380981445312
16,person,0.8127843141555786
16,person,0.7845062613487244
16,car,0.3749721646308899
17,car,0.9242427349090576
17,car,0.8551788330078125
17,car,0.8216686844825745
17,person,0.8098854422569275
17,person,0.786404550075531
17,car,0.3727620840072632
17,person,0.3524582087993622
18,car,0.9282222390174866
18,car,0.8456044793128967
18,car,0.8212608695030212
18,person,0.8116640448570251
18,person,0.7785254120826721
18,person,0.5803316235542297
18,car,0.3380124568939209
19,car,0.9285905957221985
19,car,0.8523973822593689
19,car,0.8334769010543823
19,person,0.8135733008384705
19,person,0.7845810651779175
19,person,0.5842596888542175
19,car,0.3298431932926178
20,car,0.9296929240226746
20,car,0.8457318544387817
20,car,0.837064802646637
20,person,0.8110799193382263
20,person,0.7742829918861389
20,person,0.7016934156417847
20,car,0.29544010758399963
21,car,0.9273725748062134
21,car,0.8369353413581848
21,car,0.8352149128913879
21,person,0.8146679997444153
21,person,0.7766687273979187
21,person,0.7301828861236572
21,car,0.28299248218536377
22,car,0.9278541803359985
22,car,0.8430704474449158
22,car,0.8226689696311951
22,person,0.8137001991271973
22,person,0.7895240187644958
22,person,0.7523300647735596
22,car,0.26678547263145447
23,car,0.9262325167655945
23,car,0.841172993183136
23,car,0.8156444430351257
23,person,0.8098267316818237
23,person,0.8052021265029907
23,person,0.767880380153656
23,car,0.27754640579223633
24,car,0.9270753860473633
24,car,0.8446376919746399
24,person,0.8127959966659546
24,car,0.8074355125427246
24,person,0.8068519234657288
24,person,0.764157235622406
24,car,0.321743905544281
25,car,0.9262409806251526
25,car,0.8453261852264404
25,car,0.8158690333366394
25,person,0.8141553997993469
25,person,0.8022062182426453
25,person,0.7518094182014465
25,car,0.2956961393356323
25,car,0.25038862228393555
26,car,0.9264963269233704
26,car,0.8457643389701843
26,car,0.8231495022773743
26,person,0.8170552849769592
26,person,0.7960160970687866
26,person,0.7477728128433228
26,car,0.27895504236221313
27,car,0.9254992604255676
27,car,0.8435441851615906
27,car,0.8240378499031067
27,person,0.8210827112197876
27,person,0.7830541133880615
27,person,0.7823010087013245
27,car,0.2610577344894409
28,car,0.9258155226707458
28,car,0.8429508805274963
28,person,0.8300511240959167
28,car,0.8193119168281555
28,person,0.7797386646270752
28,person,0.77448970079422
29,car,0.9265899658203125
29,car,0.8438640832901001
29,person,0.8312298059463501
29,car,0.8139535188674927
29,person,0.7777903079986572
29,person,0.7638213038444519
29,car,0.26199954748153687
29,car,0.25041425228118896
30,car,0.9249088764190674
30,car,0.84574294090271
30,person,0.8259240388870239
30,car,0.8146486878395081
30,person,0.7807429432868958
30,person,0.7588971257209778
30,car,0.2853241264820099
30,car,0.25402316451072693
31,car,0.9234904050827026
31,car,0.8416463136672974
31,car,0.823769211769104
31,person,0.8205116987228394
31,person,0.7671075463294983
31,person,0.7055935263633728
32,car,0.9198341965675354
32,car,0.8450493216514587
32,person,0.8277015686035156
32,car,0.8112560510635376
32,person,0.7633825540542603
32,person,0.6911415457725525
33,car,0.919305145740509
33,car,0.848211407661438
33,person,0.8186635375022888
33,car,0.7756954431533813
33,person,0.77315753698349
33,person,0.680106520652771
34,car,0.9206695556640625
34,car,0.8473826050758362
34,person,0.8088991045951843
34,car,0.785888671875
34,person,0.7382933497428894
34,person,0.6905872821807861
35,car,0.9240070581436157
35,car,0.8506239056587219
35,person,0.8032102584838867
35,car,0.7782236337661743
35,person,0.7315469980239868
35,person,0.6654031872749329
35,person,0.5379845499992371
36,car,0.9234324097633362
36,car,0.8514896035194397
36,person,0.801399827003479
36,car,0.7442843914031982
36,person,0.7201766967773438
36,person,0.7169159650802612
36,person,0.6347200870513916
37,car,0.9246185421943665
37,car,0.8509250283241272
37,person,0.8034770488739014
37,person,0.7615448236465454
37,car,0.7446808218955994
37,person,0.6715359091758728
37,person,0.6530027389526367
38,car,0.9197110533714294
38,car,0.847354531288147
38,person,0.8118085861206055
38,person,0.7969843745231628
38,person,0.7628504633903503
38,car,0.753993570804596
38,person,0.6569293141365051
39,car,0.9126368165016174
39,car,0.8450496792793274
39,person,0.8084355592727661
39,car,0.7910154461860657
39,person,0.7879858613014221
39,person,0.7722654342651367
39,person,0.6490126848220825
40,car,0.9138864874839783
40,car,0.8504996299743652
40,person,0.8112469911575317
40,person,0.7846596240997314
40,person,0.7810271382331848
40,car,0.7590296864509583
40,person,0.7060157656669617
41,car,0.9142277240753174
41,car,0.8496283292770386
41,person,0.8139652013778687
41,person,0.8008585572242737
41,person,0.7734856605529785
41,car,0.7428328394889832
41,person,0.7131165266036987
42,car,0.913250744342804
42,car,0.8486369252204895
42,person,0.8137927055358887
42,person,0.8032821416854858
42,person,0.7698376178741455
42,person,0.7629337906837463
42,car,0.7119480967521667
43,car,0.9104838371276855
43,car,0.8520846366882324
43,person,0.8186742067337036
43,person,0.8124648928642273
43,person,0.7701013684272766
43,person,0.7620791792869568
43,car,0.7187389135360718
44,car,0.9067935347557068
44,car,0.8532896041870117
44,person,0.8297055959701538
44,person,0.8189830780029297
44,person,0.7651641368865967
44,person,0.7610064744949341
44,car,0.7312470078468323
45,car,0.8976224064826965
45,car,0.8515827655792236
45,person,0.8364508152008057
45,person,0.8229581117630005
45,person,0.7747153043746948
45,person,0.7317931056022644
45,car,0.7240300178527832
46,car,0.8913896679878235
46,car,0.8494119644165039
46,person,0.8379420638084412
46,person,0.8197571635246277
46,person,0.7596147060394287
46,person,0.7181094884872437
46,car,0.6838282346725464
47,car,0.8841359615325928
47,car,0.8472025394439697
47,person,0.8352173566818237
47,person,0.8229223489761353
47,person,0.7201379537582397
47,person,0.6979569792747498
47,car,0.6426388025283813
48,car,0.8849427700042725
48,car,0.8456078767776489
48,person,0.8303548097610474
48,person,0.8126938343048096
48,person,0.7304547429084778
48,person,0.6782248020172119
48,car,0.6050852537155151
49,car,0.8837750554084778
49,car,0.8545200228691101
49,person,0.8219491839408875
49,person,0.8154991269111633
49,person,0.7575827836990356
49,person,0.6678251028060913
49,car,0.6206811666488647
50,car,0.8810281157493591
50,car,0.8531818985939026
50,person,0.8266323208808899
50,person,0.8171758651733398
50,person,0.7834208607673645
50,person,0.6806942224502563
50,car,0.6175500154495239
51,car,0.8802908062934875
51,car,0.8525746464729309
51,person,0.8276621103286743
51,person,0.8106027245521545
51,person,0.7921849489212036
51,person,0.706792950630188
51,car,0.6212438941001892
52,car,0.8757013082504272
52,car,0.8501930236816406
52,person,0.8274791836738586
52,person,0.8067498803138733
52,person,0.8028548359870911
52,car,0.6866872906684875
52,person,0.667934775352478
53,car,0.8708726763725281
53,car,0.848350465297699
53,person,0.8319911956787109
53,person,0.8063743710517883
53,person,0.8044499158859253
53,car,0.7300214767456055
53,person,0.7090645432472229
54,car,0.8640252947807312
54,car,0.847429096698761
54,person,0.8244831562042236
54,person,0.8057824373245239
54,person,0.7978813052177429
54,car,0.7618206739425659
54,person,0.7328090071678162
55,car,0.8657463788986206
55,car,0.8429847955703735
55,person,0.8203557729721069
55,person,0.8034461140632629
55,person,0.7964680194854736
55,car,0.7780830264091492
55,person,0.7562004923820496
56,car,0.8627260327339172
56,person,0.8508606553077698
56,car,0.8440448641777039
56,person,0.8028324246406555
56,person,0.8022518157958984
56,person,0.7933491468429565
56,car,0.7507407069206238
57,car,0.8588628768920898
57,car,0.8426327705383301
57,person,0.8422329425811768
57,person,0.7965093851089478
57,person,0.7778395414352417
57,person,0.7635225057601929
57,car,0.74004727602005
58,car,0.8601015210151672
58,car,0.8364394903182983
58,person,0.8284886479377747
58,person,0.8052027821540833
58,car,0.7757443785667419
58,person,0.7643372416496277
58,person,0.7396550178527832
59,car,0.8613467812538147
59,car,0.8405837416648865
59,person,0.8292827606201172
59,person,0.8091760873794556
59,car,0.8009285926818848
59,person,0.7450583577156067
59,person,0.7392021417617798
60,car,0.8577641844749451
60,car,0.8411433100700378
60,car,0.8192252516746521
60,person,0.8034970760345459
60,person,0.8028842210769653
60,person,0.7552297115325928
60,person,0.7073017954826355
61,car,0.8559931516647339
61,car,0.8439539670944214
61,car,0.8283088207244873
61,person,0.8088849782943726
61,person,0.8028321266174316
61,person,0.7785089015960693
61,person,0.7450015544891357
62,car,0.8475517630577087
62,car,0.8470659255981445
62,car,0.8315684199333191
62,person,0.8005369901657104
62,person,0.7969448566436768
62,person,0.7905635237693787
62,person,0.7710127830505371
63,car,0.8488913774490356
63,car,0.8442236185073853
63,car,0.8440948724746704
63,person,0.8209601044654846
63,person,0.8010561466217041
63,person,0.7835677266120911
63,person,0.7579036355018616
64,car,0.8420848250389099
64,car,0.8324097990989685
64,car,0.8284831643104553
64,person,0.8015500903129578
64,person,0.7995162010192871
64,person,0.7730357050895691
64,person,0.7729948163032532
65,car,0.8429198861122131
65,car,0.8408451676368713
65,car,0.8073269128799438
65,person,0.7952357530593872
65,person,0.7928379774093628
65,person,0.7549485564231873
65,person,0.7505410313606262
65,car,0.2599746882915497
66,car,0.8447695970535278
66,car,0.8317060470581055
66,car,0.7966540455818176
66,person,0.7939568758010864
66,person,0.7898103594779968
66,person,0.7457980513572693
66,person,0.7457776069641113
66,car,0.2806544005870819
67,car,0.854831874370575
67,car,0.8115184903144836
67,car,0.798179566860199
67,person,0.7934278249740601
67,person,0.7753481268882751
67,person,0.7613341212272644
67,person,0.7434234023094177
67,person,0.31325843930244446
67,car,0.2717619240283966
68,car,0.8439204692840576
68,car,0.8251233100891113
68,person,0.7904605269432068
68,car,0.7781621813774109
68,person,0.7616172432899475
68,person,0.7363158464431763
68,person,0.6935213208198547
68,person,0.3232688009738922
68,person,0.3148365020751953
68,person,0.30080148577690125
68,car,0.2740994989871979
69,car,0.860896110534668
69,car,0.8549654483795166
69,person,0.7861049771308899
69,car,0.7774900794029236
69,person,0.7349875569343567
69,person,0.7089397311210632
69,person,0.6849310994148254
69,person,0.565934419631958
69,car,0.32000091671943665
70,car,0.8592382073402405
70,car,0.8544201254844666
70,person,0.791549563407898
70,car,0.7800941467285156
70,person,0.7321050763130188
70,person,0.7311257719993591
70,person,0.6879329681396484
70,person,0.6203187704086304
70,car,0.31613150238990784
71,car,0.8562409281730652
71,car,0.8427189588546753
71,person,0.789563775062561
71,person,0.7700443863868713
71,person,0.7463337779045105
71,car,0.7260025143623352
71,person,0.7116104960441589
71,person,0.6707061529159546
71,car,0.3164381682872772
72,car,0.8571767807006836
72,car,0.8431259989738464
72,person,0.8091686964035034
72,person,0.7919708490371704
72,car,0.7496413588523865
72,person,0.7472773790359497
72,person,0.7185428738594055
72,person,0.7100588083267212
72,car,0.34122881293296814
73,car,0.8714599609375
73,car,0.8159506916999817
73,person,0.8155274987220764
73,person,0.805088460445404
73,car,0.7560966610908508
73,person,0.7407616972923279
73,person,0.7296885848045349
73,person,0.714194655418396
73,car,0.31689000129699707
74,car,0.8626375198364258
74,person,0.821945309638977
74,person,0.8049229383468628
74,car,0.7629486322402954
74,car,0.7547293901443481
74,person,0.7314313650131226
74,person,0.7305076122283936
74,person,0.7294022440910339
74,car,0.32551825046539307
75,car,0.8589552640914917
75,person,0.81136554479599
75,person,0.802591860294342
75,car,0.7633075714111328
75,person,0.7610089778900146
75,car,0.7554137110710144
75,person,0.7395654320716858
75,person,0.7267439365386963
75,car,0.3272666335105896
76,car,0.8669281005859375
76,person,0.8185409307479858
76,person,0.8032211661338806
76,car,0.7922593355178833
76,car,0.756547749042511
76,person,0.7550778388977051
76,person,0.7466667294502258
76,person,0.7298606634140015
76,car,0.34497758746147156
77,car,0.8469033241271973
77,person,0.8163057565689087
77,person,0.795474112033844
77,car,0.7698523998260498
77,person,0.7634064555168152
77,car,0.7612623572349548
77,person,0.7440404295921326
77,person,0.7416421175003052
77,car,0.3943006992340088
78,car,0.8520179986953735
78,person,0.8099215030670166
78,person,0.7896614074707031
78,person,0.7731150984764099
78,car,0.7714437246322632
78,person,0.7694481015205383
78,person,0.7435674667358398
78,car,0.7360144853591919
78,car,0.382952481508255
79,car,0.8547962307929993
79,person,0.7977365255355835
79,person,0.7967208027839661
79,person,0.7950152158737183
79,car,0.7731795907020569
79,person,0.7676026821136475
79,car,0.7479892373085022
79,person,0.7188517451286316
79,car,0.3621762692928314
80,car,0.8475064039230347
80,person,0.8260601758956909
80,person,0.8104446530342102
80,person,0.7975420355796814
80,person,0.7898674011230469
80,car,0.7810021042823792
80,car,0.7706997990608215
80,person,0.7506619691848755
80,car,0.33516085147857666
80,car,0.3045773208141327
81,car,0.8467612266540527
81,person,0.8174071907997131
81,person,0.8141716718673706
81,person,0.8044744729995728
81,person,0.7927476167678833
81,car,0.775412917137146
81,car,0.7732231020927429
81,person,0.7399750351905823
81,car,0.33516925573349
81,car,0.27269604802131653
82,car,0.8485640287399292
82,person,0.8179327845573425
82,person,0.8017839789390564
82,person,0.7977051138877869
82,person,0.7959524393081665
82,car,0.750382661819458
82,person,0.7326018810272217
82,car,0.6050586104393005
82,car,0.35548239946365356
83,car,0.8353829383850098
83,person,0.8126822113990784
83,person,0.8052319288253784
83,person,0.8020243644714355
83,person,0.7825560569763184
83,person,0.7388166189193726
83,car,0.7288808226585388
83,car,0.5042484402656555
83,car,0.3725573420524597
83,car,0.3516133427619934
83,car,0.29363393783569336
84,car,0.8377172946929932
84,person,0.8177945613861084
84,person,0.799648106098175
84,person,0.7740780711174011
84,car,0.7569493651390076
84,person,0.7544044852256775
84,person,0.753936767578125
84,car,0.48319581151008606
84,car,0.36311760544776917
84,car,0.35671547055244446
84,car,0.31888169050216675
85,car,0.8256560564041138
85,person,0.8065727353096008
85,person,0.7902520895004272
85,car,0.7801350355148315
85,person,0.780012309551239
85,person,0.7269181609153748
85,person,0.6939981579780579
85,car,0.4735430181026459
85,car,0.37072107195854187
85,car,0.3460686504840851
85,car,0.2987196743488312
86,person,0.8349718451499939
86,car,0.8247649073600769
86,person,0.8054349422454834
86,person,0.7907979488372803
86,car,0.7656373381614685
86,person,0.7314128875732422
86,person,0.6888309717178345
86,car,0.610542356967926
86,car,0.3229729235172272
86,car,0.31847789883613586
86,car,0.2893625795841217
87,person,0.845784068107605
87,car,0.8352848887443542
87,person,0.8022018671035767
87,person,0.7911356687545776
87,person,0.7771915197372437
87,car,0.7654226422309875
87,person,0.6961742043495178
87,car,0.6490250825881958
87,car,0.3705810010433197
87,car,0.35864531993865967
87,car,0.25600022077560425
88,car,0.8322497606277466
88,person,0.831558883190155
88,person,0.7844241857528687
88,person,0.7839968800544739
88,car,0.7699575424194336
88,person,0.7635706067085266
88,person,0.7267416715621948
88,car,0.6824963688850403
88,car,0.32056182622909546
88,car,0.3034031391143799
89,person,0.8353011012077332
89,car,0.8317292928695679
89,person,0.7987521886825562
89,person,0.7754999995231628
89,car,0.7386397123336792
89,person,0.7323065400123596
89,person,0.7137540578842163
89,car,0.6593846082687378
89,car,0.34582239389419556
89,car,0.33968353271484375
90,person,0.827340304851532
90,car,0.8208565711975098
90,person,0.7921521663665771
90,person,0.7744598388671875
90,person,0.7496171593666077
90,car,0.7486732006072998
90,person,0.7218288779258728
90,car,0.6614739298820496
90,car,0.3227173984050751
90,car,0.31187304854393005
91,person,0.8327870965003967
91,car,0.8203021287918091
91,person,0.7971670627593994
91,person,0.7954782843589783
91,person,0.7605894804000854
91,person,0.7601252794265747
91,car,0.7519960999488831
91,car,0.6725954413414001
91,car,0.2583727538585663
92,person,0.8281342387199402
92,car,0.8239836096763611
92,person,0.80100417137146
92,person,0.7845801711082458
92,person,0.7770107388496399
92,car,0.7347493171691895
92,person,0.6994054913520813
92,car,0.530071496963501
92,car,0.4024774134159088
92,car,0.29863855242729187
93,person,0.8266550898551941
93,car,0.8243147730827332
93,person,0.8017638325691223
93,person,0.785915195941925
93,person,0.7786507606506348
93,car,0.7544665932655334
93,car,0.6915848255157471
93,person,0.6778949499130249
93,car,0.33864492177963257
93,car,0.2638415992259979
94,car,0.8210529088973999
94,person,0.8138006329536438
94,person,0.8021546006202698
94,person,0.7969034314155579
94,person,0.7893697619438171
94,car,0.7793943881988525
94,person,0.7422968149185181
94,car,0.676501989364624
94,car,0.3062494993209839
94,car,0.2592191994190216
95,car,0.8297203779220581
95,person,0.8085422515869141
95,person,0.8078625202178955
95,person,0.8061829805374146
95,person,0.7955910563468933
95,person,0.780788004398346
95,car,0.7665772438049316
95,car,0.7108325958251953
95,car,0.3539842367172241
95,car,0.2732497453689575
96,car,0.82560133934021
96,person,0.8227002620697021
96,person,0.8078191876411438
96,person,0.8056989312171936
96,person,0.8001996874809265
96,car,0.7775111794471741
96,person,0.7700408697128296
96,car,0.7555035352706909
96,car,0.3729103207588196
96,car,0.3026238977909088
97,car,0.8191409111022949
97,person,0.8174687623977661
97,person,0.8169691562652588
97,car,0.8109568953514099
97,person,0.8096205592155457
97,person,0.8040010333061218
97,person,0.774800717830658
97,car,0.7592626810073853
97,car,0.39028826355934143
97,car,0.3275379538536072
98,car,0.8323063850402832
98,car,0.8179444074630737
98,person,0.8144826292991638
98,person,0.811941385269165
98,person,0.8035179972648621
98,person,0.793754518032074
98,person,0.7853865623474121
98,car,0.7497307658195496
98,car,0.40315142273902893
98,car,0.37976109981536865
99,car,0.8400465846061707
99,person,0.8221566081047058
99,car,0.8121901154518127
99,person,0.7986566424369812
99,person,0.7942423820495605
99,person,0.7926433682441711
99,person,0.774104654788971
99,car,0.7487617135047913
99,car,0.3684621751308441
99,car,0.31253892183303833
100,car,0.8374615907669067
100,person,0.8288503885269165
100,car,0.8159098029136658
100,person,0.8136529326438904
100,person,0.8072776794433594
100,person,0.7942718863487244
100,person,0.7747673988342285
100,car,0.7544792294502258
100,car,0.39570972323417664
100,car,0.306729793548584
101,car,0.8242174386978149
101,car,0.8186538219451904
101,person,0.8038942217826843
101,person,0.8008496761322021
101,person,0.7814337015151978
101,person,0.7785738706588745
101,person,0.7765644788742065
101,car,0.7071970701217651
101,car,0.38297200202941895
102,car,0.8287656903266907
102,car,0.8246337175369263
102,person,0.7911720871925354
102,person,0.7889768481254578
102,person,0.7831581830978394
102,person,0.7708213925361633
102,person,0.7571923136711121
102,car,0.712253212928772
102,car,0.3895484507083893
102,car,0.2660652697086334
103,car,0.8260412216186523
103,car,0.8110088109970093
103,person,0.7882375121116638
103,person,0.7803241610527039
103,person,0.7777957916259766
103,person,0.7679696679115295
103,car,0.763855516910553
103,person,0.7319989800453186
103,car,0.25796961784362793
104,car,0.8328946232795715
104,car,0.807837188243866
104,person,0.7907227277755737
104,car,0.7890443801879883
104,person,0.7761160731315613
104,person,0.7708662152290344
104,person,0.7502007484436035
104,person,0.7129706740379333
105,car,0.8295714259147644
105,car,0.8135449290275574
105,person,0.7951927185058594
105,person,0.7854101061820984
105,car,0.7752658724784851
105,person,0.7634719014167786
105,person,0.7625827789306641
105,person,0.7457185983657837
106,car,0.8357564806938171
106,car,0.8353418111801147
106,person,0.8150806427001953
106,car,0.8105436563491821
106,person,0.7669793963432312
106,person,0.76292484998703
106,person,0.7556493282318115
106,person,0.7478614449501038
107,car,0.8355770707130432
107,car,0.8259774446487427
107,person,0.8203308582305908
107,car,0.8145392537117004
107,person,0.774421215057373
107,person,0.7606521248817444
107,person,0.7379419207572937
107,person,0.7298648953437805
107,car,0.27095621824264526
107,person,0.2536834478378296
108,car,0.8323588967323303
108,person,0.8318202495574951
108,car,0.8254905939102173
108,car,0.8070759177207947
108,person,0.7581090927124023
108,person,0.7569051384925842
108,person,0.7375171184539795
108,person,0.7162476181983948
108,person,0.31558549404144287
108,car,0.2747165262699127
109,car,0.8354344964027405
109,car,0.8051814436912537
109,car,0.8006850481033325
109,person,0.7974932193756104
109,person,0.7556403279304504
109,person,0.7380990386009216
109,person,0.7274990677833557
109,person,0.7239974737167358
109,person,0.4527101218700409
109,person,0.28317463397979736
109,car,0.26998230814933777
109,car,0.25786250829696655
110,car,0.8240408897399902
110,person,0.8139675855636597
110,car,0.8039234280586243
110,car,0.7829905152320862
110,person,0.761713445186615
110,person,0.7316140532493591
110,person,0.7298142313957214
110,person,0.7155752778053284
110,person,0.524566650390625
110,car,0.2610829174518585
111,car,0.8185641765594482
111,car,0.8070836663246155
111,person,0.8057843446731567
111,car,0.776810348033905
111,person,0.7450045347213745
111,person,0.7342870235443115
111,person,0.7212687730789185
111,person,0.7187180519104004
111,person,0.5582115054130554
111,car,0.2868935167789459
112,car,0.8169364333152771
112,car,0.8155543804168701
112,person,0.785219132900238
112,car,0.7578743696212769
112,person,0.745441198348999
112,person,0.736129879951477
112,person,0.7299751043319702
112,person,0.6779003739356995
112,person,0.6628374457359314
112,car,0.34774214029312134
113,car,0.8197659850120544
113,car,0.8121027946472168
113,person,0.792803943157196
113,person,0.7654378414154053
113,person,0.7608124017715454
113,car,0.7567428350448608
113,person,0.7368094325065613
113,person,0.7028774619102478
113,person,0.6954010725021362
113,car,0.3698306977748871
114,car,0.8295618891716003
114,car,0.8016636371612549
114,person,0.7920488715171814
114,person,0.7905139923095703
114,person,0.782282829284668
114,car,0.7788608074188232
114,person,0.7191129326820374
114,person,0.7129914164543152
114,person,0.6359713077545166
114,car,0.40876033902168274
115,car,0.8368688821792603
115,car,0.8089713454246521
115,car,0.7984671592712402
115,person,0.7971978187561035
115,person,0.7897700667381287
115,person,0.7835184335708618
115,person,0.7748924493789673
115,person,0.6628226637840271
115,person,0.6259703040122986
115,car,0.4136676490306854
116,car,0.8318163156509399
116,car,0.8123499155044556
116,person,0.8102384209632874
116,person,0.7915013432502747
116,person,0.7868228554725647
116,car,0.7864344716072083
116,person,0.774343729019165
116,person,0.6671712398529053
116,person,0.5444704294204712
116,person,0.5309501886367798
116,car,0.40216922760009766
117,car,0.8395336270332336
117,car,0.8224669098854065
117,person,0.809464156627655
117,person,0.8085577487945557
117,person,0.8046069741249084
117,car,0.7862808108329773
117,person,0.7681650519371033
117,person,0.6743443012237549
117,person,0.5492414236068726
117,car,0.42656001448631287
117,person,0.39348509907722473
118,car,0.8577220439910889
118,car,0.8224249482154846
118,person,0.8151234984397888
118,person,0.810559093952179
118,person,0.7882596254348755
118,car,0.7685117721557617
118,person,0.7483925819396973
118,person,0.6408481597900391
118,person,0.5664694905281067
118,car,0.4281536340713501
119,car,0.8479341268539429
119,car,0.8185631632804871
119,person,0.8084753155708313
119,person,0.8082326054573059
119,person,0.7816755771636963
119,car,0.7776850461959839
119,person,0.7740640044212341
119,person,0.560596764087677
119,person,0.5233117341995239
119,car,0.35832157731056213
120,car,0.8485614657402039
120,car,0.816185712814331
120,person,0.8050817251205444
120,person,0.7986783385276794
120,person,0.7898139357566833
120,person,0.758817732334137
120,car,0.7511706352233887
120,person,0.5993011593818665
120,person,0.5187663435935974
120,car,0.3860422670841217
120,person,0.2662551999092102
121,car,0.853019654750824
121,car,0.8395377397537231
121,person,0.8111059069633484
121,person,0.8010809421539307
121,person,0.7865481376647949
121,person,0.7672169208526611
121,car,0.7151728272438049
121,person,0.6399394869804382
121,person,0.5184721946716309
121,person,0.42601990699768066
121,person,0.3414451479911804
121,car,0.3262231945991516
121,person,0.29287275671958923
122,car,0.8589172959327698
122,car,0.8450338840484619
122,person,0.8207184672355652
122,person,0.7876186370849609
122,person,0.7772323489189148
122,person,0.768423855304718
122,car,0.7199255228042603
122,person,0.651727020740509
122,person,0.48561444878578186
122,person,0.3861745595932007
122,person,0.28725913166999817
123,car,0.8523553013801575
123,car,0.8374417424201965
123,person,0.804049551486969
123,person,0.7846937775611877
123,person,0.7612459659576416
123,person,0.75609290599823
123,car,0.7147312760353088
123,person,0.6394211053848267
123,person,0.5037044882774353
123,person,0.3958114683628082
123,car,0.27872416377067566
124,car,0.8528321385383606
124,car,0.8379234075546265
124,person,0.7830657958984375
124,person,0.7754225730895996
124,person,0.7687638401985168
124,person,0.7419624328613281
124,car,0.7187508940696716
124,person,0.6762858033180237
124,person,0.6489919424057007
124,person,0.4663091003894806
124,person,0.35562169551849365
124,car,0.2536712884902954
125,car,0.8681544065475464
125,car,0.8385052680969238
125,person,0.8036350607872009
125,person,0.7648152709007263
125,person,0.7514824867248535
125,car,0.7142828702926636
125,person,0.7119407057762146
125,person,0.6243482828140259
125,person,0.5962333679199219
125,person,0.5734798312187195
126,car,0.8863485455513
126,car,0.8405346274375916
126,person,0.8142982125282288
126,person,0.7521050572395325
126,person,0.7430784106254578
126,car,0.7036159634590149
126,person,0.6589508056640625
126,person,0.655190110206604
126,person,0.6334275007247925
126,person,0.48859912157058716
126,car,0.26799100637435913
127,car,0.8926298022270203
127,car,0.8383442163467407
127,person,0.8335093259811401
127,person,0.7386801242828369
127,person,0.7380439639091492
127,car,0.7078233361244202
127,person,0.690085768699646
127,person,0.646413266658783
127,person,0.6309939026832581
127,person,0.6233951449394226
127,person,0.31096628308296204
127,car,0.26231056451797485
128,car,0.9045069217681885
128,person,0.8514752388000488
128,car,0.8178618550300598
128,person,0.7557175755500793
128,car,0.7514554858207703
128,person,0.7337965965270996
128,person,0.7236027717590332
128,person,0.6649240851402283
128,person,0.6396481990814209
128,person,0.6182791590690613
129,car,0.8967902064323425
129,person,0.8472966551780701
129,car,0.8249475359916687
129,person,0.7668192386627197
129,car,0.7558035850524902
129,person,0.7125760316848755
129,person,0.6949881315231323
129,person,0.6649458408355713
129,person,0.6614509224891663
129,person,0.628489077091217
130,car,0.8914003968238831
130,person,0.8467255234718323
130,car,0.8259705305099487
130,person,0.7967039942741394
130,car,0.7339314818382263
130,person,0.7283355593681335
130,person,0.7006250619888306
130,person,0.6542845368385315
130,person,0.6440865993499756
130,person,0.5887584686279297
131,car,0.8872343301773071
131,person,0.8367423415184021
131,car,0.8341188430786133
131,person,0.7598031163215637
131,person,0.7371439933776855
131,car,0.725123941898346
131,person,0.6932539343833923
131,person,0.6186145544052124
131,person,0.612307071685791
131,person,0.552085816860199
132,car,0.8752910494804382
132,person,0.8475877046585083
132,car,0.8304868340492249
132,person,0.7697837948799133
132,person,0.7484028935432434
132,car,0.6916660070419312
132,person,0.6709676384925842
132,person,0.6449909210205078
132,person,0.5752543807029724
132,person,0.5684926509857178
133,car,0.8697836995124817
133,person,0.8472954630851746
133,car,0.8369802832603455
133,person,0.7798053622245789
133,person,0.7705883383750916
133,person,0.7120013236999512
133,car,0.6500189900398254
133,person,0.638695240020752
133,person,0.6353671550750732
133,person,0.5616124868392944
133,person,0.5485027432441711
134,car,0.8699424266815186
134,person,0.8472826480865479
134,car,0.8273862600326538
134,person,0.8027346134185791
134,person,0.7513066530227661
134,person,0.73432457447052
134,car,0.670444905757904
134,person,0.6634376049041748
134,person,0.6454750299453735
134,person,0.5293454527854919
135,car,0.8815792202949524
135,person,0.8415995240211487
135,car,0.82706218957901
135,person,0.7992104291915894
135,person,0.7609711289405823
135,person,0.7408649325370789
135,person,0.7106682062149048
135,car,0.6701205372810364
135,person,0.6049833297729492
135,person,0.49960049986839294
135,car,0.2537212073802948
136,car,0.8732998371124268
136,person,0.8439199924468994
136,car,0.8301597833633423
136,person,0.7830926775932312
136,person,0.767401933670044
136,person,0.7655068635940552
136,person,0.7417937517166138
136,car,0.6198608875274658
136,person,0.5139278769493103
136,car,0.4750860035419464
136,person,0.464202344417572
136,person,0.39103034138679504
137,car,0.8846354484558105
137,car,0.8228617906570435
137,person,0.8124603629112244
137,person,0.8027710914611816
137,person,0.7814198136329651
137,person,0.7716037034988403
137,person,0.7327582836151123
137,car,0.6575561761856079
137,person,0.49332496523857117
137,car,0.4916244149208069
137,person,0.41841474175453186
137,car,0.262410044670105
138,car,0.8865072727203369
138,car,0.8449621796607971
138,person,0.8066415786743164
138,person,0.8058843612670898
138,person,0.8014136552810669
138,person,0.7577557563781738
138,person,0.7505466938018799
138,car,0.6575336456298828
138,person,0.6130893230438232
138,car,0.4560643136501312
138,person,0.45539602637290955
138,person,0.36407381296157837
138,car,0.25705575942993164
139,car,0.8826611638069153
139,car,0.8426307439804077
139,person,0.8196998238563538
139,person,0.8130027055740356
139,person,0.7693971395492554
139,person,0.7635816931724548
139,person,0.7627872824668884
139,person,0.6958169937133789
139,car,0.6870741844177246
139,car,0.5244050025939941
139,person,0.439622163772583
140,car,0.8840935230255127
140,person,0.8364415764808655
140,car,0.8360775113105774
140,person,0.7824462652206421
140,person,0.763890266418457
140,person,0.7551392912864685
140,person,0.7347756028175354
140,person,0.7068454027175903
140,car,0.6691699624061584
140,person,0.5033165812492371
140,car,0.29145127534866333
141,car,0.8640467524528503
141,car,0.8548979163169861
141,person,0.809440553188324
141,person,0.7823716402053833
141,person,0.7675376534461975
141,person,0.7641842365264893
141,person,0.7605978846549988
141,person,0.6955695748329163
141,car,0.6877519488334656
141,person,0.5311430096626282
141,car,0.35941430926322937
142,car,0.8582988381385803
142,car,0.8549094796180725
142,person,0.8004031777381897
142,person,0.7688472867012024
142,person,0.7641937136650085
142,person,0.7624908089637756
142,person,0.745439887046814
142,person,0.7087375521659851
142,car,0.6781180500984192
142,person,0.52900630235672
143,car,0.868937611579895
143,car,0.8529371619224548
143,person,0.7939701080322266
143,person,0.7773589491844177
143,person,0.7646059393882751
143,person,0.6966279149055481
143,person,0.6828832626342773
143,car,0.6706090569496155
143,person,0.6630536913871765
143,person,0.4632076919078827
143,person,0.31078338623046875
144,car,0.869856059551239
144,car,0.8512427806854248
144,person,0.8156839609146118
144,person,0.7906427979469299
144,person,0.7795887589454651
144,person,0.7459465861320496
144,person,0.7442319989204407
144,car,0.6783523559570312
144,person,0.6008898019790649
144,person,0.3725116550922394
144,person,0.26963287591934204
144,car,0.2604215145111084
145,car,0.8841251730918884
145,car,0.8544290065765381
145,person,0.8005048036575317
145,person,0.7949149012565613
145,person,0.7490851879119873
145,person,0.7459958791732788
145,person,0.7345346808433533
145,car,0.6891081929206848
145,person,0.5975679755210876
145,person,0.5141640901565552
145,car,0.45766133069992065
146,car,0.8656324148178101
146,car,0.8451825976371765
146,person,0.8034518957138062
146,person,0.7914057374000549
146,person,0.7720219492912292
146,person,0.7373552918434143
146,car,0.7062305212020874
146,person,0.7021995782852173
146,person,0.6425769925117493
146,person,0.5940242409706116
146,car,0.5135886669158936
146,person,0.430031418800354
147,car,0.8808689117431641
147,car,0.8483629822731018
147,person,0.8066258430480957
147,person,0.7912750244140625
147,person,0.7598903179168701
147,person,0.7142298221588135
147,car,0.7129177451133728
147,person,0.6771348714828491
147,person,0.6621572375297546
147,person,0.6055563688278198
147,car,0.25371554493904114
148,car,0.8805195689201355
148,car,0.8471939563751221
148,person,0.8081486225128174
148,person,0.7790248394012451
148,person,0.7689935564994812
148,car,0.7464789152145386
148,person,0.7157237529754639
148,person,0.711239755153656
148,person,0.6717916131019592
148,person,0.6023746728897095
149,car,0.8937497138977051
149,car,0.8480172753334045
149,person,0.8259621858596802
149,person,0.7394598126411438
149,person,0.7357662320137024
149,car,0.7277388572692871
149,person,0.7161217927932739
149,person,0.6653248071670532
149,person,0.6328368186950684
149,person,0.619597852230072
150,car,0.8747133612632751
150,person,0.834571361541748
150,car,0.8242198824882507
150,person,0.7470609545707703
150,person,0.7292271256446838
150,car,0.7245715260505676
150,person,0.7045348882675171
150,person,0.6788324117660522
150,person,0.6418456435203552
150,person,0.6072556972503662
151,car,0.8624745607376099
151,person,0.8421042561531067
151,car,0.8285922408103943
151,person,0.7461889386177063
151,person,0.7289324402809143
151,person,0.7114636898040771
151,person,0.7081332802772522
151,car,0.702145516872406
151,person,0.6976509690284729
151,person,0.5071481466293335
151,person,0.44310468435287476
152,car,0.8521584868431091
152,person,0.8276312351226807
152,car,0.8254798650741577
152,person,0.749742329120636
152,person,0.7427700757980347
152,person,0.7271605134010315
152,person,0.7111766338348389
152,car,0.6728509068489075
152,person,0.5643218159675598
152,person,0.5534923076629639
153,car,0.8427014946937561
153,car,0.8349800705909729
153,person,0.8245431184768677
153,person,0.7566907405853271
153,person,0.7534995079040527
153,person,0.7359458208084106
153,person,0.7329481244087219
153,car,0.6778111457824707
153,person,0.5097170472145081
153,person,0.4830731749534607
153,person,0.37094244360923767
153,person,0.3008541464805603
154,person,0.8400733470916748
154,car,0.8354224562644958
154,car,0.8278627395629883
154,person,0.7592682242393494
154,person,0.758472204208374
154,person,0.7573543190956116
154,person,0.7370303273200989
154,car,0.6729551553726196
154,person,0.5299535393714905
154,person,0.5280531048774719
154,person,0.4768470823764801
155,car,0.8502199053764343
155,person,0.843077540397644
155,car,0.8278287649154663
155,person,0.7829756736755371
155,person,0.766656219959259
155,person,0.751392126083374
155,person,0.7457599639892578
155,car,0.6518025994300842
155,person,0.6068359017372131
155,person,0.5506771206855774
155,person,0.4563142955303192
156,car,0.8473337888717651
156,car,0.831493616104126
156,person,0.8286776542663574
156,person,0.7867310643196106
156,person,0.7598850131034851
156,person,0.7520202994346619
156,person,0.7324550747871399
156,car,0.6983066201210022
156,person,0.6144288778305054
156,person,0.5532014966011047
156,person,0.4495086967945099
157,car,0.8432139754295349
157,car,0.8306519389152527
157,person,0.8155486583709717
157,person,0.8022489547729492
157,person,0.7670221328735352
157,person,0.7285102605819702
157,person,0.7273051738739014
157,car,0.6962927579879761
157,person,0.6667767763137817
157,person,0.5678279995918274
157,person,0.4449491798877716
158,car,0.841916024684906
158,car,0.8316987752914429
158,person,0.799671471118927
158,person,0.7968961596488953
158,person,0.7773813009262085
158,person,0.7475177049636841
158,person,0.7135202884674072
158,car,0.7041237354278564
158,person,0.6868173480033875
158,person,0.6619516015052795
158,person,0.33346837759017944
158,car,0.2523587644100189
159,car,0.8277619481086731
159,car,0.8232738375663757
159,person,0.8210201859474182
159,person,0.7878375053405762
159,person,0.7621884942054749
159,person,0.7491613030433655
159,person,0.7216824293136597
159,car,0.7077895998954773
159,person,0.6787732243537903
159,person,0.6718277335166931
159,person,0.29151496291160583
159,car,0.2586166262626648
160,person,0.8361059427261353
160,car,0.8326680064201355
160,car,0.8162420988082886
160,person,0.7901241183280945
160,person,0.778861939907074
160,person,0.7433806657791138
160,person,0.7130250334739685
160,car,0.690159797668457
160,person,0.6760615110397339
160,person,0.5966045260429382
160,person,0.3006686866283417
161,person,0.8419461250305176
161,car,0.8365129828453064
161,car,0.8336198329925537
161,person,0.8091172575950623
161,person,0.8007639050483704
161,person,0.7672914862632751
161,person,0.7535003423690796
161,car,0.6740408539772034
161,person,0.6439554691314697
161,person,0.6081774830818176
161,person,0.4673759341239929
162,car,0.8458274006843567
162,person,0.8274138569831848
162,car,0.8264445662498474
162,person,0.8254380226135254
162,person,0.762271523475647
162,person,0.7615199685096741
162,person,0.7486510276794434
162,car,0.6748929619789124
162,person,0.5719505548477173
162,person,0.5605848431587219
162,person,0.5440930724143982
163,car,0.8553565144538879
163,car,0.8383514881134033
163,person,0.8151736259460449
163,person,0.8128286004066467
163,person,0.7649849653244019
163,person,0.7613809704780579
163,person,0.7337625026702881
163,car,0.684233546257019
163,person,0.579138457775116
163,person,0.5665671825408936
163,person,0.5202811360359192
164,car,0.855598509311676
164,car,0.835104763507843
164,person,0.7971500754356384
164,person,0.7942718267440796
164,person,0.7765834927558899
164,person,0.7482522130012512
164,person,0.725817859172821
164,car,0.6894875764846802
164,person,0.6253178715705872
164,person,0.5956054925918579
164,person,0.5155128240585327
165,car,0.8591188192367554
165,car,0.8359152674674988
165,person,0.7975064516067505
165,person,0.7877058982849121
165,person,0.7803030610084534
165,person,0.7642863392829895
165,person,0.7568397521972656
165,person,0.7220723628997803
165,car,0.6638918519020081
165,person,0.5984039306640625
165,car,0.4307941794395447
165,person,0.3999803066253662
166,car,0.8487591743469238
166,car,0.8411082625389099
166,person,0.8159025311470032
166,person,0.8102609515190125
166,person,0.7698994278907776
166,person,0.7675190567970276
166,person,0.7447137832641602
166,person,0.7261675596237183
166,car,0.7102780342102051
166,person,0.51788729429245
166,person,0.37313833832740784
167,car,0.8526119589805603
167,car,0.8390201926231384
167,person,0.8249014019966125
167,person,0.8188499808311462
167,person,0.7738761305809021
167,person,0.7444478273391724
167,car,0.724753201007843
167,person,0.7131656408309937
167,person,0.6741801500320435
167,person,0.4136059284210205
167,person,0.40632379055023193
168,car,0.847457766532898
168,car,0.8401805758476257
168,person,0.8378183841705322
168,person,0.820996105670929
168,person,0.7733672857284546
168,person,0.7474626302719116
168,person,0.7220660448074341
168,car,0.7194099426269531
168,person,0.6816084384918213
168,person,0.4783390462398529
168,person,0.3567056655883789
168,person,0.31517720222473145
169,person,0.8473899364471436
169,car,0.8442319631576538
169,car,0.8371203541755676
169,person,0.7805455923080444
169,person,0.7680560350418091
169,person,0.7665922045707703
169,car,0.7177127599716187
169,person,0.6994981169700623
169,person,0.6464417576789856
169,person,0.5597480535507202
169,person,0.4528130888938904
170,person,0.8522757887840271
170,car,0.8499657511711121
170,car,0.8384982943534851
170,person,0.7821727395057678
170,person,0.7758796811103821
170,person,0.7745670676231384
170,person,0.7728172540664673
170,car,0.6874709725379944
170,person,0.5280464291572571
170,person,0.408821165561676
170,person,0.4064209759235382
171,person,0.8656366467475891
171,car,0.8474723696708679
171,car,0.8435099124908447
171,person,0.8080025315284729
171,person,0.793513834476471
171,person,0.7829967737197876
171,person,0.7681741118431091
171,car,0.724284291267395
171,person,0.5744048953056335
171,person,0.4214004576206207
171,person,0.3254518210887909
172,person,0.860791027545929
172,car,0.8479117751121521
172,car,0.843406081199646
172,person,0.8170250654220581
172,person,0.8068739771842957
172,person,0.7801935076713562
172,person,0.7419712543487549
172,car,0.7225960493087769
172,person,0.6989194750785828
172,person,0.412572979927063
172,person,0.29147422313690186
172,person,0.26813268661499023
172,person,0.25907567143440247
173,person,0.8689951300621033
173,car,0.8487832546234131
173,car,0.8284648656845093
173,person,0.8190546631813049
173,person,0.8129929900169373
173,person,0.7781240344047546
173,person,0.7588258385658264
173,person,0.7357632517814636
173,car,0.7129976749420166
173,person,0.43608546257019043
173,person,0.28798359632492065
174,person,0.858274519443512
174,car,0.8442748188972473
174,car,0.8159988522529602
174,person,0.7869948744773865
174,person,0.7829071283340454
174,person,0.781649112701416
174,person,0.7632102966308594
174,person,0.7572906613349915
174,car,0.7106562256813049
174,person,0.4862944781780243
174,person,0.2836247980594635
175,car,0.8424656987190247
175,person,0.834530234336853
175,car,0.8285427689552307
175,person,0.8139234185218811
175,person,0.7998740077018738
175,person,0.7889573574066162
175,person,0.7634442448616028
175,person,0.7575942873954773
175,car,0.7233889698982239
175,person,0.5037466883659363
175,person,0.31294700503349304
175,person,0.28997254371643066
176,car,0.8442249894142151
176,car,0.8405134081840515
176,person,0.8251676559448242
176,person,0.8180153369903564
176,person,0.7982239127159119
176,person,0.793783962726593
176,person,0.7718836069107056
176,person,0.7544139623641968
176,car,0.7298824787139893
176,person,0.4795564115047455
176,person,0.32492968440055847
176,person,0.29026558995246887
177,car,0.8455828428268433
177,car,0.8453910946846008
177,person,0.8381758332252502
177,person,0.8362378478050232
177,person,0.8289424180984497
177,person,0.8259533643722534
177,person,0.7800187468528748
177,car,0.7730006575584412
177,person,0.7566727995872498
177,person,0.5031227469444275
177,person,0.28613564372062683
177,person,0.26512086391448975
178,car,0.8524941205978394
178,person,0.8428317308425903
178,car,0.8309628367424011
178,person,0.8164991736412048
178,person,0.8119053244590759
178,person,0.8091587424278259
178,car,0.7635800242424011
178,person,0.7558261156082153
178,person,0.7555423974990845
178,person,0.535344660282135
178,person,0.3093275725841522
178,person,0.28789806365966797
178,person,0.26105165481567383
179,car,0.8517165184020996
179,person,0.8463706374168396
179,car,0.8128083348274231
179,person,0.8064746260643005
179,car,0.8047923445701599
179,person,0.7989325523376465
179,person,0.796743631362915
179,person,0.7941810488700867
179,person,0.7526077628135681
179,person,0.6147981286048889
179,person,0.3489801287651062
179,person,0.25710156559944153
180,car,0.8542432188987732
180,person,0.8436897993087769
180,person,0.826697826385498
180,car,0.817704975605011
180,person,0.8012083172798157
180,person,0.8010457754135132
180,person,0.7945101857185364
180,car,0.7760938405990601
180,person,0.7401009202003479
180,person,0.6221650242805481
180,person,0.3331553339958191
181,car,0.8571383357048035
181,person,0.8383565545082092
181,person,0.8185314536094666
181,person,0.8087998032569885
181,person,0.8001513481140137
181,person,0.7993285655975342
181,car,0.7964667677879333
181,car,0.789492130279541
181,person,0.743782103061676
181,person,0.7396697402000427
181,person,0.27942007780075073
181,person,0.2749450206756592
181,car,0.25771892070770264
182,car,0.8500386476516724
182,person,0.8406385779380798
182,person,0.7982550859451294
182,person,0.7919163107872009
182,car,0.7914784550666809
182,car,0.7762023210525513
182,person,0.7577372789382935
182,person,0.7533826231956482
182,person,0.7516012191772461
182,person,0.7410836219787598
182,person,0.25980427861213684
182,car,0.2580011487007141
183,person,0.838107705116272
183,car,0.8372884392738342
183,car,0.7866532802581787
183,person,0.7778369188308716
183,person,0.7763828039169312
183,car,0.7757592797279358
183,person,0.7675685882568359
183,person,0.7539700865745544
183,person,0.7487423419952393
183,person,0.6714778542518616
184,car,0.8366516828536987
184,person,0.8272414207458496
184,person,0.7836435437202454
184,car,0.7822953462600708
184,car,0.778054416179657
184,person,0.7682561874389648
184,person,0.7531354427337646
184,person,0.7403556108474731
184,person,0.7214118242263794
184,person,0.716727077960968
184,person,0.32098084688186646
184,person,0.31568869948387146
185,car,0.8488914966583252
185,person,0.8255132436752319
185,person,0.8002877831459045
185,car,0.7908780574798584
185,person,0.7685375213623047
185,person,0.7634986639022827
185,car,0.758809506893158
185,person,0.7294528484344482
185,person,0.6954771280288696
185,person,0.6801068186759949
185,person,0.3089611232280731
185,person,0.2557443678379059
186,car,0.8420763611793518
186,person,0.8320925831794739
186,person,0.8217329382896423
186,person,0.7932708263397217
186,person,0.7911607027053833
186,person,0.7905918955802917
186,car,0.7799935936927795
186,car,0.7729430794715881
186,person,0.712099552154541
186,person,0.545160710811615
186,person,0.301687628030777
186,person,0.2907712161540985
186,person,0.25163546204566956
187,car,0.8376961350440979
187,person,0.8262429237365723
187,person,0.8246262073516846
187,person,0.7954620122909546
187,person,0.7893185615539551
187,person,0.7770333290100098
187,car,0.7700192332267761
187,car,0.7420535087585449
187,person,0.7016496062278748
187,person,0.6178839802742004
187,person,0.4328829348087311
187,person,0.3417683243751526
188,car,0.8293089270591736
188,person,0.8200464844703674
188,person,0.8058939576148987
188,person,0.7962048649787903
188,car,0.7956973910331726
188,person,0.782962441444397
188,person,0.7720702290534973
188,car,0.7265279293060303
188,person,0.6405496001243591
188,person,0.582515299320221
188,person,0.42515498399734497
188,person,0.35009750723838806
188,car,0.28833723068237305
188,car,0.27731069922447205
189,car,0.8356438279151917
189,person,0.8087295293807983
189,person,0.8050041198730469
189,car,0.7942931652069092
189,person,0.7942582964897156
189,person,0.7865233421325684
189,person,0.7834777235984802
189,car,0.7197262644767761
189,person,0.6578201651573181
189,person,0.6126857399940491
189,person,0.4498077630996704
189,person,0.3691386580467224
189,car,0.26505008339881897
190,car,0.8372583985328674
190,person,0.8190192580223083
190,person,0.7949697971343994
190,person,0.7919065356254578
190,car,0.7907702922821045
190,person,0.7769607901573181
190,person,0.7692307829856873
190,car,0.7061691880226135
190,person,0.695536196231842
190,person,0.6191406846046448
190,person,0.4463469982147217
190,person,0.38519182801246643
190,person,0.29766470193862915
191,car,0.8440483808517456
191,person,0.8291208148002625
191,person,0.7921475172042847
191,car,0.7919603586196899
191,person,0.7770439386367798
191,person,0.7658407092094421
191,person,0.7528666257858276
191,person,0.7068607807159424
191,car,0.6797446608543396
191,person,0.6718147397041321
191,person,0.46074414253234863
191,person,0.37321609258651733
191,person,0.3362675607204437
192,car,0.8466655611991882
192,person,0.8217747807502747
192,car,0.7868872880935669
192,person,0.7852174043655396
192,person,0.7729962468147278
192,person,0.7569679617881775
192,person,0.756249189376831
192,car,0.7301215529441833
192,person,0.7285080552101135
192,person,0.5645090341567993
192,person,0.48710599541664124
192,person,0.31048762798309326
192,person,0.30175429582595825
193,car,0.8488518595695496
193,person,0.8094350099563599
193,car,0.7958245277404785
193,person,0.7844887375831604
193,person,0.78439861536026
193,person,0.7551702857017517
193,person,0.7523105144500732
193,person,0.7418818473815918
193,car,0.7223588824272156
193,person,0.593624472618103
193,person,0.45471638441085815
193,person,0.369122177362442
193,person,0.3450312912464142
194,car,0.8426049947738647
194,person,0.7968655824661255
194,car,0.7949268817901611
194,person,0.7835118174552917
194,person,0.7830371260643005
194,person,0.7414462566375732
194,person,0.7393943667411804
194,person,0.7290390729904175
194,car,0.682444155216217
194,person,0.6338633298873901
194,person,0.5511473417282104
194,person,0.36732807755470276
195,car,0.8476471900939941
195,person,0.8049638271331787
195,person,0.7915799021720886
195,person,0.7878525257110596
195,car,0.7695059776306152
195,person,0.7433132529258728
195,person,0.7364749908447266
195,person,0.7310585975646973
195,car,0.7177336812019348
195,person,0.6468444466590881
195,person,0.637793779373169
195,person,0.37202054262161255
196,car,0.8534778952598572
196,person,0.8118760585784912
196,person,0.8091384768486023
196,person,0.7756717205047607
196,person,0.7536264061927795
196,car,0.7496374249458313
196,car,0.7466003894805908
196,person,0.7321425080299377
196,person,0.7172101736068726
196,person,0.6771665215492249
196,person,0.673926591873169
196,person,0.3745044767856598
196,car,0.2660483121871948
197,car,0.8581633567810059
197,person,0.8111982941627502
197,car,0.7884464859962463
197,person,0.7862147092819214
197,person,0.7840937376022339
197,person,0.7702397108078003
197,person,0.7468613982200623
197,person,0.7383460998535156
197,car,0.7324177622795105
197,person,0.7003886699676514
197,person,0.6813193559646606
197,person,0.40667787194252014
197,car,0.2743573486804962
198,car,0.8579114675521851
198,car,0.789628803730011
198,person,0.7859891057014465
198,person,0.7726314663887024
198,person,0.771536111831665
198,person,0.7673895359039307
198,person,0.7602472901344299
198,person,0.7531557679176331
198,person,0.7341611981391907
198,car,0.7150542140007019
198,person,0.6218469738960266
198,person,0.40007126331329346
198,car,0.2848922610282898
199,car,0.865892767906189
199,person,0.7873706221580505
199,person,0.7784156799316406
199,person,0.7775927186012268
199,person,0.7662739157676697
199,person,0.758962869644165
199,person,0.7497180104255676
199,person,0.7351162433624268
199,car,0.7257982492446899
199,car,0.7021601796150208
199,person,0.6284580826759338
199,person,0.4321962594985962
199,car,0.30160385370254517
200,car,0.8675108551979065
200,person,0.7946035265922546
200,person,0.7902317643165588
200,person,0.7752085328102112
200,person,0.7600164413452148
200,person,0.7596422433853149
200,person,0.7514213919639587
200,person,0.7458749413490295
200,car,0.7224759459495544
200,person,0.604553759098053
200,car,0.5768699645996094
200,person,0.42494168877601624
200,car,0.2730996906757355
201,car,0.8606763482093811
201,person,0.8182232975959778
201,person,0.8065583109855652
201,person,0.7806119322776794
201,person,0.7761830687522888
201,person,0.7676148414611816
201,person,0.7601545453071594
201,car,0.7385843992233276
201,car,0.7279461026191711
201,person,0.7273663282394409
201,person,0.6042559146881104
201,person,0.40027207136154175
201,car,0.3251730799674988
202,car,0.8653300404548645
202,person,0.808731198310852
202,person,0.8071613311767578
202,person,0.8028523325920105
202,person,0.7893912196159363
202,person,0.7775297164916992
202,person,0.7502484917640686
202,person,0.7416605353355408
202,car,0.7286180853843689
202,person,0.5966432094573975
202,car,0.46042123436927795
202,person,0.416164755821228
202,car,0.31408947706222534
202,car,0.29789552092552185
202,handbag,0.25932565331459045
203,car,0.8679178357124329
203,person,0.8161247372627258
203,person,0.8002630472183228
203,person,0.7899994850158691
203,person,0.786104679107666
203,person,0.7743699550628662
203,person,0.7456722855567932
203,person,0.744421660900116
203,car,0.720547080039978
203,person,0.5901992917060852
203,car,0.556729793548584
203,person,0.4060981869697571
203,car,0.2883218824863434
203,person,0.2752467691898346
204,car,0.8638402223587036
204,person,0.8146882653236389
204,person,0.7996988296508789
204,person,0.7843485474586487
204,person,0.7730481028556824
204,person,0.7405781149864197
204,person,0.738669216632843
204,car,0.7348525524139404
204,person,0.6049250960350037
204,person,0.5907829403877258
204,car,0.44474539160728455
204,person,0.35138973593711853
204,car,0.3389208912849426
204,person,0.3282763957977295
204,car,0.28674930334091187
204,person,0.25727713108062744
205,car,0.8761879801750183
205,person,0.8080798983573914
205,person,0.7825953960418701
205,person,0.7688164114952087
205,person,0.7506791949272156
205,car,0.7290765643119812
205,person,0.7286760807037354
205,person,0.7127144932746887
205,person,0.5631683468818665
205,car,0.5436224341392517
205,person,0.41010400652885437
205,car,0.3413022756576538
205,person,0.27303358912467957
205,person,0.2695328891277313
205,handbag,0.2573341131210327
206,car,0.8667126297950745
206,person,0.8044148087501526
206,person,0.795694887638092
206,person,0.7690550088882446
206,person,0.7608737945556641
206,person,0.7518985867500305
206,car,0.7201831936836243
206,person,0.687794029712677
206,car,0.5664305686950684
206,person,0.536759614944458
206,person,0.40813758969306946
206,car,0.3472138047218323
206,handbag,0.31614208221435547
206,person,0.28254491090774536
206,car,0.2530413269996643
207,car,0.8629217147827148
207,person,0.8134574294090271
207,person,0.792161226272583
207,person,0.7584837675094604
207,person,0.7486846446990967
207,car,0.7196670770645142
207,person,0.7128600478172302
207,person,0.710044801235199
207,car,0.6615157723426819
207,person,0.5476831197738647
207,person,0.4138934314250946
207,person,0.39358413219451904
207,person,0.26440635323524475
208,car,0.8662475347518921
208,person,0.824959397315979
208,person,0.7977599501609802
208,person,0.7771759629249573
208,person,0.7624108791351318
208,car,0.7374961972236633
208,person,0.7314484715461731
208,car,0.7299452424049377
208,person,0.7241007089614868
208,person,0.576682984828949
208,person,0.48019444942474365
208,person,0.39502376317977905
209,car,0.861235499382019
209,person,0.8323484063148499
209,person,0.8005905151367188
209,person,0.761120617389679
209,person,0.7540791034698486
209,person,0.7529563903808594
209,person,0.746370255947113
209,car,0.7407260537147522
209,car,0.6831255555152893
209,person,0.5942680239677429
209,person,0.5060957670211792
209,person,0.41584062576293945
209,person,0.25547754764556885
210,car,0.8562127351760864
210,person,0.820965051651001
210,person,0.8102896809577942
210,person,0.7735520005226135
210,person,0.762000560760498
210,person,0.7434312701225281
210,person,0.728768527507782
210,car,0.7255767583847046
210,car,0.6998169422149658
210,person,0.6934401988983154
210,person,0.476518452167511
210,person,0.40472128987312317
210,person,0.3083529770374298
211,car,0.8556022644042969
211,person,0.8218404054641724
211,person,0.8181045055389404
211,person,0.7911698818206787
211,car,0.7646142840385437
211,person,0.7559927105903625
211,person,0.7454624176025391
211,person,0.7276618480682373
211,car,0.7146461606025696
211,person,0.694892406463623
211,person,0.4998255968093872
211,person,0.3290088474750519
211,tennis racket,0.32318314909935
212,car,0.8585332036018372
212,person,0.8335210680961609
212,person,0.818744421005249
212,person,0.7985655069351196
212,car,0.7648741006851196
212,person,0.7581084966659546
212,person,0.7348906993865967
212,person,0.7318383455276489
212,car,0.7122191190719604
212,person,0.6906105875968933
212,person,0.5349748730659485
212,person,0.27963024377822876
212,car,0.2594730257987976
213,car,0.8629166483879089
213,car,0.8339285850524902
213,person,0.8195569515228271
213,person,0.8072139620780945
213,person,0.7825840711593628
213,person,0.7490488290786743
213,car,0.7489773631095886
213,person,0.7312595844268799
213,person,0.7308578491210938
213,person,0.7228869199752808
213,person,0.5577992796897888
213,person,0.29289358854293823
213,car,0.2797853350639343
213,person,0.27523696422576904
213,car,0.2678574025630951
214,car,0.8648793697357178
214,car,0.847558856010437
214,person,0.8223878145217896
214,person,0.7832964658737183
214,person,0.7797718644142151
214,person,0.7692499756813049
214,person,0.7383458018302917
214,car,0.7373477816581726
214,person,0.7336386442184448
214,person,0.7253304719924927
214,person,0.5335581302642822
214,person,0.4516774117946625
214,car,0.29703736305236816
214,car,0.26535820960998535
214,person,0.25253820419311523
215,car,0.8616393804550171
215,car,0.8413180112838745
215,person,0.8302117586135864
215,person,0.7962790727615356
215,person,0.766523540019989
215,person,0.7476911544799805
215,person,0.7318783402442932
215,car,0.7304370403289795
215,person,0.7285900115966797
215,person,0.7154857516288757
215,person,0.5438342690467834
215,person,0.45113927125930786
215,car,0.2578570544719696
215,car,0.2572650909423828
215,person,0.2512708306312561
216,car,0.8538125157356262
216,car,0.8449258208274841
216,person,0.8185728192329407
216,person,0.7657403945922852
216,person,0.757204532623291
216,person,0.7531726956367493
216,person,0.7480961084365845
216,person,0.7368897199630737
216,person,0.6889609694480896
216,car,0.6370633244514465
216,person,0.601372241973877
216,person,0.36657100915908813
216,car,0.35890451073646545
216,person,0.327176034450531
216,car,0.2849065363407135
217,car,0.857814371585846
217,car,0.8487780690193176
217,person,0.8284229040145874
217,person,0.8054904341697693
217,person,0.7867174744606018
217,person,0.7793458700180054
217,person,0.7750492691993713
217,person,0.7101929783821106
217,person,0.6947001218795776
217,car,0.6903235912322998
217,person,0.6183651685714722
217,person,0.41030412912368774
217,person,0.34134870767593384
217,person,0.2891683280467987
218,car,0.852836549282074
218,car,0.8487398028373718
218,person,0.8274868130683899
218,person,0.8042372465133667
218,person,0.7950925230979919
218,person,0.7793386578559875
218,person,0.7665252089500427
218,person,0.7662345170974731
218,person,0.6935895681381226
218,car,0.6788679361343384
218,person,0.6296347975730896
218,person,0.41175609827041626
218,car,0.2504802346229553
219,car,0.8514623641967773
219,car,0.841830849647522
219,person,0.8184001445770264
219,person,0.8183178305625916
219,person,0.8152555823326111
219,person,0.7832798957824707
219,person,0.7401254177093506
219,person,0.734748363494873
219,car,0.7098137140274048
219,person,0.6935940980911255
219,person,0.6427311301231384
219,person,0.4072573482990265
219,car,0.3134625554084778
219,person,0.3125051259994507
219,car,0.2763139307498932
219,person,0.2695648968219757
219,person,0.2654702961444855
220,car,0.8400920629501343
220,person,0.8307387232780457
220,car,0.8249443173408508
220,person,0.8059492111206055
220,person,0.7991922497749329
220,person,0.7678578495979309
220,person,0.7358392477035522
220,person,0.7187650799751282
220,car,0.6771055459976196
220,person,0.6707472801208496
220,person,0.655896008014679
220,person,0.39458128809928894
220,car,0.3175792098045349
220,person,0.30905604362487793
220,person,0.2797301411628723
220,car,0.2637629806995392
220,car,0.26139435172080994
221,car,0.8436821699142456
221,person,0.833839476108551
221,car,0.8263574242591858
221,person,0.8063658475875854
221,person,0.7963712215423584
221,person,0.7725164890289307
221,person,0.7338589429855347
221,person,0.7193701267242432
221,person,0.707127571105957
221,car,0.685749888420105
221,person,0.648257851600647
221,person,0.4207683503627777
221,car,0.3319004476070404
221,person,0.306490033864975
221,person,0.29917046427726746
221,car,0.28332194685935974
221,car,0.2773860991001129
222,car,0.8258519172668457
222,car,0.8244140148162842
222,person,0.8240454792976379
222,person,0.8192724585533142
222,person,0.7963931560516357
222,person,0.7740861773490906
222,person,0.7686357498168945
222,person,0.7204274535179138
222,person,0.7101004123687744
222,car,0.644977331161499
222,person,0.568993866443634
222,person,0.4566003680229187
222,person,0.3798011839389801
222,car,0.3183845579624176
222,person,0.30303916335105896
222,car,0.27123022079467773
222,car,0.26652467250823975
223,car,0.8390576243400574
223,car,0.8352492451667786
223,person,0.8168448805809021
223,person,0.8136292695999146
223,person,0.8005163669586182
223,person,0.7705078125
223,person,0.7529476881027222
223,person,0.7413386106491089
223,person,0.7197452783584595
223,car,0.6430295705795288
223,person,0.5167657732963562
223,person,0.4983971416950226
223,person,0.41561925411224365
223,person,0.3430052697658539
223,car,0.29611021280288696
224,car,0.8590388298034668
224,car,0.829319417476654
224,person,0.8186716437339783
224,person,0.800470232963562
224,person,0.7917233109474182
224,person,0.7640619874000549
224,person,0.7549858093261719
224,person,0.7468701004981995
224,car,0.6996904015541077
224,person,0.6951816082000732
224,person,0.5289663672447205
224,person,0.48422470688819885
224,person,0.42709314823150635
224,person,0.4031809866428375
224,car,0.3484788239002228
224,person,0.2983414828777313
224,car,0.2729010283946991
224,car,0.2586574852466583
225,car,0.8610730171203613
225,car,0.8281354308128357
225,person,0.8084589242935181
225,person,0.7924009561538696
225,person,0.7873591780662537
225,person,0.7525742650032043
225,person,0.7415199875831604
225,person,0.7338404059410095
225,car,0.7206238508224487
225,person,0.5438031554222107
225,person,0.47850948572158813
225,person,0.45347943902015686
225,car,0.39312824606895447
225,person,0.3804970979690552
225,person,0.36498740315437317
225,person,0.29870903491973877
225,car,0.2751757502555847
226,car,0.8561899065971375
226,car,0.8232435584068298
226,person,0.8150218725204468
226,person,0.8111298084259033
226,person,0.7849184274673462
226,person,0.7402335405349731
226,person,0.7399682998657227
226,car,0.7334680557250977
226,person,0.7076514363288879
226,person,0.5111604332923889
226,person,0.5020037293434143
226,person,0.4574827253818512
226,person,0.4355867803096771
226,person,0.2966560423374176
226,car,0.2597343325614929
227,car,0.8407066464424133
227,car,0.8256819844245911
227,person,0.8230831027030945
227,person,0.8047874569892883
227,person,0.7657444477081299
227,person,0.759955644607544
227,person,0.7243391871452332
227,car,0.7231405973434448
227,person,0.7089430093765259
227,person,0.4872937500476837
227,person,0.47357192635536194
227,person,0.44217583537101746
227,person,0.36536264419555664
227,person,0.3539271652698517
227,car,0.30953362584114075
227,person,0.2968901991844177
228,car,0.8430256843566895
228,car,0.8248878717422485
228,person,0.8203588128089905
228,person,0.8040306568145752
228,person,0.7749497890472412
228,car,0.7625052332878113
228,person,0.7611221671104431
228,person,0.7310936450958252
228,person,0.7244404554367065
228,person,0.5112588405609131
228,person,0.5070725679397583
228,person,0.4797532260417938
228,person,0.3865240514278412
228,car,0.35231897234916687
228,person,0.3477087914943695
228,person,0.327165424823761
228,person,0.3256893754005432
228,car,0.2936597764492035
228,car,0.2510090470314026
229,car,0.8352572321891785
229,car,0.8216196298599243
229,person,0.8216102719306946
229,person,0.8082081079483032
229,person,0.7798714637756348
229,person,0.7354207634925842
229,person,0.7243915796279907
229,person,0.7073168754577637
229,car,0.6895405054092407
229,person,0.5173918008804321
229,person,0.48721829056739807
229,person,0.44378262758255005
229,person,0.33831527829170227
229,person,0.2998513877391815
229,car,0.29234084486961365
229,person,0.2607746124267578
230,car,0.829416811466217
230,car,0.8186919689178467
230,person,0.8153061866760254
230,person,0.8005843758583069
230,person,0.7825002670288086
230,person,0.7406283020973206
230,person,0.7220004200935364
230,person,0.7104520201683044
230,car,0.7033688426017761
230,person,0.6145479679107666
230,person,0.4622561037540436
230,car,0.4326574206352234
230,person,0.3682059049606323
230,person,0.3269784152507782
231,car,0.8468360304832458
231,car,0.8341991901397705
231,person,0.7943941354751587
231,person,0.7942448854446411
231,person,0.7752248644828796
231,person,0.768703818321228
231,car,0.7290796637535095
231,person,0.7273080945014954
231,person,0.709715723991394
231,person,0.6047945618629456
231,person,0.5799127817153931
231,car,0.35668548941612244
231,person,0.2764701545238495
232,car,0.8428895473480225
232,car,0.8360637426376343
232,person,0.8064455389976501
232,person,0.7674188613891602
232,person,0.7621501684188843
232,person,0.7583832144737244
232,person,0.7456761002540588
232,car,0.6900829672813416
232,person,0.6744696497917175
232,person,0.6495933532714844
232,person,0.6469009518623352
232,person,0.4594184458255768
232,car,0.2725674510002136
232,car,0.25949233770370483
233,car,0.8373490571975708
233,car,0.8331557512283325
233,person,0.8295638561248779
233,person,0.795637845993042
233,person,0.7733285427093506
233,person,0.7681294679641724
233,person,0.7495840191841125
233,person,0.6827787756919861
233,car,0.6685754656791687
233,person,0.601042628288269
233,person,0.570216178894043
233,person,0.5063519477844238
233,car,0.37706711888313293
233,car,0.32402387261390686
233,car,0.2534911334514618
234,car,0.8366510272026062
234,person,0.8273692727088928
234,car,0.8154262900352478
234,person,0.8052166700363159
234,person,0.7686696648597717
234,person,0.7269356846809387
234,person,0.6981586813926697
234,person,0.6860565543174744
234,car,0.68384850025177
234,person,0.6733478903770447
234,person,0.5382859706878662
234,person,0.48441317677497864
234,car,0.28417572379112244
234,car,0.2681262791156769
235,car,0.8347660303115845
235,person,0.8264412879943848
235,car,0.8131628036499023
235,person,0.8057202100753784
235,person,0.7941224575042725
235,person,0.7086113691329956
235,person,0.7055596709251404
235,car,0.6968937516212463
235,person,0.672635018825531
235,person,0.6366313099861145
235,person,0.5431197881698608
235,person,0.4844222366809845
235,person,0.27340421080589294
236,car,0.8324588537216187
236,person,0.822451114654541
236,person,0.8101144433021545
236,car,0.7831823229789734
236,person,0.7613241672515869
236,person,0.7413507699966431
236,car,0.7331196069717407
236,person,0.693580150604248
236,person,0.6931819915771484
236,person,0.5747146010398865
236,person,0.48812422156333923
236,person,0.43442878127098083
236,person,0.352823406457901
236,person,0.29767122864723206
236,person,0.2551010847091675
237,car,0.8367396593093872
237,person,0.8168882131576538
237,person,0.8080512881278992
237,car,0.775600790977478
237,person,0.7608683109283447
237,person,0.7327608466148376
237,car,0.7203695178031921
237,person,0.705801784992218
237,person,0.6936896443367004
237,person,0.5356959104537964
237,person,0.4774340093135834
237,person,0.45652103424072266
237,person,0.4003080427646637
237,person,0.30692118406295776
237,person,0.30427733063697815
237,person,0.27302417159080505
238,car,0.8470665216445923
238,person,0.8158740997314453
238,person,0.8133437633514404
238,car,0.8085395693778992
238,person,0.7466843128204346
238,person,0.7034410238265991
238,car,0.6806700229644775
238,person,0.6487820148468018
238,person,0.6369616389274597
238,person,0.5451974272727966
238,person,0.5448496341705322
238,person,0.481419175863266
238,person,0.3348168432712555
238,person,0.2863633632659912
238,person,0.2683202624320984
239,car,0.8457094430923462
239,person,0.7967473864555359
239,person,0.7878901362419128
239,car,0.7778255343437195
239,person,0.7557157278060913
239,person,0.7262254357337952
239,car,0.6760404109954834
239,person,0.6647669672966003
239,person,0.6372959613800049
239,person,0.5939656496047974
239,person,0.55452960729599
239,person,0.49685683846473694
239,person,0.4137485921382904
239,person,0.32747000455856323
239,person,0.26994675397872925
239,car,0.2613382935523987
240,car,0.8461768627166748
240,person,0.8023853898048401
240,person,0.7782521843910217
240,car,0.7698310613632202
240,person,0.7499253749847412
240,person,0.7212119698524475
240,car,0.6857588887214661
240,person,0.6507728099822998
240,person,0.6419267654418945
240,person,0.629709005355835
240,person,0.5613216757774353
240,person,0.5120987296104431
240,person,0.4155408442020416
240,person,0.34659847617149353
240,person,0.31441739201545715
241,car,0.8531801700592041
241,person,0.785599946975708
241,person,0.7664128541946411
241,car,0.7647066712379456
241,person,0.7622143626213074
241,person,0.7328207492828369
241,car,0.7058488130569458
241,person,0.6437893509864807
241,person,0.6076027154922485
241,person,0.5877103805541992
241,person,0.5694460272789001
241,person,0.5364645719528198
241,person,0.5256941914558411
241,person,0.36744198203086853
241,person,0.34396377205848694
241,car,0.26361140608787537
242,car,0.8474552035331726
242,person,0.7830275893211365
242,person,0.7731654047966003
242,person,0.7635441422462463
242,person,0.7554770112037659
242,car,0.7519819140434265
242,car,0.6800451278686523
242,person,0.6763760447502136
242,person,0.6682255864143372
242,person,0.5996195673942566
242,person,0.5534698963165283
242,person,0.4740564525127411
242,person,0.3721884489059448
242,person,0.336547315120697
242,person,0.3152363896369934
243,car,0.8523507714271545
243,person,0.8018974661827087
243,person,0.772510290145874
243,person,0.7632945775985718
243,car,0.7450686693191528
243,person,0.7268405556678772
243,car,0.689911961555481
243,person,0.6663313508033752
243,person,0.6335771083831787
243,person,0.6183843016624451
243,person,0.4381988048553467
243,person,0.4260599911212921
243,person,0.38754957914352417
243,person,0.31898054480552673
243,person,0.29288139939308167
244,car,0.8445625901222229
244,person,0.8346180319786072
244,person,0.7865750789642334
244,person,0.7786729335784912
244,car,0.7348581552505493
244,person,0.6856521368026733
244,person,0.6768993139266968
244,car,0.6634225249290466
244,person,0.6532710194587708
244,person,0.5254538655281067
244,person,0.48932546377182007
244,person,0.4160591959953308
244,person,0.4158811867237091
244,person,0.38807734847068787
244,person,0.267117977142334
245,person,0.8491932153701782
245,car,0.8468484282493591
245,person,0.7999302744865417
245,person,0.7803053855895996
245,car,0.7167016863822937
245,car,0.6764983534812927
245,person,0.6755437850952148
245,person,0.6697160601615906
245,person,0.658713698387146
245,person,0.6452832818031311
245,person,0.48689088225364685
245,person,0.4861462414264679
245,person,0.43121400475502014
245,person,0.3715183138847351
245,person,0.28864461183547974
245,person,0.2648095190525055
245,car,0.25563880801200867
246,car,0.8441922068595886
246,person,0.8393943905830383
246,person,0.8032363653182983
246,person,0.7945385575294495
246,person,0.7385348081588745
246,car,0.7166699171066284
246,person,0.705845832824707
246,person,0.6708598732948303
246,car,0.6603965163230896
246,person,0.6570918560028076
246,person,0.4775077700614929
246,person,0.458918035030365
246,person,0.38617685437202454
247,car,0.8454618453979492
247,person,0.8096354007720947
247,person,0.804486870765686
247,car,0.7356787919998169
247,car,0.7151943445205688
247,person,0.7133215069770813
247,person,0.6974635124206543
247,person,0.6421939134597778
247,person,0.6393734216690063
247,person,0.6026750206947327
247,person,0.4675608277320862
247,person,0.42003583908081055
247,person,0.3982884883880615
248,car,0.8500648140907288
248,person,0.8208203315734863
248,person,0.8032543063163757
248,car,0.7772601246833801
248,person,0.7576009631156921
248,car,0.7127605080604553
248,person,0.6767306923866272
248,person,0.6675988435745239
248,person,0.600623369216919
248,person,0.5761433839797974
248,person,0.48889386653900146
248,person,0.47161316871643066
248,person,0.31867384910583496
249,car,0.8457150459289551
249,person,0.8237821459770203
249,person,0.8049160242080688
249,person,0.7874637246131897
249,car,0.7484555244445801
249,car,0.727105438709259
249,person,0.7008606195449829
249,person,0.679499626159668
249,person,0.5854261517524719
249,person,0.5642672777175903
249,person,0.558398425579071
249,person,0.32421085238456726
249,person,0.31703951954841614
249,car,0.26518514752388
249,person,0.2596799433231354
250,car,0.8378353714942932
250,person,0.8145090937614441
250,person,0.812688410282135
250,person,0.7875679135322571
250,car,0.7705023884773254
250,person,0.704138994216919
250,person,0.6988091468811035
250,car,0.6675997376441956
250,person,0.6117028594017029
250,person,0.5900694727897644
250,person,0.4885665774345398
250,person,0.41243383288383484
250,person,0.3643606901168823
250,person,0.3042362928390503
250,person,0.28975382447242737
251,person,0.8294822573661804
251,car,0.8287394642829895
251,person,0.8186116218566895
251,person,0.7942621111869812
251,car,0.7775576114654541
251,person,0.7214820384979248
251,car,0.6920783519744873
251,person,0.6739000678062439
251,person,0.6684421896934509
251,person,0.6037728786468506
251,person,0.48032131791114807
251,person,0.36569881439208984
251,person,0.3246572017669678
251,person,0.3106429874897003
252,person,0.8397561311721802
252,car,0.831272304058075
252,person,0.809686005115509
252,person,0.8091210126876831
252,car,0.8025432825088501
252,person,0.7084758877754211
252,car,0.6996514201164246
252,person,0.6976150870323181
252,person,0.6669220924377441
252,person,0.6193007230758667
252,person,0.4683748781681061
252,person,0.3683108985424042
252,person,0.33727169036865234
252,person,0.32361167669296265
252,person,0.2781859338283539
252,car,0.2654740512371063
252,person,0.2514425814151764
253,person,0.8368536233901978
253,car,0.8366658687591553
253,person,0.8033887147903442
253,car,0.7987480759620667
253,person,0.7951014637947083
253,person,0.7541503310203552
253,person,0.7141682505607605
253,car,0.6972771286964417
253,person,0.6807602643966675
253,person,0.6134646534919739
253,person,0.5225843191146851
253,person,0.42312487959861755
253,person,0.3530239760875702
253,person,0.30758053064346313
253,person,0.30749908089637756
254,person,0.8312182426452637
254,car,0.8306516408920288
254,car,0.7984305620193481
254,person,0.7744595408439636
254,person,0.7699488401412964
254,person,0.7644619941711426
254,person,0.714227020740509
254,car,0.6993433833122253
254,person,0.6966326832771301
254,person,0.6296645402908325
254,person,0.5322824716567993
254,person,0.5244032144546509
254,person,0.5130649209022522
254,person,0.3459537923336029
254,person,0.3304731547832489
255,person,0.8487514853477478
255,car,0.8315849900245667
255,car,0.7912620902061462
255,person,0.786711573600769
255,person,0.7692199349403381
255,person,0.7445818185806274
255,person,0.711740255355835
255,person,0.7115011215209961
255,car,0.6936538815498352
255,person,0.6692483425140381
255,person,0.591433584690094
255,person,0.5388255715370178
255,person,0.521644115447998
255,person,0.39428073167800903
255,person,0.2736983597278595
255,car,0.2576117515563965
256,person,0.855140209197998
256,car,0.8325576782226562
256,car,0.7964684367179871
256,person,0.7783737778663635
256,person,0.7674042582511902
256,person,0.7433626651763916
256,person,0.7269625067710876
256,car,0.7227261662483215
256,person,0.6746463179588318
256,person,0.6419015526771545
256,person,0.6385388374328613
256,person,0.5651545524597168
256,person,0.5593132972717285
256,person,0.4283699691295624
256,person,0.31054091453552246
256,car,0.28871890902519226
257,person,0.8564745187759399
257,car,0.8324203491210938
257,person,0.7914148569107056
257,person,0.7817716002464294
257,person,0.7681121826171875
257,car,0.7604776620864868
257,person,0.7426508665084839
257,car,0.7264543175697327
257,person,0.6916054487228394
257,person,0.6524161696434021
257,person,0.6083294153213501
257,person,0.5890974998474121
257,person,0.5768729448318481
257,person,0.38492658734321594
257,car,0.2712631821632385
258,person,0.8419546484947205
258,car,0.8325441479682922
258,person,0.780592679977417
258,person,0.7801676392555237
258,person,0.7792718410491943
258,person,0.761098325252533
258,car,0.7579017877578735
258,person,0.7315894365310669
258,car,0.6960585713386536
258,person,0.6797395348548889
258,person,0.6228250861167908
258,person,0.6186612844467163
258,person,0.3927159607410431
258,person,0.36345919966697693
258,car,0.2952507734298706
258,car,0.25021034479141235
259,car,0.8397843837738037
259,person,0.8248087167739868
259,person,0.8016121983528137
259,person,0.7982306480407715
259,person,0.7857680916786194
259,car,0.7503491640090942
259,person,0.7289259433746338
259,person,0.7213219404220581
259,person,0.7045926451683044
259,person,0.6628356575965881
259,car,0.6469593048095703
259,person,0.5835208892822266
259,person,0.5173560976982117
259,person,0.41187357902526855
259,car,0.3098891079425812
259,car,0.25620460510253906
260,car,0.8280297517776489
260,person,0.801725447177887
260,person,0.7994339466094971
260,person,0.7945525646209717
260,person,0.7781926393508911
260,car,0.7512399554252625
260,person,0.7109893560409546
260,person,0.6929951310157776
260,person,0.6904700398445129
260,person,0.6696634888648987
260,person,0.5325460433959961
260,person,0.47151413559913635
260,car,0.47091373801231384
260,person,0.4543173313140869
260,car,0.27527639269828796
261,car,0.8281477093696594
261,person,0.8114777207374573
261,person,0.8010891079902649
261,person,0.8008348941802979
261,person,0.7872438430786133
261,car,0.7496161460876465
261,person,0.7326209545135498
261,person,0.7241891026496887
261,person,0.6830337643623352
261,person,0.6677097678184509
261,person,0.533362090587616
261,car,0.5151275396347046
261,person,0.4831986129283905
261,person,0.43339866399765015
261,car,0.2677905857563019
261,handbag,0.260358989238739
262,car,0.8290560245513916
262,person,0.826732873916626
262,person,0.7923567295074463
262,car,0.7729327082633972
262,person,0.7724062204360962
262,person,0.7608274221420288
262,person,0.7397120594978333
262,person,0.7201719880104065
262,person,0.7106625437736511
262,person,0.6762596964836121
262,person,0.6628999710083008
262,car,0.5205467939376831
262,person,0.36279550194740295
262,person,0.31761428713798523
262,car,0.2949945330619812
262,person,0.2691400647163391
263,person,0.8270676136016846
263,car,0.8265605568885803
263,person,0.8124127984046936
263,person,0.794184148311615
263,car,0.7920628786087036
263,person,0.7658998966217041
263,person,0.7519096732139587
263,person,0.7375150918960571
263,person,0.6937612891197205
263,person,0.673332154750824
263,person,0.6254567503929138
263,car,0.6153976917266846
263,car,0.3102365732192993
263,person,0.3050330579280853
263,person,0.27459004521369934
263,car,0.2719251215457916
263,car,0.2554517686367035
264,car,0.8306784629821777
264,person,0.8172702193260193
264,person,0.787513256072998
264,person,0.7804924249649048
264,car,0.7669031023979187
264,person,0.7617251873016357
264,person,0.7556527853012085
264,person,0.7405096888542175
264,person,0.7057384848594666
264,person,0.6866004467010498
264,car,0.6453685760498047
264,person,0.6261228322982788
264,person,0.32948803901672363
264,car,0.3015480041503906
264,car,0.2792971134185791
264,car,0.27135029435157776
265,person,0.8305554986000061
265,car,0.8236256837844849
265,person,0.8122909069061279
265,person,0.7769231796264648
265,person,0.7752640247344971
265,person,0.7639577984809875
265,car,0.7563896775245667
265,person,0.7173054218292236
265,person,0.7078014612197876
265,person,0.7039836049079895
265,person,0.6242026090621948
265,car,0.6215682625770569
265,person,0.3567723035812378
265,person,0.3246643841266632
265,car,0.2692309319972992
266,person,0.8393202424049377
266,person,0.8302971124649048
266,car,0.8210303783416748
266,person,0.7969146966934204
266,person,0.7899963855743408
266,person,0.7819637656211853
266,car,0.7562040686607361
266,person,0.7133909463882446
266,person,0.7044113278388977
266,person,0.6580035090446472
266,person,0.621811032295227
266,car,0.5304030179977417
266,person,0.33907774090766907
266,person,0.32718321681022644
266,car,0.26047027111053467
266,car,0.2549815773963928
266,car,0.2537054121494293
267,person,0.8312697410583496
267,person,0.8304679989814758
267,car,0.8211639523506165
267,person,0.7915979623794556
267,person,0.7846853137016296
267,person,0.7711842656135559
267,car,0.7257554531097412
267,person,0.7247294783592224
267,person,0.6971779465675354
267,person,0.6119993925094604
267,person,0.5020751357078552
267,car,0.4975551664829254
267,person,0.3195057511329651
267,person,0.3082083463668823
267,car,0.2650427520275116
267,person,0.26295071840286255
267,car,0.2596568465232849
268,person,0.8329080939292908
268,car,0.8254382014274597
268,person,0.8204938769340515
268,person,0.8138653039932251
268,person,0.7731209993362427
268,person,0.7697884440422058
268,person,0.7439775466918945
268,car,0.7222732901573181
268,person,0.6746928095817566
268,person,0.6083270311355591
268,car,0.5645331740379333
268,person,0.509285032749176
268,person,0.318077027797699
268,person,0.30107882618904114
268,person,0.2504531145095825
269,person,0.8315976858139038
269,car,0.8240457773208618
269,person,0.8152157664299011
269,person,0.7982118725776672
269,person,0.7798300981521606
269,person,0.7691554427146912
269,person,0.7344406247138977
269,car,0.6985758543014526
269,person,0.6682318449020386
269,car,0.6513249278068542
269,person,0.5921716690063477
269,person,0.48866358399391174
269,person,0.39253005385398865
269,person,0.28050607442855835
269,person,0.26363813877105713
270,car,0.8263790011405945
270,person,0.8137332201004028
270,person,0.8006442785263062
270,person,0.7845673561096191
270,person,0.7768522500991821
270,person,0.7668291330337524
270,person,0.7392334342002869
270,car,0.7237101197242737
270,person,0.6799120903015137
270,car,0.6680207252502441
270,person,0.6149545311927795
270,person,0.5303436517715454
270,person,0.4882862865924835
270,person,0.317736953496933
271,car,0.8221826553344727
271,person,0.8172101378440857
271,person,0.7940164804458618
271,person,0.7917444109916687
271,person,0.7664631009101868
271,person,0.7478204369544983
271,car,0.7366160154342651
271,person,0.7064696550369263
271,car,0.6701261401176453
271,person,0.6561359167098999
271,person,0.6359147429466248
271,person,0.5449507832527161
271,person,0.4441961646080017
271,person,0.2934941351413727
272,person,0.8330994844436646
272,car,0.8201150298118591
272,person,0.8045581579208374
272,person,0.8043939471244812
272,person,0.7644648551940918
272,person,0.7575480937957764
272,car,0.7510226964950562
272,person,0.7292893528938293
272,car,0.7202887535095215
272,person,0.70947265625
272,person,0.6275961399078369
272,person,0.6075417995452881
272,person,0.4001442492008209
272,person,0.3368358612060547
273,car,0.8291071057319641
273,person,0.8139364123344421
273,person,0.8042292594909668
273,person,0.7974410653114319
273,person,0.7698424458503723
273,car,0.7533189058303833
273,person,0.7455707788467407
273,person,0.7378250956535339
273,person,0.7157304286956787
273,car,0.6446313261985779
273,person,0.628997802734375
273,person,0.6141059994697571
273,person,0.5237177610397339
274,car,0.8198568224906921
274,person,0.8131207227706909
274,person,0.8079639077186584
274,person,0.773262619972229
274,person,0.7655548453330994
274,person,0.7587767839431763
274,person,0.7500442266464233
274,car,0.7484343647956848
274,person,0.7256875038146973
274,person,0.6502419114112854
274,person,0.6391135454177856
274,car,0.6387249827384949
274,person,0.6154375076293945
274,person,0.27474328875541687
275,car,0.8251867890357971
275,person,0.8146491646766663
275,person,0.7851312756538391
275,person,0.7768430709838867
275,person,0.7706595063209534
275,person,0.7554726600646973
275,person,0.7410820126533508
275,person,0.7404402494430542
275,car,0.7386839985847473
275,person,0.6753177046775818
275,person,0.6328583359718323
275,person,0.5694563388824463
275,car,0.5362190008163452
275,person,0.3029284179210663
275,person,0.2770772874355316
276,person,0.8216327428817749
276,car,0.8124146461486816
276,person,0.8032675385475159
276,person,0.7821504473686218
276,person,0.7724144458770752
276,car,0.7518252730369568
276,person,0.7437929511070251
276,person,0.7430942058563232
276,car,0.6926355361938477
276,person,0.6895829439163208
276,person,0.663336992263794
276,person,0.6202892065048218
276,person,0.5804907083511353
276,person,0.3054100573062897
276,person,0.29617369174957275
276,car,0.2744542956352234
276,car,0.27397000789642334
277,car,0.8155140280723572
277,person,0.8027251362800598
277,car,0.7854006290435791
277,person,0.7841597199440002
277,person,0.76036137342453
277,person,0.756478488445282
277,person,0.7394200563430786
277,person,0.7385924458503723
277,person,0.676772952079773
277,person,0.6718757748603821
277,car,0.6480786800384521
277,person,0.6285983324050903
277,person,0.6040561199188232
277,person,0.35609233379364014
277,person,0.3506270945072174
277,car,0.2869950830936432
278,person,0.8172573447227478
278,car,0.811565101146698
278,person,0.7991613149642944
278,car,0.7974589467048645
278,person,0.7697823643684387
278,person,0.762116551399231
278,person,0.7552483677864075
278,person,0.7273241877555847
278,person,0.7216078042984009
278,person,0.6901578903198242
278,person,0.6557467579841614
278,car,0.6474310755729675
278,person,0.6240555644035339
278,person,0.4344239830970764
278,person,0.3568860590457916
278,car,0.3127049207687378
278,car,0.26668259501457214
279,car,0.8092246651649475
279,person,0.8080576658248901
279,person,0.789447546005249
279,car,0.7844976782798767
279,person,0.755318284034729
279,person,0.7524170279502869
279,person,0.7495689392089844
279,person,0.7162588238716125
279,person,0.7105222344398499
279,person,0.6987616419792175
279,person,0.6730995178222656
279,person,0.6519572734832764
279,car,0.6340338587760925
279,person,0.432682067155838
279,car,0.2957812547683716
279,car,0.26833218336105347
279,person,0.2676237225532532
280,car,0.8023569583892822
280,person,0.7904660105705261
280,person,0.7764026522636414
280,car,0.769715428352356
280,person,0.7647190093994141
280,person,0.7624141573905945
280,person,0.7451450824737549
280,person,0.7326619029045105
280,person,0.732245683670044
280,person,0.6844161152839661
280,person,0.6755349040031433
280,car,0.62830650806427
280,person,0.6179532408714294
280,person,0.3579031527042389
280,car,0.3245890438556671
280,car,0.26454219222068787
281,car,0.8007698655128479
281,person,0.7870054244995117
281,person,0.7771593928337097
281,person,0.7742012739181519
281,person,0.7622835636138916
281,person,0.750947117805481
281,car,0.7441174983978271
281,person,0.7417178153991699
281,person,0.7289911508560181
281,person,0.6969234943389893
281,person,0.6911033391952515
281,person,0.6571239829063416
281,car,0.6384087800979614
281,person,0.3487647473812103
281,car,0.3485122621059418
281,person,0.29050976037979126
281,car,0.258206307888031
282,car,0.7992120385169983
282,person,0.7874050736427307
282,person,0.7722145318984985
282,person,0.7596017718315125
282,person,0.7395952939987183
282,car,0.7359501719474792
282,person,0.7263015508651733
282,person,0.725663423538208
282,person,0.7229523062705994
282,person,0.6990340352058411
282,person,0.6782518029212952
282,person,0.6687651872634888
282,car,0.6380780339241028
282,car,0.35760048031806946
282,person,0.3214896023273468
282,car,0.26378872990608215
282,person,0.25104743242263794
283,car,0.8027603626251221
283,person,0.7910287380218506
283,person,0.7679805755615234
283,car,0.7490535974502563
283,person,0.7418986558914185
283,person,0.7403167486190796
283,person,0.7207365036010742
283,person,0.7064302563667297
283,person,0.6920977234840393
283,person,0.6920565366744995
283,person,0.6837745904922485
283,person,0.6518272757530212
283,car,0.623693585395813
283,person,0.3608778417110443
283,car,0.3412075638771057
283,car,0.27860090136528015
283,car,0.2588977515697479
284,car,0.7959864139556885
284,person,0.7838040590286255
284,person,0.7812693119049072
284,person,0.766266942024231
284,person,0.7535151839256287
284,person,0.7281006574630737
284,car,0.720210611820221
284,person,0.7084399461746216
284,person,0.6888477206230164
284,person,0.6850041747093201
284,person,0.6784987449645996
284,person,0.671915590763092
284,car,0.6479540467262268
284,car,0.3365606665611267
284,car,0.29739242792129517
284,person,0.2813074588775635
284,car,0.2748259902000427
285,person,0.8085262775421143
285,car,0.7989650368690491
285,person,0.793234646320343
285,person,0.783417284488678
285,person,0.7713801264762878
285,person,0.7681131362915039
285,person,0.7075991034507751
285,person,0.7074957489967346
285,person,0.6957119703292847
285,car,0.6886686086654663
285,car,0.6611706018447876
285,person,0.6239340305328369
285,person,0.6175002455711365
285,person,0.3747091293334961
285,car,0.2989629805088043
285,car,0.28252625465393066
285,car,0.2763510048389435
286,person,0.809444010257721
286,person,0.8028938174247742
286,car,0.8016760349273682
286,person,0.7887281179428101
286,person,0.7869083285331726
286,person,0.7539182901382446
286,car,0.7306873798370361
286,person,0.7073996067047119
286,car,0.681955873966217
286,person,0.6817732453346252
286,person,0.6779206991195679
286,person,0.587257981300354
286,person,0.5782813429832458
286,person,0.39495953917503357
286,car,0.30144307017326355
286,car,0.2765965461730957
287,person,0.803701639175415
287,car,0.8020382523536682
287,person,0.7998170256614685
287,person,0.7882021069526672
287,person,0.7695445418357849
287,car,0.7650793790817261
287,person,0.7556905746459961
287,car,0.6997674107551575
287,person,0.6957012414932251
287,person,0.679211437702179
287,person,0.6738600730895996
287,person,0.561689019203186
287,person,0.5389434099197388
287,person,0.366012841463089
287,car,0.2993001639842987
287,car,0.27421432733535767
288,car,0.8006705045700073
288,person,0.7997591495513916
288,person,0.7874892354011536
288,person,0.7768997550010681
288,person,0.7673370838165283
288,person,0.7572711706161499
288,car,0.7418090105056763
288,person,0.7088475227355957
288,car,0.684578537940979
288,person,0.630340039730072
288,person,0.6192587614059448
288,person,0.5531994700431824
288,person,0.4266414940357208
288,person,0.34430554509162903
288,car,0.2965528964996338
288,car,0.2570260763168335
289,car,0.8070036768913269
289,person,0.7833221554756165
289,person,0.7672423124313354
289,person,0.7654030323028564
289,person,0.7514407634735107
289,person,0.7468105554580688
289,car,0.7258179187774658
289,car,0.7089820504188538
289,person,0.6865302324295044
289,person,0.6722113490104675
289,person,0.6677089929580688
289,person,0.6107285618782043
289,person,0.4372822344303131
289,person,0.4080788791179657
289,car,0.2786763310432434
290,car,0.7961205840110779
290,person,0.7807497382164001
290,person,0.7704983949661255
290,person,0.767318606376648
290,person,0.7552927136421204
290,person,0.747566282749176
290,car,0.7384348511695862
290,person,0.7007756233215332
290,person,0.693209171295166
290,person,0.665846049785614
290,car,0.6264863610267639
290,person,0.6180739402770996
290,person,0.47050294280052185
290,person,0.4614327847957611
290,car,0.2523365318775177
291,person,0.8079368472099304
291,car,0.7940618991851807
291,person,0.785714864730835
291,person,0.7432507276535034
291,person,0.7393782138824463
291,person,0.7377218008041382
291,car,0.7078655362129211
291,person,0.696212887763977
291,person,0.6952881217002869
291,car,0.695003092288971
291,person,0.6640368103981018
291,person,0.6526646018028259
291,person,0.5088343620300293
291,person,0.4793248772621155
292,person,0.7974603176116943
292,car,0.7917376756668091
292,person,0.7747609615325928
292,person,0.7632495760917664
292,person,0.7530636787414551
292,person,0.7431861162185669
292,car,0.7173129320144653
292,person,0.7114609479904175
292,car,0.6966361403465271
292,person,0.6949913501739502
292,person,0.6563127636909485
292,person,0.6063064932823181
292,person,0.5866110920906067
292,person,0.5550573468208313
292,person,0.2544770836830139
292,person,0.25290799140930176
293,person,0.8116207718849182
293,car,0.794559895992279
293,person,0.7885638475418091
293,person,0.7862587571144104
293,person,0.7730914354324341
293,car,0.7723514437675476
293,person,0.7340947985649109
293,person,0.7248607873916626
293,person,0.722257137298584
293,car,0.7100751996040344
293,person,0.693968653678894
293,person,0.6633773446083069
293,person,0.5622285008430481
293,person,0.4896133244037628
293,person,0.30969300866127014
294,person,0.8413694500923157
294,person,0.8065057396888733
294,car,0.7992238402366638
294,car,0.7888755798339844
294,person,0.7703875303268433
294,person,0.768894612789154
294,person,0.7282817959785461
294,person,0.7201868295669556
294,person,0.7174051403999329
294,car,0.7054711580276489
294,person,0.6824549436569214
294,person,0.6771071553230286
294,person,0.5674155354499817
294,person,0.4826720058917999
295,person,0.8429098129272461
295,car,0.8146712779998779
295,person,0.8101738691329956
295,car,0.8048243522644043
295,person,0.7581444382667542
295,person,0.7442430853843689
295,person,0.7416900992393494
295,person,0.7348158955574036
295,car,0.7202717065811157
295,person,0.6958600878715515
295,person,0.6804860830307007
295,person,0.6497836709022522
295,person,0.5620604753494263
295,person,0.5447526574134827
296,person,0.8720622062683105
296,car,0.8078647255897522
296,person,0.8061214685440063
296,car,0.7797520160675049
296,person,0.7667429447174072
296,person,0.7660827040672302
296,person,0.7403964400291443
296,person,0.7288548946380615
296,car,0.7190815210342407
296,person,0.7051181793212891
296,person,0.6926773190498352
296,person,0.6605460047721863
296,person,0.5369817018508911
296,person,0.5228747129440308
297,person,0.8572858572006226
297,person,0.800696611404419
297,car,0.7997428178787231
297,car,0.7948989868164062
297,person,0.7942624688148499
297,person,0.7701069712638855
297,person,0.7657464742660522
297,person,0.7600858211517334
297,car,0.7119386792182922
297,person,0.705222487449646
297,person,0.698029100894928
297,person,0.6391575336456299
297,person,0.5326648950576782
297,person,0.48530200123786926
298,person,0.8506647348403931
298,person,0.8163049817085266
298,car,0.8080555200576782
298,person,0.8019598126411438
298,car,0.7927120327949524
298,person,0.7723565697669983
298,person,0.7705540060997009
298,person,0.7681756019592285
298,person,0.7373079657554626
298,car,0.72386234998703
298,person,0.6672822833061218
298,person,0.6435002684593201
298,person,0.5146605372428894
298,person,0.4360800087451935
298,car,0.2659175992012024
299,person,0.8228113651275635
299,person,0.8106001019477844
299,car,0.8100876212120056
299,person,0.7928241491317749
299,car,0.7855584621429443
299,person,0.7757179737091064
299,person,0.7734795808792114
299,person,0.7691311836242676
299,person,0.7264129519462585
299,car,0.697316586971283
299,person,0.6824140548706055
299,person,0.6586685180664062
299,person,0.5379311442375183
299,person,0.530853271484375
299,car,0.30695271492004395
300,person,0.8103820085525513
300,car,0.7949534058570862
300,person,0.791647732257843
300,person,0.7908130288124084
300,person,0.7859424352645874
300,person,0.7850056290626526
300,car,0.7625452280044556
300,person,0.7414966821670532
300,person,0.7275290489196777
300,car,0.7181100845336914
300,person,0.7033659219741821
300,person,0.6404289603233337
300,person,0.623176097869873
300,person,0.5374326109886169
300,car,0.2788532078266144
301,person,0.8184283375740051
301,person,0.805082380771637
301,car,0.8024477362632751
301,person,0.7932679057121277
301,person,0.789168119430542
301,person,0.7849157452583313
301,car,0.7664329409599304
301,car,0.7435742020606995
301,person,0.7429518103599548
301,person,0.7322828769683838
301,person,0.7248210310935974
301,person,0.6749199032783508
301,person,0.6349812150001526
301,person,0.5729331374168396
301,person,0.3152990937232971
301,car,0.26204538345336914
302,person,0.8043532967567444
302,person,0.794274091720581
302,person,0.7884035706520081
302,person,0.7815564274787903
302,person,0.7737892866134644
302,car,0.7702239155769348
302,car,0.7596403956413269
302,car,0.7457783222198486
302,person,0.7376287579536438
302,person,0.731916069984436
302,person,0.727410078048706
302,person,0.6335844993591309
302,person,0.5771454572677612
302,person,0.5411671996116638
302,car,0.27505773305892944
302,person,0.2740981876850128
303,person,0.8034290671348572
303,person,0.7839683294296265
303,person,0.7824723720550537
303,person,0.7682561278343201
303,person,0.7647151350975037
303,person,0.7617775797843933
303,person,0.7383245229721069
303,car,0.7375695705413818
303,person,0.7368937134742737
303,car,0.7310857772827148
303,car,0.692014753818512
303,person,0.6773991584777832
303,person,0.5393890738487244
303,person,0.4966500997543335
303,person,0.25590088963508606
303,car,0.2551855742931366
304,person,0.7989173531532288
304,person,0.7944068312644958
304,person,0.7825589776039124
304,car,0.7814185619354248
304,person,0.7655908465385437
304,person,0.7589491605758667
304,car,0.749427080154419
304,person,0.734513521194458
304,person,0.7246388792991638
304,car,0.7218642830848694
304,person,0.7147019505500793
304,person,0.6971178650856018
304,person,0.5307502150535583
304,person,0.48244261741638184
304,car,0.2639288604259491
304,person,0.25927504897117615
305,person,0.7917454242706299
305,car,0.7884573340415955
305,person,0.7800469994544983
305,person,0.779133677482605
305,person,0.7562115788459778
305,car,0.7523042559623718
305,car,0.7503846287727356
305,person,0.7311276793479919
305,person,0.7108096480369568
305,person,0.7045797109603882
305,person,0.7039455771446228
305,person,0.6298006772994995
305,person,0.5005220174789429
305,person,0.3913656175136566
305,person,0.26944634318351746
306,car,0.8139932155609131
306,person,0.8032662868499756
306,person,0.8017822504043579
306,person,0.7929017543792725
306,car,0.7760255336761475
306,person,0.7526121735572815
306,person,0.7388160824775696
306,person,0.722711980342865
306,car,0.7224660515785217
306,person,0.6891012191772461
306,person,0.6671172380447388
306,person,0.5289337635040283
306,person,0.5203814506530762
306,person,0.4055555760860443
306,person,0.2676011025905609
306,person,0.2514309883117676
307,car,0.824268102645874
307,person,0.8114786148071289
307,person,0.8051139712333679
307,car,0.7917866110801697
307,car,0.7669467329978943
307,person,0.7650328874588013
307,person,0.7413098216056824
307,person,0.7391700744628906
307,person,0.7102546691894531
307,person,0.6770753860473633
307,person,0.6506339311599731
307,person,0.613395094871521
307,person,0.549547016620636
307,person,0.32864028215408325
307,person,0.3169007897377014
308,person,0.8253948092460632
308,car,0.8168386816978455
308,car,0.8055755496025085
308,person,0.8042358756065369
308,car,0.7935432195663452
308,person,0.7647606134414673
308,person,0.7278661727905273
308,person,0.7265719771385193
308,person,0.7153833508491516
308,person,0.6663509011268616
308,person,0.6320132613182068
308,person,0.62455153465271
308,person,0.5732535719871521
308,person,0.42043861746788025
308,person,0.3584446310997009
309,car,0.8380151391029358
309,car,0.8175668716430664
309,person,0.8062177896499634
309,person,0.8037514686584473
309,car,0.7903226613998413
309,person,0.7750195860862732
309,person,0.7618523240089417
309,person,0.7346510887145996
309,person,0.6841965317726135
309,person,0.6729462146759033
309,person,0.6523482799530029
309,person,0.6255497336387634
309,person,0.5492984056472778
309,person,0.48522743582725525
309,person,0.3671365976333618
309,person,0.32039743661880493
309,handbag,0.2612989842891693
310,car,0.8440321683883667
310,car,0.8214097619056702
310,person,0.8072635531425476
310,person,0.7887251973152161
310,car,0.7848920226097107
310,person,0.7743767499923706
310,person,0.7600725889205933
310,person,0.734714686870575
310,person,0.7075445055961609
310,person,0.6950967311859131
310,person,0.6153841614723206
310,person,0.6072942614555359
310,person,0.5031828880310059
310,person,0.45426061749458313
310,person,0.4067361652851105
310,handbag,0.2698099613189697
311,car,0.828335702419281
311,car,0.8137897253036499
311,person,0.7931849360466003
311,car,0.7865613698959351
311,person,0.7743158340454102
311,person,0.7626241445541382
311,person,0.7303017973899841
311,person,0.7283930778503418
311,person,0.6931060552597046
311,person,0.6769134402275085
311,person,0.6593007445335388
311,person,0.5816552639007568
311,person,0.4916682541370392
311,person,0.48676058650016785
311,person,0.37263038754463196
311,handbag,0.2999720871448517
312,car,0.8000467419624329
312,car,0.799663245677948
312,person,0.7866439819335938
312,car,0.7814865708351135
312,person,0.7713587284088135
312,person,0.7624708414077759
312,person,0.7583401203155518
312,person,0.7514049410820007
312,person,0.735377311706543
312,person,0.6629087328910828
312,person,0.6417369246482849
312,person,0.535397469997406
312,person,0.4630836248397827
312,person,0.3986920416355133
312,person,0.26683682203292847
313,person,0.7925673127174377
313,person,0.790004312992096
313,car,0.7890805602073669
313,car,0.7883127927780151
313,person,0.7847265005111694
313,person,0.7728819251060486
313,person,0.7563297748565674
313,car,0.753396213054657
313,person,0.7477577328681946
313,person,0.6438526511192322
313,person,0.616875171661377
313,person,0.5367227792739868
313,person,0.5233741402626038
313,person,0.38363221287727356
313,person,0.30384111404418945
314,person,0.8164481520652771
314,car,0.7967092990875244
314,car,0.7942895293235779
314,person,0.7879103422164917
314,person,0.7844658493995667
314,person,0.7712205648422241
314,person,0.768461287021637
314,person,0.7572212815284729
314,car,0.7354912161827087
314,person,0.6469853520393372
314,person,0.625744640827179
314,person,0.5405325293540955
314,person,0.5171947479248047
314,person,0.4471246302127838
314,person,0.33527857065200806
314,handbag,0.27770939469337463
315,car,0.8045112490653992
315,person,0.8025780916213989
315,car,0.7956913709640503
315,person,0.7949317693710327
315,person,0.7938863635063171
315,person,0.7684263586997986
315,person,0.754031240940094
315,person,0.7385632991790771
315,car,0.718630850315094
315,person,0.6457462310791016
315,person,0.6429988741874695
315,person,0.5369361042976379
315,person,0.5079957842826843
315,person,0.3937040865421295
315,person,0.38109228014945984
315,person,0.26337283849716187
316,car,0.8203338980674744
316,person,0.8014759421348572
316,person,0.8001025319099426
316,person,0.7991453409194946
316,car,0.7977563738822937
316,person,0.77605140209198
316,person,0.7657825946807861
316,person,0.7535018920898438
316,car,0.7155327200889587
316,person,0.6590372323989868
316,person,0.6346442103385925
316,person,0.5763980746269226
316,person,0.5399144887924194
316,person,0.4284731149673462
316,person,0.3697751760482788
316,person,0.31574445962905884
316,person,0.28148072957992554
317,car,0.8364935517311096
317,person,0.809516191482544
317,person,0.8025550842285156
317,car,0.7993168234825134
317,person,0.7924115657806396
317,person,0.7632544040679932
317,person,0.7368958592414856
317,person,0.7351598143577576
317,car,0.7117070555686951
317,person,0.6687886714935303
317,person,0.6531248092651367
317,person,0.5671091079711914
317,person,0.5462863445281982
317,person,0.3849634528160095
317,person,0.36782827973365784
317,person,0.30766725540161133
318,car,0.8436304926872253
318,car,0.810132622718811
318,person,0.8089193105697632
318,person,0.8023076057434082
318,person,0.7939729690551758
318,person,0.7467043399810791
318,person,0.7303645610809326
318,person,0.7213047742843628
318,person,0.7075319886207581
318,person,0.6963282823562622
318,car,0.6769065856933594
318,person,0.5886330008506775
318,person,0.5410712957382202
318,person,0.5157485008239746
318,person,0.4319782555103302
318,person,0.295289009809494
318,person,0.2820180356502533
319,car,0.8402557373046875
319,person,0.811718225479126
319,person,0.8026622533798218
319,person,0.8022364377975464
319,car,0.7953410148620605
319,person,0.7372961044311523
319,person,0.719387412071228
319,person,0.707450807094574
319,person,0.6951845288276672
319,person,0.6793075203895569
319,car,0.6231021285057068
319,person,0.5796722173690796
319,person,0.5787903070449829
319,person,0.5686362385749817
319,person,0.46698299050331116
320,car,0.8449621796607971
320,car,0.7998014092445374
320,person,0.7968778610229492
320,person,0.7890014052391052
320,person,0.7746533751487732
320,person,0.7331029176712036
320,person,0.7092787027359009
320,person,0.7029076814651489
320,person,0.7021478414535522
320,person,0.6700187921524048
320,person,0.6193208694458008
320,car,0.6068100929260254
320,person,0.5730589628219604
320,person,0.5605934262275696
320,person,0.4820007383823395
320,car,0.25500398874282837
321,car,0.8504289388656616
321,car,0.8060575723648071
321,person,0.7748782634735107
321,person,0.7704582810401917
321,person,0.7683719396591187
321,person,0.754601001739502
321,person,0.7473937273025513
321,person,0.7377964854240417
321,person,0.7250279188156128
321,person,0.6287832260131836
321,person,0.5992052555084229
321,person,0.5805193185806274
321,car,0.5797394514083862
321,person,0.4914138913154602
321,person,0.48169010877609253
321,person,0.2786480188369751
321,car,0.2656714916229248
322,car,0.8468440175056458
322,car,0.8076093792915344
322,person,0.781871497631073
322,person,0.7695560455322266
322,person,0.7657028436660767
322,person,0.7436503767967224
322,person,0.7373322248458862
322,person,0.732791543006897
322,person,0.7093936204910278
322,person,0.6479724049568176
322,person,0.640753448009491
322,person,0.6253332495689392
322,car,0.5565284490585327
322,person,0.5440176725387573
322,person,0.510873556137085
322,person,0.3124057948589325
322,car,0.27500611543655396
323,car,0.852755069732666
323,car,0.7995847463607788
323,person,0.7956551909446716
323,person,0.7770933508872986
323,person,0.732257068157196
323,person,0.725185215473175
323,person,0.7249453663825989
323,person,0.7229812145233154
323,person,0.698996365070343
323,car,0.6981518268585205
323,person,0.6877377033233643
323,person,0.6738803386688232
323,person,0.6473444700241089
323,person,0.5971336364746094
323,person,0.5097185373306274
323,person,0.29666799306869507
323,car,0.2710837721824646
324,car,0.8493784070014954
324,car,0.7930965423583984
324,person,0.7886357307434082
324,person,0.7659642100334167
324,person,0.7566454410552979
324,car,0.7553200125694275
324,person,0.7174764275550842
324,person,0.7154209017753601
324,person,0.7033498287200928
324,person,0.7023308873176575
324,person,0.6514298915863037
324,person,0.6482424736022949
324,person,0.6476052403450012
324,person,0.5894474983215332
324,person,0.4429575502872467
324,car,0.2979322373867035
324,car,0.2675527036190033
325,car,0.8630146980285645
325,person,0.810368537902832
325,car,0.7945488095283508
325,car,0.7596599459648132
325,person,0.7487825751304626
325,person,0.7396785020828247
325,person,0.7356063723564148
325,person,0.7305088639259338
325,person,0.7297310829162598
325,person,0.717608630657196
325,person,0.6570356488227844
325,person,0.6455560326576233
325,person,0.6399050951004028
325,person,0.5982158780097961
325,person,0.45617344975471497
325,car,0.2855324149131775
325,car,0.2728651165962219
325,car,0.2593851387500763
325,car,0.25162559747695923
326,car,0.8440907001495361
326,person,0.7951359748840332
326,car,0.7885023355484009
326,person,0.7790031433105469
326,car,0.7722983956336975
326,person,0.729698896408081
326,person,0.7181058526039124
326,person,0.7152668237686157
326,person,0.710740864276886
326,person,0.7076861262321472
326,person,0.670896053314209
326,person,0.6705635190010071
326,person,0.6380525231361389
326,person,0.6127497553825378
326,person,0.528500497341156
326,car,0.3365399241447449
326,car,0.28324177861213684
326,car,0.26927924156188965
326,car,0.258346289396286
327,car,0.8442307114601135
327,person,0.8238987326622009
327,car,0.7945963144302368
327,car,0.7928370833396912
327,person,0.7832385897636414
327,person,0.7271054983139038
327,person,0.7212400436401367
327,person,0.7194010615348816
327,person,0.7041510939598083
327,person,0.683720052242279
327,person,0.6600233912467957
327,person,0.6566511392593384
327,person,0.6560918688774109
327,person,0.6006330251693726
327,person,0.4722331464290619
327,person,0.3493098020553589
327,car,0.3486676812171936
327,car,0.2916916608810425
327,car,0.2852078378200531
327,car,0.2559259235858917
328,person,0.8206894993782043
328,car,0.8174450993537903
328,person,0.8045558333396912
328,car,0.7980192303657532
328,car,0.7826908230781555
328,person,0.7446430325508118
328,person,0.7163856029510498
328,person,0.7140673995018005
328,person,0.6934940218925476
328,person,0.6835822463035583
328,person,0.6835141777992249
328,person,0.6732609272003174
328,person,0.6428461074829102
328,person,0.6308960318565369
328,person,0.5142548680305481
328,car,0.3581562638282776
328,person,0.2958449721336365
328,car,0.26187261939048767
329,car,0.830592155456543
329,car,0.8227251172065735
329,person,0.8110636472702026
329,car,0.8087132573127747
329,person,0.769268274307251
329,person,0.7632775902748108
329,person,0.7335792779922485
329,person,0.7217708230018616
329,person,0.7079477310180664
329,person,0.6924397349357605
329,person,0.6860592365264893
329,person,0.6850625276565552
329,person,0.6681351661682129
329,person,0.665742039680481
329,person,0.551831066608429
329,person,0.4340204894542694
329,car,0.34257271885871887
329,car,0.2759801149368286
329,car,0.25393912196159363
330,car,0.8330090641975403
330,car,0.8322716951370239
330,car,0.8208231925964355
330,person,0.8067172169685364
330,person,0.7524802684783936
330,person,0.7478293776512146
330,person,0.7328960299491882
330,person,0.7243163585662842
330,person,0.7152059674263
330,person,0.7086459398269653
330,person,0.704104483127594
330,person,0.6744804382324219
330,person,0.6700012683868408
330,person,0.6400548815727234
330,person,0.5832269787788391
330,person,0.39757007360458374
330,person,0.3379378914833069
330,car,0.33533480763435364
330,car,0.2859404981136322
330,car,0.2689448893070221
331,car,0.8427198529243469
331,car,0.8341444730758667
331,car,0.8269283175468445
331,person,0.7782223224639893
331,person,0.7596303820610046
331,person,0.7484952807426453
331,person,0.7458628416061401
331,person,0.742570161819458
331,person,0.720164954662323
331,person,0.7040611505508423
331,person,0.6982377767562866
331,person,0.6824072599411011
331,person,0.656859815120697
331,person,0.6521010994911194
331,person,0.6035295724868774
331,car,0.34239640831947327
331,person,0.3405272662639618
331,car,0.28782597184181213
331,car,0.27501383423805237
332,car,0.8318405747413635
332,car,0.8238775134086609
332,car,0.8208070397377014
332,person,0.789447546005249
332,person,0.7691749334335327
332,person,0.7597984671592712
332,person,0.7235729098320007
332,person,0.7187268137931824
332,person,0.7152007222175598
332,person,0.7055764198303223
332,person,0.6937537789344788
332,person,0.6918448209762573
332,person,0.686780571937561
332,person,0.6558576226234436
332,person,0.5867210030555725
332,person,0.3246532380580902
332,car,0.3228425681591034
332,car,0.26019108295440674
333,car,0.8436983823776245
333,car,0.8374778628349304
333,car,0.8182723522186279
333,person,0.7807407379150391
333,person,0.7734520435333252
333,person,0.756415605545044
333,person,0.7272392511367798
333,person,0.7241984605789185
333,person,0.7207095623016357
333,person,0.6896694302558899
333,person,0.6785523891448975
333,person,0.6644718647003174
333,person,0.6626750230789185
333,person,0.6138436198234558
333,person,0.594789445400238
333,person,0.4052375257015228
333,car,0.3112177848815918
333,person,0.30066826939582825
333,car,0.25282371044158936
334,car,0.8437404632568359
334,car,0.83555668592453
334,car,0.8255922198295593
334,person,0.7938564419746399
334,person,0.7863444685935974
334,person,0.7697833180427551
334,person,0.7434525489807129
334,person,0.7406242489814758
334,person,0.7347504496574402
334,person,0.6924980878829956
334,person,0.6854428648948669
334,person,0.6673452258110046
334,person,0.6356374621391296
334,person,0.6231574416160583
334,person,0.5690807700157166
334,person,0.49058952927589417
334,car,0.29890960454940796
335,car,0.8433891534805298
335,car,0.834373950958252
335,car,0.819607138633728
335,person,0.809451162815094
335,person,0.8043203353881836
335,person,0.776151180267334
335,person,0.7480145692825317
335,person,0.746691107749939
335,person,0.719779372215271
335,person,0.6996844410896301
335,person,0.6679873466491699
335,person,0.661891520023346
335,person,0.6425382494926453
335,person,0.6306817531585693
335,person,0.604168176651001
335,person,0.44366300106048584
335,car,0.2905736565589905
336,car,0.8323419094085693
336,person,0.8252385258674622
336,car,0.8225202560424805
336,person,0.8145937919616699
336,car,0.8100178241729736
336,person,0.7525538206100464
336,person,0.751106321811676
336,person,0.749008297920227
336,person,0.7449648380279541
336,person,0.7182780504226685
336,person,0.7082564234733582
336,person,0.6920551657676697
336,person,0.6660891771316528
336,person,0.6591142416000366
336,person,0.601789116859436
336,person,0.49615278840065
336,car,0.2663992941379547
337,person,0.8283677101135254
337,car,0.8189748525619507
337,car,0.8183836340904236
337,car,0.8039087057113647
337,person,0.8006135821342468
337,person,0.7741180062294006
337,person,0.7478110790252686
337,person,0.7472211718559265
337,person,0.7460812926292419
337,person,0.7272495031356812
337,person,0.6765515804290771
337,person,0.6722894906997681
337,person,0.6656955480575562
337,person,0.6603914499282837
337,person,0.6036667823791504
337,person,0.45406851172447205
337,car,0.2647959887981415
338,person,0.8356587290763855
338,person,0.8249571323394775
338,car,0.8040645718574524
338,car,0.8036311268806458
338,car,0.8025673627853394
338,person,0.7430726289749146
338,person,0.738213300704956
338,person,0.7368119359016418
338,person,0.7277480959892273
338,person,0.7068939805030823
338,person,0.6546812653541565
338,person,0.6531186699867249
338,person,0.6405171155929565
338,person,0.6256362199783325
338,person,0.5802461504936218
338,person,0.42817533016204834
339,person,0.8475323915481567
339,car,0.8258264660835266
339,car,0.8085228204727173
339,person,0.8083371520042419
339,car,0.7971072196960449
339,person,0.7674023509025574
339,person,0.7424125075340271
339,person,0.7266411185264587
339,person,0.7190452814102173
339,person,0.706547200679779
339,person,0.6591567397117615
339,person,0.6472606658935547
339,person,0.6246427297592163
339,person,0.6058913469314575
339,person,0.6025431156158447
339,person,0.43443018198013306
340,person,0.8562849760055542
340,car,0.8361554145812988
340,car,0.8075723648071289
340,person,0.7899590134620667
340,car,0.7854581475257874
340,person,0.764426052570343
340,person,0.7581961154937744
340,person,0.7374762296676636
340,person,0.7305827736854553
340,person,0.676369845867157
340,person,0.6732704043388367
340,person,0.6496089100837708
340,person,0.6201073527336121
340,person,0.5968250036239624
340,person,0.572899341583252
340,person,0.5346717834472656
341,person,0.8549628257751465
341,car,0.8463101983070374
341,person,0.8180447220802307
341,car,0.8107970952987671
341,person,0.7698121070861816
341,person,0.7581635117530823
341,person,0.7455917596817017
341,person,0.7402034401893616
341,person,0.7087727189064026
341,car,0.6610375642776489
341,person,0.6375405192375183
341,person,0.6194309592247009
341,person,0.6076490879058838
341,person,0.5901310443878174
341,person,0.5129163265228271
341,person,0.47292086482048035
342,car,0.8700590133666992
342,person,0.8476066589355469
342,car,0.8238869309425354
342,person,0.7925928831100464
342,person,0.7701199054718018
342,person,0.7700013518333435
342,person,0.7676666975021362
342,person,0.7403351664543152
342,person,0.7103297710418701
342,car,0.6415903568267822
342,person,0.627677857875824
342,person,0.6256099939346313
342,person,0.6025576591491699
342,person,0.5922707319259644
342,person,0.4961213171482086
342,person,0.49078425765037537
343,car,0.8686713576316833
343,car,0.8233842253684998
343,person,0.8050137758255005
343,person,0.7960660457611084
343,person,0.7823054194450378
343,person,0.7789665460586548
343,person,0.766956627368927
343,person,0.7166195511817932
343,person,0.6957425475120544
343,person,0.6169561147689819
343,car,0.6145794987678528
343,person,0.6125685572624207
343,person,0.6094232797622681
343,person,0.5721956491470337
343,person,0.4620797634124756
343,person,0.45591434836387634
343,person,0.30636337399482727
344,car,0.8657111525535583
344,car,0.8226861953735352
344,person,0.8146145343780518
344,person,0.8020063638687134
344,person,0.7858015894889832
344,person,0.782870888710022
344,person,0.7726129293441772
344,person,0.7426587343215942
344,car,0.7416637539863586
344,person,0.6893764138221741
344,person,0.6624650359153748
344,person,0.6571305394172668
344,person,0.6538884043693542
344,person,0.5762229561805725
344,person,0.5030514001846313
344,person,0.45160213112831116
345,car,0.848794162273407
345,car,0.8292474746704102
345,person,0.8224380016326904
345,person,0.815484344959259
345,person,0.7800894975662231
345,person,0.7727943658828735
345,person,0.7714174389839172
345,car,0.7524901032447815
345,person,0.7499155402183533
345,person,0.695691704750061
345,person,0.6832715272903442
345,person,0.6504205465316772
345,person,0.6448794007301331
345,person,0.6354479789733887
345,person,0.5296095609664917
345,person,0.46083125472068787
346,car,0.8389481902122498
346,car,0.8309546113014221
346,person,0.8170668482780457
346,person,0.80339515209198
346,person,0.7974753379821777
346,person,0.7795454859733582
346,person,0.7655201554298401
346,person,0.7632646560668945
346,car,0.745934247970581
346,person,0.7216911911964417
346,person,0.6903578639030457
346,person,0.6753409504890442
346,person,0.6677789092063904
346,person,0.6132931709289551
346,person,0.5121411085128784
346,person,0.48722022771835327
347,car,0.8458520770072937
347,person,0.8209749460220337
347,person,0.817015528678894
347,car,0.8119457960128784
347,person,0.8041985630989075
347,person,0.7988395690917969
347,person,0.7788302898406982
347,person,0.7765780687332153
347,person,0.7467413544654846
347,car,0.7409642338752747
347,person,0.7162482738494873
347,person,0.6979721188545227
347,person,0.6812325716018677
347,person,0.6753155589103699
347,person,0.538031280040741
347,person,0.47413548827171326
348,car,0.84624844789505
348,person,0.8418743014335632
348,person,0.8216027021408081
348,person,0.8058802485466003
348,person,0.7959902882575989
348,car,0.7920117378234863
348,person,0.791353702545166
348,person,0.7856273651123047
348,car,0.7553977966308594
348,person,0.7503740191459656
348,person,0.6982966065406799
348,person,0.6922357678413391
348,person,0.6868835091590881
348,person,0.6492691040039062
348,person,0.55269855260849
348,person,0.47219380736351013
348,car,0.2519777715206146
349,car,0.8481952548027039
349,person,0.8433205485343933
349,person,0.8176572918891907
349,person,0.8095647692680359
349,car,0.8061057925224304
349,person,0.7942923903465271
349,car,0.7864919900894165
349,person,0.7777959704399109
349,person,0.7746428847312927
349,person,0.7199392318725586
349,person,0.713887631893158
349,person,0.7051892280578613
349,person,0.6667077541351318
349,person,0.6479342579841614
349,person,0.6201419830322266
349,person,0.5514338612556458
349,handbag,0.27854374051094055
349,car,0.25119295716285706
350,car,0.8442287445068359
350,person,0.8333078026771545
350,car,0.8105856776237488
350,person,0.8066821098327637
350,person,0.8043152093887329
350,car,0.7993213534355164
350,person,0.7929383516311646
350,person,0.7825281023979187
350,person,0.7217676043510437
350,person,0.7129594087600708
350,person,0.7060681581497192
350,person,0.7013112902641296
350,person,0.6471909284591675
350,person,0.6450678706169128
350,person,0.5777142643928528
350,person,0.5084929466247559
350,car,0.2903262972831726
351,car,0.8444129824638367
351,person,0.8195439577102661
351,car,0.8137407898902893
351,person,0.8126434683799744
351,car,0.8111281394958496
351,person,0.8066332936286926
351,person,0.7982127666473389
351,person,0.774786114692688
351,person,0.7283880710601807
351,person,0.7229463458061218
351,person,0.718879759311676
351,person,0.7030041217803955
351,person,0.6745692491531372
351,person,0.6529647707939148
351,person,0.6306872367858887
351,person,0.5372980833053589
351,car,0.2942124009132385
352,car,0.8385280966758728
352,car,0.8258410692214966
352,person,0.8219344019889832
352,person,0.819353461265564
352,person,0.8154042959213257
352,car,0.8139790296554565
352,person,0.806254506111145
352,person,0.7637446522712708
352,person,0.759267270565033
352,person,0.7106134295463562
352,person,0.7014492750167847
352,person,0.6812555193901062
352,person,0.6660597324371338
352,person,0.6634215116500854
352,person,0.635337769985199
352,person,0.5101310610771179
352,car,0.27644723653793335
353,car,0.8403599262237549
353,car,0.8190264105796814
353,person,0.816305935382843
353,car,0.8136646747589111
353,person,0.8061318397521973
353,person,0.7972478270530701
353,person,0.7963255643844604
353,person,0.7953651547431946
353,person,0.7416487336158752
353,person,0.7146552801132202
353,person,0.7108564376831055
353,person,0.66525799036026
353,person,0.6447385549545288
353,person,0.6325168609619141
353,person,0.6078389286994934
353,person,0.47381627559661865
353,car,0.2652357816696167
354,car,0.8391241431236267
354,person,0.834203839302063
354,car,0.8211610913276672
354,person,0.8138675689697266
354,person,0.8002448081970215
354,person,0.7895036339759827
354,car,0.7884947061538696
354,person,0.7685032486915588
354,person,0.7477996349334717
354,person,0.7185624837875366
354,person,0.712280809879303
354,person,0.7042117118835449
354,person,0.6772722005844116
354,person,0.5803290605545044
354,person,0.5723507404327393
354,person,0.4541117250919342
355,car,0.8429063558578491
355,person,0.8273074626922607
355,car,0.8195835947990417
355,person,0.8193326592445374
355,person,0.796298086643219
355,person,0.7949464321136475
355,car,0.7824667692184448
355,person,0.7789006233215332
355,person,0.7708439826965332
355,person,0.7323094010353088
355,person,0.7060143947601318
355,person,0.692229688167572
355,person,0.6663510203361511
355,person,0.6292904615402222
355,person,0.5750366449356079
355,person,0.45609331130981445
356,car,0.8423557281494141
356,car,0.8403925895690918
356,person,0.8257319927215576
356,person,0.806587278842926
356,car,0.8029670715332031
356,person,0.7935672998428345
356,person,0.7695011496543884
356,person,0.7563394904136658
356,person,0.7227780222892761
356,person,0.7114000916481018
356,person,0.7018992304801941
356,person,0.6810226440429688
356,person,0.6685945391654968
356,person,0.6332253217697144
356,person,0.5354735851287842
356,person,0.4938298165798187
357,car,0.843953549861908
357,car,0.8420661091804504
357,person,0.8177834749221802
357,person,0.8175768256187439
357,person,0.8091674447059631
357,car,0.8008121252059937
357,person,0.7698453068733215
357,person,0.7556853890419006
357,person,0.7430838942527771
357,person,0.7365425229072571
357,person,0.7181066870689392
357,person,0.7127924561500549
357,person,0.6296485066413879
357,person,0.6295521855354309
357,person,0.5600212216377258
357,person,0.5356774926185608
358,car,0.8697328567504883
358,car,0.8435249924659729
358,person,0.8262700438499451
358,person,0.8232014775276184
358,person,0.820589542388916
358,car,0.796064555644989
358,person,0.7884241342544556
358,person,0.7624844312667847
358,person,0.7460294961929321
358,person,0.7365022301673889
358,person,0.7168132662773132
358,person,0.7130051255226135
358,person,0.6445578336715698
358,person,0.6264529824256897
358,person,0.5959257483482361
358,person,0.5809199213981628
358,car,0.29356566071510315
358,car,0.259396493434906
359,car,0.8581717014312744
359,car,0.8396866321563721
359,person,0.8375236988067627
359,person,0.8120015859603882
359,person,0.8051882982254028
359,car,0.8004229068756104
359,person,0.7823150753974915
359,person,0.7522417902946472
359,person,0.740729808807373
359,person,0.7219372391700745
359,person,0.716087281703949
359,person,0.7095176577568054
359,person,0.6657875776290894
359,person,0.5966961979866028
359,person,0.5929559469223022
359,person,0.5781189799308777
359,car,0.2849847078323364
359,car,0.2593366205692291
360,car,0.8569501638412476
360,car,0.846535325050354
360,person,0.823499321937561
360,car,0.8189589381217957
360,person,0.8087612986564636
360,person,0.794003427028656
360,person,0.7451690435409546
360,person,0.7424768805503845
360,person,0.7326651811599731
360,person,0.7139147520065308
360,person,0.6984708905220032
360,person,0.6965736150741577
360,person,0.6819077134132385
360,person,0.6060954928398132
360,person,0.5976359248161316
360,person,0.5718117356300354
360,car,0.26231712102890015
360,car,0.25691717863082886
361,car,0.8695643544197083
361,car,0.8418520092964172
361,person,0.8306854963302612
361,person,0.8146213889122009
361,person,0.7985274791717529
361,car,0.7836365103721619
361,person,0.7333642244338989
361,person,0.7204901576042175
361,person,0.712037205696106
361,person,0.7072855830192566
361,person,0.6978917717933655
361,person,0.6900894045829773
361,person,0.672198474407196
361,person,0.5859465003013611
361,person,0.5672413110733032
361,person,0.5089834928512573
362,car,0.8705886006355286
362,car,0.8455464243888855
362,person,0.8219826817512512
362,person,0.8210917115211487
362,car,0.8003407716751099
362,person,0.7816661596298218
362,person,0.7428064346313477
362,person,0.7327420115470886
362,person,0.7187511324882507
362,person,0.7140112519264221
362,person,0.7035588026046753
362,person,0.6874576210975647
362,person,0.6811742782592773
362,person,0.6062490940093994
362,person,0.5897437930107117
362,person,0.46904855966567993
362,person,0.40870583057403564
362,handbag,0.2817348837852478
362,car,0.2588905096054077
363,car,0.8694611191749573
363,car,0.8436266779899597
363,person,0.813651442527771
363,person,0.8111621141433716
363,car,0.7845305800437927
363,person,0.7484517097473145
363,person,0.7410740256309509
363,person,0.7215572595596313
363,person,0.7010915279388428
363,person,0.6880996227264404
363,person,0.6864386200904846
363,person,0.6857773661613464
363,person,0.6807770133018494
363,person,0.5840686559677124
363,person,0.5009523630142212
363,person,0.4723728597164154
363,person,0.43407100439071655
364,car,0.872704803943634
364,car,0.8422802090644836
364,person,0.8140471577644348
364,person,0.8070579767227173
364,person,0.7712446451187134
364,person,0.7659603953361511
364,person,0.7331727743148804
364,person,0.7295328378677368
364,person,0.7271589636802673
364,person,0.7240961194038391
364,car,0.7061941623687744
364,person,0.682362973690033
364,person,0.6481160521507263
364,person,0.5878015160560608
364,person,0.5785699486732483
364,person,0.4113980233669281
364,handbag,0.2881401777267456
365,car,0.8703094124794006
365,car,0.8428503274917603
365,person,0.8085277676582336
365,person,0.7980082035064697
365,person,0.7893446087837219
365,person,0.7429743409156799
365,car,0.7325835824012756
365,person,0.7295079231262207
365,person,0.7214709520339966
365,person,0.7119309306144714
365,person,0.7046738266944885
365,person,0.6812335848808289
365,person,0.6762791275978088
365,person,0.6200779676437378
365,person,0.5810309648513794
365,person,0.5222463607788086
366,car,0.868401288986206
366,car,0.844194769859314
366,person,0.8266971111297607
366,person,0.8083609342575073
366,person,0.7904981374740601
366,person,0.741041362285614
366,person,0.7345084547996521
366,car,0.727425754070282
366,person,0.714853823184967
366,person,0.7000665664672852
366,person,0.699487030506134
366,person,0.6958227157592773
366,person,0.6719956398010254
366,person,0.6633208990097046
366,person,0.6449940204620361
366,person,0.5755505561828613
366,car,0.2738080620765686
366,car,0.2576236128807068
367,car,0.8557916283607483
367,car,0.8427951335906982
367,person,0.8420703411102295
367,person,0.8069992661476135
367,person,0.7798377871513367
367,person,0.7330809831619263
367,person,0.7280659079551697
367,person,0.7222665548324585
367,person,0.721300482749939
367,car,0.7208680510520935
367,person,0.6969298124313354
367,person,0.6941330432891846
367,person,0.6743162870407104
367,person,0.6629629135131836
367,person,0.6400935649871826
367,person,0.5407505035400391
367,car,0.2516945004463196
368,car,0.8498415946960449
368,car,0.8418056964874268
368,person,0.8309714198112488
368,person,0.7988662719726562
368,person,0.7724584937095642
368,person,0.7380056977272034
368,person,0.7159522175788879
368,person,0.7148676514625549
368,person,0.7106173634529114
368,person,0.7036603689193726
368,person,0.6671684980392456
368,person,0.6544723510742188
368,car,0.6493088603019714
368,person,0.6465489268302917
368,person,0.6326503157615662
368,person,0.5209307670593262
368,car,0.2603345513343811
369,car,0.8585518002510071
369,car,0.8406299352645874
369,person,0.835534393787384
369,person,0.8060279488563538
369,person,0.7913633584976196
369,person,0.7594833970069885
369,person,0.732761025428772
369,person,0.7310158014297485
369,person,0.7262537479400635
369,person,0.7144359350204468
369,person,0.6755732297897339
369,person,0.6604579091072083
369,person,0.6392253637313843
369,car,0.6205987334251404
369,person,0.5853016376495361
369,person,0.5587617754936218
369,person,0.422533243894577
370,car,0.851759135723114
370,car,0.8405026197433472
370,person,0.8385429978370667
370,person,0.803188145160675
370,person,0.7978291511535645
370,person,0.7473252415657043
370,person,0.7355012893676758
370,person,0.735419750213623
370,person,0.7054823040962219
370,person,0.6993250250816345
370,person,0.6835318803787231
370,person,0.6666443943977356
370,person,0.6585710048675537
370,person,0.5864306688308716
370,person,0.5774369835853577
370,car,0.49047690629959106
370,car,0.4154979884624481
371,car,0.847476065158844
371,car,0.8349969983100891
371,person,0.8324447870254517
371,person,0.8072561621665955
371,person,0.7779996991157532
371,person,0.7446611523628235
371,person,0.7364312410354614
371,person,0.7327842116355896
371,person,0.7148938775062561
371,person,0.6951038837432861
371,car,0.6918246746063232
371,person,0.6880835890769958
371,person,0.673098623752594
371,person,0.640072226524353
371,person,0.5687387585639954
371,person,0.5531452298164368
372,car,0.8501049876213074
372,person,0.8396654725074768
372,car,0.8304001688957214
372,person,0.7758123278617859
372,person,0.7636813521385193
372,person,0.7602596879005432
372,person,0.756401002407074
372,person,0.7468828558921814
372,car,0.7312139868736267
372,person,0.7039215564727783
372,person,0.6903298497200012
372,person,0.680234968662262
372,person,0.6413216590881348
372,person,0.6129434704780579
372,person,0.6006863117218018
372,person,0.5886404514312744
372,car,0.25654107332229614
373,car,0.8512719869613647
373,car,0.8326273560523987
373,person,0.8048725128173828
373,person,0.787927508354187
373,person,0.7758228778839111
373,person,0.7421199679374695
373,person,0.7329499125480652
373,person,0.7273905873298645
373,car,0.7133829593658447
373,person,0.6984784603118896
373,person,0.6501290798187256
373,person,0.6475065350532532
373,person,0.6421118378639221
373,person,0.6239995360374451
373,person,0.5538262724876404
373,person,0.5486214756965637
373,person,0.2798531651496887
373,handbag,0.2652316093444824
373,car,0.2544621527194977
374,car,0.8523620367050171
374,car,0.8313044309616089
374,person,0.790905237197876
374,person,0.7792593836784363
374,person,0.7739079594612122
374,person,0.7188015580177307
374,person,0.7022293210029602
374,person,0.6912201046943665
374,person,0.6834437251091003
374,person,0.6623455286026001
374,person,0.6616053581237793
374,car,0.6335504055023193
374,person,0.6191249489784241
374,person,0.5936116576194763
374,person,0.5702624320983887
374,person,0.524777352809906
375,car,0.8577853441238403
375,car,0.8258640170097351
375,person,0.8134645819664001
375,person,0.7865641117095947
375,person,0.7834296822547913
375,person,0.7534590363502502
375,person,0.7441502213478088
375,person,0.6891242861747742
375,person,0.687687337398529
375,person,0.6810340285301208
375,person,0.675646185874939
375,person,0.6293869018554688
375,person,0.6242685914039612
375,person,0.5987079739570618
375,car,0.565025806427002
375,person,0.5627979040145874
375,car,0.2507723867893219
376,car,0.855867326259613
376,car,0.8289174437522888
376,person,0.808892548084259
376,person,0.8075975775718689
376,person,0.7792133688926697
376,person,0.768071711063385
376,person,0.7395302057266235
376,person,0.7041676640510559
376,person,0.6980980038642883
376,person,0.6920372247695923
376,person,0.6795029044151306
376,person,0.6406760811805725
376,person,0.6165146827697754
376,person,0.6111441850662231
376,person,0.608205258846283
376,car,0.5673031210899353
377,car,0.8632875084877014
377,car,0.8309978246688843
377,person,0.8238726854324341
377,person,0.8223283290863037
377,person,0.7821236848831177
377,person,0.7595296502113342
377,person,0.7335290908813477
377,person,0.7177364826202393
377,person,0.695078432559967
377,person,0.6898072361946106
377,person,0.6857173442840576
377,person,0.6553016304969788
377,person,0.6401375532150269
377,person,0.620135486125946
377,person,0.516567051410675
377,car,0.47998687624931335
377,car,0.2674158215522766
378,car,0.8623510599136353
378,car,0.839600682258606
378,person,0.8312512636184692
378,person,0.8000400066375732
378,person,0.7964320182800293
378,person,0.7936658263206482
378,person,0.7924222350120544
378,person,0.7369116544723511
378,person,0.7066453695297241
378,person,0.6575031280517578
378,person,0.6544747948646545
378,person,0.6521435976028442
378,person,0.6305267214775085
378,person,0.6233891248703003
378,person,0.5768334865570068
378,car,0.45123207569122314
378,car,0.2595348656177521
379,car,0.8625280261039734
379,person,0.8448509573936462
379,car,0.836286187171936
379,person,0.8134413957595825
379,person,0.8031819462776184
379,person,0.7818458080291748
379,person,0.7758415341377258
379,person,0.7311113476753235
379,person,0.7307199239730835
379,person,0.6789968609809875
379,person,0.6557441353797913
379,person,0.6432039737701416
379,person,0.642963171005249
379,person,0.6290878057479858
379,person,0.5858139395713806
379,car,0.4552045166492462
379,car,0.26373669505119324
379,person,0.2560647428035736
380,car,0.8607602715492249
380,person,0.8514635562896729
380,car,0.8367671370506287
380,person,0.8070962429046631
380,person,0.8015621900558472
380,person,0.7917499542236328
380,person,0.7772313952445984
380,person,0.7467689514160156
380,person,0.7369213104248047
380,person,0.7289064526557922
380,person,0.6785534024238586
380,person,0.661536693572998
380,person,0.6583133935928345
380,person,0.6485150456428528
380,person,0.557876467704773
380,car,0.41838929057121277
380,car,0.2903137505054474
381,car,0.8685413002967834
381,person,0.8474467992782593
381,car,0.8394891023635864
381,person,0.8144089579582214
381,person,0.8124327063560486
381,person,0.8006855249404907
381,person,0.7766140699386597
381,person,0.7592049241065979
381,person,0.7367867827415466
381,person,0.7367052435874939
381,person,0.7338443398475647
381,person,0.6949025988578796
381,person,0.6749431490898132
381,person,0.6737950444221497
381,person,0.5106104016304016
381,car,0.3485759198665619
381,car,0.2911036014556885
381,car,0.264549195766449
382,car,0.8675833344459534
382,person,0.847496509552002
382,car,0.8445053100585938
382,person,0.825415849685669
382,person,0.804186999797821
382,person,0.7998440861701965
382,person,0.7987130284309387
382,person,0.7912333011627197
382,person,0.7493133544921875
382,person,0.7374597191810608
382,person,0.7306018471717834
382,person,0.7202999591827393
382,person,0.6562966704368591
382,person,0.6401295065879822
382,car,0.6039604544639587
382,person,0.5008821487426758
382,car,0.2698932886123657
383,car,0.8589520454406738
383,car,0.8449648022651672
383,person,0.843515157699585
383,person,0.8338304758071899
383,person,0.8102535009384155
383,person,0.7961356043815613
383,person,0.7797786593437195
383,person,0.75539630651474
383,person,0.7536025047302246
383,person,0.7458371520042419
383,person,0.7334334850311279
383,person,0.7024561166763306
383,person,0.6722293496131897
383,person,0.6251516938209534
383,car,0.6149107217788696
383,person,0.553768515586853
383,car,0.2573089003562927
384,car,0.8543018698692322
384,person,0.8436857461929321
384,car,0.84346604347229
384,person,0.8290780782699585
384,person,0.7978726625442505
384,person,0.78681880235672
384,person,0.779951810836792
384,person,0.7449444532394409
384,person,0.7339872121810913
384,person,0.7339872121810913
384,person,0.7108023762702942
384,person,0.686598539352417
384,person,0.6668514013290405
384,car,0.640250563621521
384,person,0.6056442856788635
384,person,0.5484306812286377
385,car,0.8641700148582458
385,car,0.8483169674873352
385,person,0.8350515365600586
385,person,0.8221274614334106
385,person,0.7930467128753662
385,person,0.774754524230957
385,person,0.7739887833595276
385,person,0.7518037557601929
385,person,0.738703727722168
385,person,0.7258789539337158
385,person,0.6962515115737915
385,person,0.6867396831512451
385,person,0.6826866269111633
385,car,0.6503434181213379
385,person,0.5894172191619873
385,person,0.576339066028595
385,car,0.25099462270736694
386,car,0.870311975479126
386,car,0.8451420068740845
386,person,0.84019535779953
386,person,0.8089938163757324
386,person,0.79478919506073
386,person,0.7642282843589783
386,person,0.7634260654449463
386,person,0.7428995966911316
386,person,0.7363064885139465
386,person,0.723854660987854
386,person,0.7209399938583374
386,person,0.716917097568512
386,car,0.7052085399627686
386,person,0.6627583503723145
386,person,0.6088712811470032
386,person,0.5377895832061768
386,car,0.26109054684638977
387,car,0.8671994209289551
387,car,0.8420473337173462
387,person,0.8379910588264465
387,person,0.7968142032623291
387,person,0.788147509098053
387,person,0.7743893265724182
387,person,0.7645840644836426
387,person,0.7522241473197937
387,person,0.7494130730628967
387,person,0.7132173180580139
387,person,0.6945716142654419
387,person,0.6915529370307922
387,car,0.6894704103469849
387,person,0.6473517417907715
387,person,0.6146515607833862
387,person,0.5274769067764282
388,car,0.8652584552764893
388,car,0.8415029644966125
388,person,0.8386242985725403
388,person,0.7891930937767029
388,person,0.7832885384559631
388,person,0.7655795216560364
388,person,0.7423231601715088
388,person,0.7394660711288452
388,person,0.7354084253311157
388,person,0.7323547005653381
388,person,0.7026357650756836
388,car,0.6824782490730286
388,person,0.6747680902481079
388,person,0.6216070652008057
388,person,0.5849860906600952
388,person,0.5771618485450745
388,car,0.2550862431526184
389,car,0.8750756978988647
389,person,0.8488266468048096
389,car,0.8393060564994812
389,person,0.7941727638244629
389,person,0.7868526577949524
389,person,0.7599748969078064
389,person,0.7458606362342834
389,person,0.7402522563934326
389,person,0.7383975982666016
389,person,0.7295848727226257
389,car,0.7035984396934509
389,person,0.6884414553642273
389,person,0.6789661645889282
389,person,0.667500376701355
389,person,0.5957354307174683
389,person,0.5425700545310974
389,car,0.28953391313552856
389,car,0.25261083245277405
390,car,0.8850659132003784
390,person,0.8381978869438171
390,car,0.8368097543716431
390,person,0.7984141707420349
390,person,0.7878394722938538
390,person,0.7736706137657166
390,person,0.7524223923683167
390,person,0.7504124045372009
390,person,0.7458832859992981
390,person,0.7444974184036255
390,car,0.7286292314529419
390,person,0.6796963810920715
390,person,0.663587749004364
390,person,0.6434298157691956
390,person,0.6037973761558533
390,person,0.5082449913024902
390,car,0.3036794662475586
390,car,0.2981490194797516
391,car,0.8875057101249695
391,car,0.8362129926681519
391,person,0.8359302878379822
391,person,0.8033654093742371
391,person,0.778509795665741
391,car,0.7737242579460144
391,person,0.7705485224723816
391,person,0.7680920362472534
391,person,0.7316789031028748
391,person,0.7250319719314575
391,person,0.7080762386322021
391,person,0.6792926788330078
391,person,0.6589149236679077
391,person,0.653835654258728
391,person,0.6299111247062683
391,person,0.6152914762496948
391,car,0.29237937927246094
391,car,0.2850055694580078
392,car,0.8914474844932556
392,car,0.8333123326301575
392,person,0.8247304558753967
392,person,0.7928638458251953
392,person,0.778704822063446
392,person,0.7725341320037842
392,person,0.7539456486701965
392,person,0.7451124787330627
392,person,0.729913592338562
392,car,0.7133319973945618
392,person,0.7128623127937317
392,person,0.6903637051582336
392,person,0.670781672000885
392,person,0.6541035771369934
392,person,0.6374835968017578
392,person,0.6274738907814026
392,car,0.3312593698501587
392,car,0.26607847213745117
393,car,0.8908628821372986
393,car,0.8333117961883545
393,person,0.8158220052719116
393,person,0.787386953830719
393,person,0.7739711999893188
393,person,0.7591883540153503
393,person,0.7584006190299988
393,person,0.742996335029602
393,person,0.7421033978462219
393,person,0.7297900319099426
393,person,0.7119040489196777
393,person,0.693350076675415
393,person,0.6680036187171936
393,person,0.6581292748451233
393,car,0.652764618396759
393,person,0.6466761231422424
393,car,0.31748393177986145
393,car,0.26494577527046204
394,car,0.8884845972061157
394,car,0.831762969493866
394,person,0.8036625385284424
394,person,0.7944805026054382
394,person,0.7935595512390137
394,person,0.790020227432251
394,person,0.777039110660553
394,person,0.7448263168334961
394,person,0.7410373091697693
394,person,0.7377938628196716
394,person,0.7222906351089478
394,person,0.7024670243263245
394,person,0.6685779690742493
394,person,0.6614178419113159
394,person,0.6141138076782227
394,car,0.5957666039466858
394,car,0.3233039379119873
394,car,0.26390236616134644
395,car,0.8898595571517944
395,car,0.8320717811584473
395,person,0.7918491363525391
395,person,0.7911531329154968
395,person,0.7865898609161377
395,person,0.7741966247558594
395,person,0.768952488899231
395,person,0.741647481918335
395,person,0.735015332698822
395,person,0.7348569631576538
395,person,0.7313264012336731
395,person,0.7087880373001099
395,person,0.6974576711654663
395,person,0.6259904503822327
395,car,0.6256141662597656
395,person,0.6212242245674133
395,car,0.32643750309944153
395,car,0.26041340827941895
396,car,0.8837916254997253
396,car,0.8367287516593933
396,person,0.7929378747940063
396,person,0.7783443927764893
396,person,0.7772291898727417
396,person,0.7710207104682922
396,person,0.7667995691299438
396,person,0.7652424573898315
396,person,0.7153509855270386
396,person,0.7091230154037476
396,person,0.7079141139984131
396,person,0.7069914937019348
396,person,0.6926059126853943
396,person,0.6844726204872131
396,car,0.6808964610099792
396,person,0.6387775540351868
396,car,0.2941105365753174
396,car,0.2876838743686676
397,car,0.8785459399223328
397,car,0.8379585146903992
397,person,0.8014984130859375
397,person,0.7994504570960999
397,person,0.7891918420791626
397,person,0.7756064534187317
397,person,0.773284375667572
397,person,0.7696743011474609
397,person,0.7439914345741272
397,person,0.7206783294677734
397,car,0.6999558210372925
397,person,0.6951325535774231
397,person,0.6907894015312195
397,person,0.6512778997421265
397,person,0.6032875776290894
397,person,0.593734622001648
397,car,0.32100969552993774
397,car,0.2648988962173462
398,car,0.8758826851844788
398,car,0.8397824764251709
398,person,0.796553909778595
398,person,0.7906754612922668
398,person,0.7842648029327393
398,person,0.7815895080566406
398,person,0.7793524861335754
398,person,0.7651777267456055
398,person,0.7596966028213501
398,person,0.7259284853935242
398,person,0.6867184638977051
398,person,0.6683786511421204
398,car,0.6608564853668213
398,person,0.6533233523368835
398,person,0.6100937128067017
398,person,0.5794262886047363
398,car,0.31029239296913147
398,car,0.26179298758506775
399,car,0.8735828399658203
399,car,0.837009847164154
399,person,0.8288090825080872
399,person,0.8118857145309448
399,person,0.7927705645561218
399,person,0.764536440372467
399,person,0.7580153942108154
399,person,0.7434219121932983
399,person,0.7416967749595642
399,person,0.7282395958900452
399,car,0.6946949362754822
399,person,0.6812164187431335
399,person,0.679758608341217
399,person,0.6724413633346558
399,person,0.5987002849578857
399,person,0.5780149102210999
399,car,0.3153083920478821
399,car,0.25116202235221863
400,car,0.8718990683555603
400,car,0.8417236804962158
400,person,0.8300703763961792
400,person,0.8207873702049255
400,person,0.8196746110916138
400,person,0.7871776819229126
400,person,0.7650837302207947
400,person,0.7384978532791138
400,person,0.7339778542518616
400,person,0.7227116823196411
400,person,0.6948329210281372
400,person,0.6925002336502075
400,person,0.6628386974334717
400,person,0.6233183741569519
400,car,0.6026563048362732
400,person,0.5438309907913208
400,car,0.3091987669467926
400,car,0.2537279725074768
401,car,0.8656724095344543
401,car,0.8421711921691895
401,person,0.8129185438156128
401,person,0.8115906119346619
401,person,0.7976494431495667
401,person,0.7771472930908203
401,person,0.7542920112609863
401,person,0.7325320243835449
401,person,0.7207139134407043
401,person,0.6985306739807129
401,person,0.6962808966636658
401,person,0.6590976119041443
401,person,0.6468132734298706
401,car,0.6164584755897522
401,person,0.6109070777893066
401,person,0.5778075456619263
401,car,0.29923364520072937
402,car,0.8634359240531921
402,car,0.8401704430580139
402,person,0.8346428275108337
402,person,0.799900233745575
402,person,0.7883274555206299
402,person,0.7553490996360779
402,person,0.745387852191925
402,person,0.7305775284767151
402,person,0.7078471779823303
402,person,0.6889676451683044
402,person,0.6849772334098816
402,person,0.6664779782295227
402,car,0.6615538001060486
402,person,0.6462969779968262
402,person,0.6414448618888855
402,person,0.6139699220657349
402,car,0.30129891633987427
403,car,0.8543601036071777
403,car,0.8386414051055908
403,person,0.8311654329299927
403,person,0.7750150561332703
403,person,0.7628152370452881
403,person,0.7475976943969727
403,person,0.7465806007385254
403,person,0.7324174046516418
403,person,0.7097835540771484
403,person,0.7075430154800415
403,car,0.7052776217460632
403,person,0.687299907207489
403,person,0.6829445958137512
403,person,0.6445391178131104
403,person,0.6289545297622681
403,person,0.6021239757537842
403,car,0.27937766909599304
404,car,0.8531262874603271
404,car,0.8385804891586304
404,person,0.8373351693153381
404,person,0.774603009223938
404,person,0.7728388905525208
404,person,0.7722575068473816
404,person,0.7575473189353943
404,person,0.7427954077720642
404,person,0.734801709651947
404,person,0.7089992165565491
404,person,0.7070475816726685
404,person,0.7008419036865234
404,car,0.6812574863433838
404,person,0.6572985053062439
404,person,0.59916752576828
404,person,0.5786271691322327
404,car,0.30891385674476624
404,car,0.25492075085639954
405,person,0.8525359034538269
405,car,0.8503916263580322
405,car,0.8393703699111938
405,person,0.7741706371307373
405,person,0.7565288543701172
405,person,0.7523442506790161
405,person,0.7458996176719666
405,person,0.737034022808075
405,person,0.7278953194618225
405,person,0.7040937542915344
405,person,0.6942164897918701
405,person,0.6741667985916138
405,person,0.6567428708076477
405,person,0.6097567081451416
405,person,0.5685774683952332
405,car,0.5583766102790833
405,person,0.36153098940849304
405,car,0.3236163556575775
406,person,0.8642458319664001
406,car,0.8467515110969543
406,car,0.8444882035255432
406,person,0.7626031637191772
406,person,0.7613932490348816
406,person,0.7568041682243347
406,person,0.7402440309524536
406,person,0.7381568551063538
406,person,0.7290867567062378
406,person,0.7279839515686035
406,person,0.7039179801940918
406,person,0.6788152456283569
406,person,0.630323052406311
406,person,0.611700713634491
406,car,0.5809341073036194
406,person,0.5599258542060852
406,car,0.2911456823348999
406,person,0.27930551767349243
407,person,0.8570956587791443
407,car,0.8534061908721924
407,car,0.853056013584137
407,person,0.784902811050415
407,person,0.7613505721092224
407,person,0.7603291869163513
407,person,0.7542263269424438
407,person,0.7379497289657593
407,person,0.7273585796356201
407,person,0.7083947658538818
407,person,0.7059729099273682
407,person,0.6859782934188843
407,person,0.6834442019462585
407,person,0.619404673576355
407,person,0.595242440700531
407,car,0.5618544220924377
407,car,0.2869400382041931
407,car,0.25890398025512695
408,person,0.8627400398254395
408,car,0.8527058362960815
408,car,0.8496813178062439
408,person,0.7863262891769409
408,person,0.7689146399497986
408,person,0.7673576474189758
408,person,0.7466166019439697
408,person,0.7331775426864624
408,person,0.7287662029266357
408,person,0.7110080718994141
408,person,0.6936841607093811
408,person,0.6918078064918518
408,person,0.6821235418319702
408,person,0.6758374571800232
408,person,0.6100015640258789
408,car,0.5583491325378418
408,car,0.29541894793510437
409,car,0.8524239659309387
409,car,0.8489047288894653
409,person,0.8448792695999146
409,person,0.7719271779060364
409,person,0.7709423899650574
409,person,0.7571474313735962
409,person,0.7427489161491394
409,person,0.737678050994873
409,person,0.7310848832130432
409,person,0.722112238407135
409,person,0.7218427062034607
409,person,0.7165427803993225
409,person,0.6761885285377502
409,person,0.6719329953193665
409,car,0.6203441619873047
409,person,0.6010722517967224
409,car,0.2907183766365051
409,car,0.25401902198791504
410,car,0.8540505170822144
410,car,0.8520141839981079
410,person,0.8245084881782532
410,person,0.7865632772445679
410,person,0.772855818271637
410,person,0.7506216764450073
410,person,0.7497146129608154
410,person,0.7454152703285217
410,person,0.7447317242622375
410,person,0.7135210037231445
410,person,0.704312801361084
410,person,0.6829636693000793
410,person,0.6822831034660339
410,person,0.6556364297866821
410,person,0.6037593483924866
410,car,0.5974273681640625
410,car,0.27992403507232666
410,car,0.2574928402900696
411,car,0.8644645810127258
411,car,0.853507936000824
411,person,0.8170668482780457
411,person,0.7821635007858276
411,person,0.779866635799408
411,person,0.7666678428649902
411,person,0.7658951282501221
411,person,0.7440409660339355
411,person,0.7319460511207581
411,person,0.7257348299026489
411,person,0.7001955509185791
411,person,0.6897374391555786
411,person,0.6518315076828003
411,person,0.628768801689148
411,person,0.5653607845306396
411,car,0.49892905354499817
411,person,0.34859445691108704
411,person,0.28548482060432434
411,car,0.28072091937065125
411,car,0.26019564270973206
412,car,0.8610575795173645
412,car,0.8521722555160522
412,person,0.8005090355873108
412,person,0.7800300717353821
412,person,0.7616296410560608
412,person,0.7599713206291199
412,person,0.754002571105957
412,person,0.7262143492698669
412,person,0.7180384397506714
412,person,0.6854017972946167
412,person,0.674694299697876
412,person,0.6694469451904297
412,person,0.6670810580253601
412,person,0.6296609044075012
412,person,0.5565333366394043
412,car,0.5067597031593323
412,person,0.36671575903892517
412,car,0.2779178023338318
412,person,0.26503854990005493
412,car,0.2593736946582794
413,car,0.8715092539787292
413,car,0.855130136013031
413,person,0.7942804098129272
413,person,0.7849084138870239
413,person,0.7672559022903442
413,person,0.7600011825561523
413,person,0.7574403285980225
413,person,0.7114328145980835
413,person,0.7107664346694946
413,person,0.7012506127357483
413,person,0.6715574860572815
413,person,0.6629865765571594
413,person,0.6230766773223877
413,person,0.5960990190505981
413,person,0.5390863418579102
413,car,0.49538370966911316
413,person,0.46919894218444824
413,car,0.26448291540145874
413,car,0.25042232871055603
414,car,0.8755587339401245
414,car,0.8553619980812073
414,person,0.8309341669082642
414,person,0.7920748591423035
414,person,0.788071870803833
414,person,0.7693415284156799
414,person,0.7692753672599792
414,person,0.7474595308303833
414,person,0.7087303400039673
414,person,0.6971005797386169
414,person,0.6889404654502869
414,person,0.6884928941726685
414,person,0.6718430519104004
414,person,0.6394042372703552
414,person,0.541725754737854
414,car,0.4250050187110901
414,person,0.3937928378582001
414,car,0.26423096656799316
414,car,0.2526401877403259
415,car,0.8722948431968689
415,car,0.857444703578949
415,person,0.8409883975982666
415,person,0.8268392086029053
415,person,0.7733228206634521
415,person,0.7541778087615967
415,person,0.7429566979408264
415,person,0.7402970194816589
415,person,0.7274998426437378
415,person,0.7142573595046997
415,person,0.7081822156906128
415,person,0.6745492219924927
415,person,0.6705731153488159
415,person,0.6497842669487
415,person,0.5118759870529175
415,person,0.5078009963035583
415,car,0.4866367280483246
415,car,0.2663787007331848
415,car,0.2597798705101013
416,car,0.8700602650642395
416,car,0.8578740358352661
416,person,0.8414545655250549
416,person,0.8329477310180664
416,person,0.7999268174171448
416,person,0.7780985832214355
416,person,0.7453156113624573
416,person,0.72293621301651
416,person,0.7186728119850159
416,person,0.7066755294799805
416,person,0.704633355140686
416,person,0.6831560134887695
416,person,0.6612541675567627
416,person,0.659283459186554
416,car,0.6543463468551636
416,person,0.5433859825134277
416,person,0.4836708903312683
416,car,0.25309547781944275
416,car,0.25147613883018494
417,car,0.8677863478660583
417,car,0.8577226400375366
417,person,0.8382159471511841
417,person,0.8243997693061829
417,person,0.799957811832428
417,person,0.7676573991775513
417,person,0.7584255933761597
417,person,0.7254788279533386
417,person,0.7005929946899414
417,person,0.6968562602996826
417,person,0.696540892124176
417,person,0.6675252318382263
417,person,0.6631996631622314
417,person,0.6296680569648743
417,person,0.6049476265907288
417,car,0.5800088047981262
417,person,0.4897363781929016
417,car,0.27703726291656494
417,car,0.264541357755661
418,car,0.86072838306427
418,car,0.8500387072563171
418,person,0.840491771697998
418,person,0.820446789264679
418,person,0.8194787502288818
418,person,0.7665662169456482
418,person,0.7648950815200806
418,person,0.7344015836715698
418,person,0.7239421010017395
418,person,0.7105172872543335
418,person,0.6723580360412598
418,person,0.6489351391792297
418,person,0.6392931938171387
418,person,0.631359875202179
418,person,0.5883428454399109
418,car,0.5468225479125977
418,person,0.4859389066696167
418,car,0.2820073962211609
418,car,0.2593059241771698
419,car,0.8655045032501221
419,car,0.8508118987083435
419,person,0.848395824432373
419,person,0.8343713879585266
419,person,0.8181895613670349
419,person,0.7581338882446289
419,person,0.7429949641227722
419,person,0.7234755158424377
419,person,0.7133749723434448
419,person,0.7086538076400757
419,person,0.7078700065612793
419,person,0.6693483591079712
419,person,0.650265097618103
419,person,0.6095484495162964
419,person,0.5839188098907471
419,person,0.5362101197242737
419,car,0.5291593074798584
419,car,0.28445562720298767
419,car,0.2612527906894684
420,car,0.8751386404037476
420,person,0.8602336645126343
420,car,0.8527359366416931
420,person,0.8441784381866455
420,person,0.8136135339736938
420,person,0.7611035108566284
420,person,0.7437752485275269
420,person,0.7390164136886597
420,person,0.7324463129043579
420,person,0.7243768572807312
420,person,0.6922459602355957
420,person,0.6799921989440918
420,person,0.6746955513954163
420,person,0.6523076295852661
420,person,0.6387757658958435
420,person,0.6164276003837585
420,car,0.5022233724594116
420,car,0.30131134390830994
420,car,0.27638840675354004
421,person,0.8805701732635498
421,car,0.8766248226165771
421,person,0.8578058481216431
421,car,0.8554092049598694
421,person,0.7875601053237915
421,person,0.7589048743247986
421,person,0.7529952526092529
421,person,0.7449043989181519
421,person,0.7368468642234802
421,person,0.7152260541915894
421,person,0.7136902213096619
421,person,0.666689932346344
421,person,0.6313781142234802
421,person,0.628393828868866
421,person,0.5941917300224304
421,person,0.5518290996551514
421,car,0.5201588869094849
421,car,0.28532537817955017
421,car,0.28240370750427246
422,person,0.8854247331619263
422,car,0.8687816262245178
422,person,0.8516054153442383
422,car,0.8513227105140686
422,person,0.7880569696426392
422,person,0.7754487991333008
422,person,0.7585433721542358
422,person,0.7492673397064209
422,person,0.7194491028785706
422,person,0.715351402759552
422,person,0.7106348276138306
422,person,0.7101282477378845
422,person,0.7016952633857727
422,person,0.6752676367759705
422,person,0.6103095412254333
422,person,0.593601405620575
422,car,0.4007573425769806
422,car,0.25286903977394104
423,person,0.8695774078369141
423,car,0.8689111471176147
423,car,0.8493173122406006
423,person,0.845888078212738
423,person,0.7888731956481934
423,person,0.7769120335578918
423,person,0.7707018256187439
423,person,0.7423816919326782
423,person,0.7378227710723877
423,person,0.7361018657684326
423,person,0.7272896766662598
423,person,0.7234822511672974
423,person,0.7153932452201843
423,person,0.6630282402038574
423,person,0.5767033696174622
423,person,0.5657004714012146
423,car,0.4970201551914215
423,car,0.2773638069629669
423,car,0.2600482702255249
424,car,0.875926673412323
424,person,0.8673222661018372
424,car,0.8512478470802307
424,person,0.8127108812332153
424,person,0.7969588041305542
424,person,0.7707326412200928
424,person,0.7524173259735107
424,person,0.7470608353614807
424,person,0.7460803389549255
424,person,0.7337167263031006
424,person,0.7300179600715637
424,person,0.7269607782363892
424,person,0.6967967748641968
424,person,0.6919078230857849
424,person,0.5890834331512451
424,car,0.4125697910785675
424,person,0.38468119502067566
424,car,0.2728465497493744
424,car,0.258785605430603
425,car,0.8709887862205505
425,person,0.853265643119812
425,car,0.8429776430130005
425,person,0.7852811217308044
425,person,0.7830557227134705
425,person,0.774872899055481
425,person,0.76854407787323
425,person,0.7484161257743835
425,person,0.7385109066963196
425,person,0.734580934047699
425,person,0.7314456701278687
425,person,0.7098902463912964
425,person,0.658137857913971
425,person,0.6550430059432983
425,person,0.5281100869178772
425,person,0.5214385390281677
425,car,0.47451451420783997
425,car,0.26772233843803406
426,car,0.8771852254867554
426,person,0.8415377140045166
426,car,0.8347182869911194
426,person,0.7877526879310608
426,person,0.7773244380950928
426,person,0.7618511319160461
426,person,0.7568402290344238
426,person,0.7412529587745667
426,person,0.7405720949172974
426,person,0.7331565022468567
426,person,0.7320513129234314
426,person,0.7223055362701416
426,person,0.6839874982833862
426,person,0.6552438139915466
426,person,0.5676624774932861
426,person,0.542212724685669
426,car,0.4572984576225281
426,car,0.2776014804840088
427,car,0.8693081736564636
427,car,0.8349725604057312
427,person,0.817521870136261
427,person,0.7808776497840881
427,person,0.7737600803375244
427,person,0.7736478447914124
427,person,0.7670705914497375
427,person,0.7470898032188416
427,person,0.743192195892334
427,person,0.7246691584587097
427,person,0.7083207964897156
427,person,0.7055703401565552
427,person,0.704746425151825
427,person,0.7015985250473022
427,person,0.5931166410446167
427,person,0.5896584987640381
427,car,0.450047105550766
428,car,0.874672532081604
428,car,0.8333912491798401
428,person,0.7894867658615112
428,person,0.787000298500061
428,person,0.7774786949157715
428,person,0.7762202024459839
428,person,0.7544800639152527
428,person,0.7509589791297913
428,person,0.7406010031700134
428,person,0.729400098323822
428,person,0.7040866613388062
428,person,0.6879401803016663
428,person,0.6873408555984497
428,person,0.6744199395179749
428,person,0.620774507522583
428,person,0.6004286408424377
428,car,0.3407263457775116
429,car,0.863168478012085
429,car,0.840363621711731
429,person,0.787792444229126
429,person,0.7773140072822571
429,person,0.7681721448898315
429,person,0.7659035921096802
429,person,0.7628418803215027
429,person,0.7456347942352295
429,person,0.7320995926856995
429,person,0.7315433621406555
429,person,0.7196983098983765
429,person,0.6997288465499878
429,person,0.693551242351532
429,person,0.688609778881073
429,person,0.6243083477020264
429,person,0.6232482194900513
429,car,0.4274957776069641
429,car,0.26294031739234924
430,car,0.8668035268783569
430,car,0.8406336307525635
430,person,0.8135502934455872
430,person,0.7895656824111938
430,person,0.7761216759681702
430,person,0.774325966835022
430,person,0.7737408876419067
430,person,0.7598166465759277
430,person,0.7499092221260071
430,person,0.749037504196167
430,person,0.7410959005355835
430,person,0.7396482229232788
430,person,0.7211540341377258
430,person,0.6854347586631775
430,person,0.6306246519088745
430,person,0.5475439429283142
430,car,0.43247368931770325
430,car,0.25179752707481384
431,car,0.875038743019104
431,car,0.8371734023094177
431,person,0.8091694712638855
431,person,0.8008456826210022
431,person,0.7871482968330383
431,person,0.7828665971755981
431,person,0.7730241417884827
431,person,0.7601421475410461
431,person,0.7573840618133545
431,person,0.7570776343345642
431,person,0.7397637963294983
431,person,0.715113639831543
431,person,0.7030401825904846
431,person,0.6383396983146667
431,person,0.6235947608947754
431,person,0.5592413544654846
431,car,0.45952093601226807
432,car,0.88818359375
432,car,0.8373914957046509
432,person,0.8209102153778076
432,person,0.7966321110725403
432,person,0.7920563220977783
432,person,0.7745805382728577
432,person,0.7699751853942871
432,person,0.7614840269088745
432,person,0.7601173520088196
432,person,0.7410090565681458
432,person,0.7324681282043457
432,person,0.7287743091583252
432,person,0.6913040280342102
432,person,0.6421233415603638
432,person,0.6380709409713745
432,person,0.5292984247207642
432,car,0.3672782778739929
432,car,0.25037890672683716
433,car,0.8975952863693237
433,car,0.8417984843254089
433,person,0.8122268319129944
433,person,0.8055893182754517
433,person,0.7877883911132812
433,person,0.7669713497161865
433,person,0.7663320899009705
433,person,0.7611225843429565
433,person,0.7427730560302734
433,person,0.719992458820343
433,person,0.7120538353919983
433,person,0.7026864290237427
433,person,0.7001146674156189
433,person,0.6830893754959106
433,person,0.6286280155181885
433,person,0.6078146696090698
433,car,0.46240487694740295
433,handbag,0.25922808051109314
433,car,0.25873199105262756
434,car,0.8992282152175903
434,car,0.839867353439331
434,person,0.8125231862068176
434,person,0.8032901287078857
434,person,0.790229082107544
434,person,0.753075122833252
434,person,0.7350379824638367
434,person,0.720597505569458
434,person,0.7179934978485107
434,person,0.7148963212966919
434,person,0.7045153975486755
434,person,0.7008396983146667
434,person,0.6950138807296753
434,person,0.6825872659683228
434,person,0.657964289188385
434,person,0.6228539943695068
434,car,0.41288334131240845
435,car,0.900133490562439
435,car,0.8392663598060608
435,person,0.8193190693855286
435,person,0.8093050718307495
435,person,0.761949896812439
435,person,0.7606981992721558
435,person,0.7539765238761902
435,person,0.7456435561180115
435,person,0.7251259684562683
435,person,0.7232260704040527
435,person,0.7112656831741333
435,person,0.6907657384872437
435,person,0.6830786466598511
435,person,0.6806954741477966
435,person,0.6645791530609131
435,person,0.6341201663017273
435,car,0.4952099621295929
435,car,0.272864431142807
435,car,0.2697896957397461
436,car,0.8982529044151306
436,car,0.8437573909759521
436,person,0.8265316486358643
436,person,0.8203747868537903
436,person,0.791813850402832
436,person,0.7766613960266113
436,person,0.7584569454193115
436,person,0.734431803226471
436,person,0.7302362322807312
436,person,0.7219833731651306
436,person,0.7000766396522522
436,person,0.6993250250816345
436,person,0.6982365846633911
436,person,0.6836549043655396
436,person,0.6809041500091553
436,person,0.649596095085144
436,car,0.5184293985366821
436,car,0.2785293161869049
436,car,0.26755672693252563
437,car,0.9005402326583862
437,car,0.8414096236228943
437,person,0.8324324488639832
437,person,0.8309610486030579
437,person,0.7880845069885254
437,person,0.771703839302063
437,person,0.7634331583976746
437,person,0.754757285118103
437,person,0.7411171197891235
437,person,0.7395647764205933
437,person,0.7353699803352356
437,person,0.7130470275878906
437,person,0.6908539533615112
437,person,0.6540217995643616
437,person,0.6507606506347656
437,person,0.6445334553718567
437,car,0.5706879496574402
437,car,0.25670039653778076
437,car,0.25419026613235474
438,car,0.9031059741973877
438,person,0.8552167415618896
438,car,0.8411320447921753
438,person,0.8410869836807251
438,person,0.7921582460403442
438,person,0.7731525301933289
438,person,0.7427147030830383
438,person,0.7306345105171204
438,person,0.719684898853302
438,person,0.7019327282905579
438,person,0.6898049712181091
438,person,0.6876158714294434
438,person,0.6779641509056091
438,person,0.6632763147354126
438,person,0.6230775117874146
438,car,0.5884110331535339
438,person,0.5555988550186157
438,car,0.2693226933479309
438,car,0.26269716024398804
439,car,0.8989134430885315
439,person,0.8529156446456909
439,car,0.8403578400611877
439,person,0.81764817237854
439,person,0.7908373475074768
439,person,0.7526085376739502
439,person,0.73552006483078
439,person,0.7136988639831543
439,person,0.7071546316146851
439,person,0.7027639746665955
439,person,0.6826475858688354
439,person,0.6806656122207642
439,person,0.6653676629066467
439,person,0.6462564468383789
439,car,0.6423696875572205
439,person,0.6204070448875427
439,person,0.5498318672180176
440,car,0.8946367502212524
440,person,0.8511111736297607
440,car,0.8420582413673401
440,person,0.8092624545097351
440,person,0.7980837225914001
440,person,0.7664719223976135
440,person,0.7206662893295288
440,person,0.7126758098602295
440,person,0.6992767453193665
440,person,0.6921406984329224
440,person,0.6856659054756165
440,person,0.6826192140579224
440,person,0.6793704628944397
440,person,0.6501314043998718
440,car,0.6392255425453186
440,person,0.6263729333877563
440,person,0.555670976638794
441,car,0.886630117893219
441,person,0.8483485579490662
441,car,0.8370375633239746
441,person,0.8061932325363159
441,person,0.7883179783821106
441,person,0.7649673819541931
441,person,0.7288588285446167
441,person,0.7252882122993469
441,person,0.7197797298431396
441,person,0.7061556577682495
441,person,0.6928291916847229
441,person,0.6883670687675476
441,person,0.6798667907714844
441,person,0.6728839874267578
441,person,0.6355696320533752
441,person,0.6196449398994446
441,car,0.5723506212234497
442,car,0.8828816413879395
442,car,0.8389888405799866
442,person,0.835804283618927
442,person,0.8139111399650574
442,person,0.8087500929832458
442,person,0.7501568794250488
442,person,0.7413403391838074
442,person,0.7109005451202393
442,person,0.7034859657287598
442,person,0.6996977925300598
442,person,0.6990612745285034
442,person,0.6872307062149048
442,person,0.6865005493164062
442,person,0.6766256093978882
442,person,0.6552380919456482
442,person,0.6400784850120544
442,car,0.5881431698799133
443,car,0.8932985663414001
443,car,0.8413174748420715
443,person,0.8327592015266418
443,person,0.8130601048469543
443,person,0.7856366634368896
443,person,0.7376684546470642
443,person,0.7245232462882996
443,person,0.7220215201377869
443,person,0.7179840207099915
443,person,0.7034448385238647
443,person,0.6693195104598999
443,person,0.6680505871772766
443,person,0.6670097708702087
443,person,0.6577779054641724
443,person,0.6361187696456909
443,person,0.5991233587265015
443,car,0.5819053053855896
444,car,0.8957854509353638
444,car,0.8471387028694153
444,person,0.8329444527626038
444,person,0.791573166847229
444,person,0.7873496413230896
444,person,0.740849494934082
444,person,0.7344841361045837
444,person,0.7147055864334106
444,person,0.7126649618148804
444,person,0.7092688679695129
444,person,0.7050262093544006
444,person,0.7021153569221497
444,person,0.6588606834411621
444,person,0.6430776715278625
444,person,0.6347548365592957
444,person,0.6035791635513306
444,car,0.5374000072479248
445,car,0.897881031036377
445,car,0.8456059694290161
445,person,0.7994375228881836
445,person,0.7798258066177368
445,person,0.7707123756408691
445,person,0.753714382648468
445,person,0.7463764548301697
445,person,0.7452602982521057
445,person,0.72665935754776
445,person,0.7161988615989685
445,person,0.7135971188545227
445,person,0.6960754990577698
445,person,0.6795327067375183
445,person,0.6770193576812744
445,person,0.640961229801178
445,person,0.6406577825546265
445,car,0.6172553896903992
446,car,0.899228036403656
446,car,0.8514429330825806
446,person,0.7839533090591431
446,person,0.7817246913909912
446,person,0.7769108414649963
446,person,0.7668530941009521
446,person,0.7600771188735962
446,person,0.7514480948448181
446,person,0.7436661124229431
446,person,0.7257365584373474
446,person,0.7244687676429749
446,person,0.7230889201164246
446,person,0.7192768454551697
446,person,0.6854645013809204
446,person,0.6399919986724854
446,person,0.6357453465461731
446,car,0.6131305694580078
446,car,0.2556031346321106
447,car,0.8916995525360107
447,car,0.8501694202423096
447,person,0.8068655133247375
447,person,0.782709538936615
447,person,0.7772953510284424
447,person,0.7641202807426453
447,person,0.7630806565284729
447,person,0.7613952159881592
447,person,0.7543482184410095
447,person,0.7519345879554749
447,person,0.7401507496833801
447,person,0.732981264591217
447,person,0.7219172120094299
447,person,0.7210789322853088
447,person,0.6819054484367371
447,person,0.5999661684036255
447,car,0.5605519413948059
448,car,0.8830822706222534
448,car,0.8408045172691345
448,person,0.8171707987785339
448,person,0.7908123135566711
448,person,0.7703863978385925
448,person,0.7697861790657043
448,person,0.7656252980232239
448,person,0.7655674815177917
448,person,0.7634679079055786
448,person,0.761869490146637
448,person,0.7611144781112671
448,person,0.7491419315338135
448,person,0.7409717440605164
448,person,0.6796967387199402
448,person,0.6718491315841675
448,person,0.6448552012443542
448,car,0.47940632700920105
448,car,0.2589722275733948
449,car,0.8879615068435669
449,car,0.8433693647384644
449,person,0.8029769659042358
449,person,0.7957096099853516
449,person,0.7829379439353943
449,person,0.7759847640991211
449,person,0.773274302482605
449,person,0.7703611850738525
449,person,0.7470047473907471
449,person,0.7455236315727234
449,person,0.7212346196174622
449,person,0.7137621641159058
449,person,0.713620662689209
449,person,0.706871747970581
449,person,0.6779362559318542
449,person,0.6550402641296387
449,car,0.4804929792881012
449,car,0.2882575988769531
449,person,0.27431008219718933
450,car,0.8818641901016235
450,car,0.8455352783203125
450,person,0.820536732673645
450,person,0.8067716956138611
450,person,0.8061140179634094
450,person,0.7962561845779419
450,person,0.7924052476882935
450,person,0.7813452482223511
450,person,0.7698479294776917
450,person,0.7675591707229614
450,person,0.7473548054695129
450,person,0.7401626110076904
450,person,0.733274519443512
450,person,0.7032713294029236
450,person,0.6941635608673096
450,person,0.6665827631950378
450,car,0.4563263952732086
450,car,0.2766832709312439
451,car,0.8855737447738647
451,car,0.8452752828598022
451,person,0.8285064697265625
451,person,0.8167511820793152
451,person,0.8025871515274048
451,person,0.8009998798370361
451,person,0.7875801920890808
451,person,0.7869635224342346
451,person,0.7834197282791138
451,person,0.7351564764976501
451,person,0.7204071283340454
451,person,0.7187131643295288
451,person,0.7157745361328125
451,person,0.7150445580482483
451,person,0.676470160484314
451,person,0.6657546162605286
451,car,0.3909849524497986
451,car,0.2752231955528259
452,car,0.8869880437850952
452,car,0.8454495668411255
452,person,0.8239700794219971
452,person,0.8233687877655029
452,person,0.8101139664649963
452,person,0.7961202263832092
452,person,0.7752983570098877
452,person,0.7681441307067871
452,person,0.7599161267280579
452,person,0.7103073000907898
452,person,0.7101157903671265
452,person,0.7086190581321716
452,person,0.6966866850852966
452,person,0.6868817806243896
452,person,0.6840929985046387
452,person,0.6782560348510742
452,car,0.3958071172237396
452,car,0.281805157661438
453,car,0.8896358609199524
453,person,0.8510674834251404
453,car,0.8437598943710327
453,person,0.8370733857154846
453,person,0.8275473117828369
453,person,0.7914265990257263
453,person,0.7859321236610413
453,person,0.7858086824417114
453,person,0.7698413133621216
453,person,0.7296596169471741
453,person,0.7225226759910583
453,person,0.7081326842308044
453,person,0.6982423067092896
453,person,0.6636340618133545
453,person,0.6625867486000061
453,person,0.6525918841362
453,car,0.36948445439338684
453,car,0.2606230676174164
454,car,0.8853379487991333
454,person,0.8493416905403137
454,car,0.8443723320960999
454,person,0.8351178169250488
454,person,0.8189966082572937
454,person,0.7976920008659363
454,person,0.7879608869552612
454,person,0.7867352366447449
454,person,0.7784746885299683
454,person,0.7221564650535583
454,person,0.7198424935340881
454,person,0.6990493535995483
454,person,0.6947075724601746
454,person,0.6904629468917847
454,person,0.6059754490852356
454,person,0.557861864566803
454,car,0.4617954194545746
454,car,0.255482941865921
455,car,0.884192943572998
455,person,0.8604322671890259
455,person,0.8439823389053345
455,car,0.8421830534934998
455,person,0.827201783657074
455,person,0.7903481721878052
455,person,0.7819961309432983
455,person,0.7761052846908569
455,person,0.764785885810852
455,person,0.7141619920730591
455,person,0.7002248167991638
455,person,0.6983084082603455
455,person,0.6695863008499146
455,person,0.664194643497467
455,person,0.6000644564628601
455,person,0.5600444674491882
455,car,0.48351359367370605
455,car,0.2501165270805359
456,car,0.8868715763092041
456,person,0.8594911694526672
456,person,0.8524388074874878
456,car,0.8450496196746826
456,person,0.8263788223266602
456,person,0.798707902431488
456,person,0.7823254466056824
456,person,0.7812004089355469
456,person,0.7715076208114624
456,person,0.7043912410736084
456,person,0.6985829472541809
456,person,0.6947091817855835
456,person,0.6645476818084717
456,person,0.662216305732727
456,person,0.6503585577011108
456,car,0.6007112860679626
456,person,0.5936710834503174
456,car,0.25291064381599426
457,car,0.8879703283309937
457,person,0.8527205586433411
457,person,0.8430877923965454
457,car,0.8378357291221619
457,person,0.8076313138008118
457,person,0.7907372713088989
457,person,0.7876145839691162
457,person,0.7749207019805908
457,person,0.7738783955574036
457,person,0.7219625115394592
457,person,0.7098664045333862
457,person,0.7080375552177429
457,person,0.6920216679573059
457,person,0.6773277521133423
457,person,0.6598718762397766
457,car,0.570513129234314
457,person,0.5595584511756897
458,car,0.8864046335220337
458,person,0.8564227819442749
458,person,0.8468835949897766
458,car,0.8367465734481812
458,person,0.7948118448257446
458,person,0.7783441543579102
458,person,0.7667023539543152
458,person,0.7642144560813904
458,person,0.7484132647514343
458,person,0.7337930798530579
458,person,0.7218658924102783
458,person,0.7213576436042786
458,person,0.7081907987594604
458,person,0.7035157680511475
458,person,0.6971039772033691
458,person,0.5576257109642029
458,car,0.47708767652511597
458,car,0.25316914916038513
459,car,0.8849427700042725
459,person,0.8671074509620667
459,person,0.8546600341796875
459,car,0.8383886218070984
459,person,0.7922409772872925
459,person,0.7630517482757568
459,person,0.7361332774162292
459,person,0.731322705745697
459,person,0.7309530377388
459,person,0.7240840792655945
459,person,0.7160361409187317
459,person,0.7149443626403809
459,person,0.7114125490188599
459,person,0.7112722396850586
459,person,0.6739680767059326
459,person,0.6558100581169128
459,car,0.4612216353416443
459,car,0.2731536626815796
460,car,0.8899200558662415
460,person,0.8705206513404846
460,person,0.8426233530044556
460,car,0.8365160226821899
460,person,0.778721034526825
460,person,0.7634282112121582
460,person,0.7512092590332031
460,person,0.7488662004470825
460,person,0.7431180477142334
460,person,0.7348096966743469
460,person,0.7192678451538086
460,person,0.7089123129844666
460,person,0.7045661807060242
460,person,0.6785036325454712
460,person,0.6340516209602356
460,person,0.5827044248580933
460,car,0.4724883437156677
460,car,0.25429216027259827
461,car,0.8878927230834961
461,person,0.8654912114143372
461,car,0.8375124931335449
461,person,0.8271479606628418
461,person,0.761527955532074
461,person,0.7494025230407715
461,person,0.744462251663208
461,person,0.7435367107391357
461,person,0.7365894317626953
461,person,0.7254644632339478
461,person,0.7229306101799011
461,person,0.6996322274208069
461,person,0.6912740468978882
461,person,0.6910163164138794
461,person,0.6520383358001709
461,person,0.5466200113296509
461,car,0.48493435978889465
461,handbag,0.282381534576416
462,car,0.8889345526695251
462,person,0.8605709671974182
462,car,0.8424167037010193
462,person,0.8105586171150208
462,person,0.7690683007240295
462,person,0.7633649110794067
462,person,0.7511239647865295
462,person,0.7491251826286316
462,person,0.7376346588134766
462,person,0.7370572090148926
462,person,0.7354609370231628
462,person,0.7328144311904907
462,person,0.6991015076637268
462,person,0.6767258048057556
462,person,0.6661526560783386
462,person,0.6071790456771851
462,car,0.4856148362159729
462,handbag,0.39427435398101807
462,car,0.2744174599647522
463,car,0.8913314342498779
463,person,0.8382672071456909
463,car,0.8326885104179382
463,person,0.8216649889945984
463,person,0.8015498518943787
463,person,0.7848125696182251
463,person,0.78314208984375
463,person,0.7725479006767273
463,person,0.7470738291740417
463,person,0.7404797077178955
463,person,0.7323808670043945
463,person,0.726265013217926
463,person,0.7185463309288025
463,person,0.6594977974891663
463,person,0.6563442945480347
463,person,0.6414802074432373
463,car,0.4831719994544983
464,car,0.8924173712730408
464,person,0.853379487991333
464,car,0.8368919491767883
464,person,0.8076436519622803
464,person,0.8054273724555969
464,person,0.8001759648323059
464,person,0.7950674295425415
464,person,0.7910308837890625
464,person,0.7492625713348389
464,person,0.7482259273529053
464,person,0.7222669720649719
464,person,0.7063314318656921
464,person,0.7053105235099792
464,person,0.685173749923706
464,person,0.6742346882820129
464,person,0.6515815258026123
464,car,0.495248019695282
465,car,0.8924946188926697
465,person,0.8720019459724426
465,car,0.8313812017440796
465,person,0.812902569770813
465,person,0.7984128594398499
465,person,0.7976124286651611
465,person,0.7826700806617737
465,person,0.7808943390846252
465,person,0.7395252585411072
465,person,0.7331884503364563
465,person,0.7127345204353333
465,person,0.7024760842323303
465,person,0.665432333946228
465,person,0.651057779788971
465,person,0.6277915239334106
465,person,0.4831644296646118
465,car,0.4571734070777893
466,car,0.8949314951896667
466,person,0.8571730852127075
466,car,0.8319247364997864
466,person,0.8250131011009216
466,person,0.8025914430618286
466,person,0.802579939365387
466,person,0.800635814666748
466,person,0.7814210653305054
466,person,0.7579389810562134
466,person,0.7419933676719666
466,person,0.7148362398147583
466,person,0.7063107490539551
466,person,0.6830917000770569
466,person,0.6813463568687439
466,person,0.6676616072654724
466,person,0.6052239537239075
466,car,0.3804009258747101
467,car,0.8915793299674988
467,person,0.8405131101608276
467,car,0.8310349583625793
467,person,0.8254830837249756
467,person,0.8226789236068726
467,person,0.8115481734275818
467,person,0.803739607334137
467,person,0.7791921496391296
467,person,0.7679716348648071
467,person,0.7521909475326538
467,person,0.7321808934211731
467,person,0.7190067768096924
467,person,0.6951795816421509
467,person,0.6630058288574219
467,person,0.6571930646896362
467,person,0.6152042746543884
467,car,0.35048922896385193
468,car,0.8925578594207764
468,person,0.8396745920181274
468,car,0.8340679407119751
468,person,0.8281104564666748
468,person,0.8250255584716797
468,person,0.8207408785820007
468,person,0.8079037666320801
468,person,0.7590435147285461
468,person,0.7540632486343384
468,person,0.7417956590652466
468,person,0.7394108176231384
468,person,0.7079740762710571
468,person,0.6947850584983826
468,person,0.6642903685569763
468,person,0.6054871678352356
468,person,0.5968698263168335
468,car,0.35202085971832275
469,car,0.8931772112846375
469,car,0.83428955078125
469,person,0.827885091304779
469,person,0.8263293504714966
469,person,0.8231704235076904
469,person,0.8095331192016602
469,person,0.7843611836433411
469,person,0.7678093314170837
469,person,0.7670317888259888
469,person,0.7490238547325134
469,person,0.7453781366348267
469,person,0.7393880486488342
469,person,0.7105374336242676
469,person,0.6865311861038208
469,person,0.6303384304046631
469,person,0.5461229681968689
469,car,0.46540799736976624
470,car,0.8922150731086731
470,car,0.8363580703735352
470,person,0.8175668120384216
470,person,0.8159312605857849
470,person,0.8104447722434998
470,person,0.8015356063842773
470,person,0.7784856557846069
470,person,0.7643475532531738
470,person,0.7619216442108154
470,person,0.741121768951416
470,person,0.7264269590377808
470,person,0.7186163663864136
470,person,0.7051728963851929
470,person,0.6648271679878235
470,person,0.6339545845985413
470,person,0.5372684597969055
470,car,0.5355939865112305
470,car,0.2585536241531372
470,car,0.2558431923389435
471,car,0.8931557536125183
471,car,0.8399856090545654
471,person,0.8215438723564148
471,person,0.8194882869720459
471,person,0.8098393678665161
471,person,0.8008961081504822
471,person,0.796314001083374
471,person,0.7808663845062256
471,person,0.7662184834480286
471,person,0.7500246167182922
471,person,0.7488401532173157
471,person,0.7192687392234802
471,person,0.6959768533706665
471,person,0.6863107085227966
471,person,0.6641807556152344
471,person,0.5722720623016357
471,car,0.5539856553077698
471,car,0.25956785678863525
471,car,0.25476282835006714
472,car,0.8934606313705444
472,car,0.8395363092422485
472,person,0.8257138133049011
472,person,0.8180009722709656
472,person,0.8149296045303345
472,person,0.7944256067276001
472,person,0.7909462451934814
472,person,0.7688510417938232
472,person,0.7651989459991455
472,person,0.7635883688926697
472,person,0.7543009519577026
472,person,0.7528386116027832
472,person,0.7444056868553162
472,person,0.7175887227058411
472,person,0.7155755162239075
472,car,0.5868163108825684
472,person,0.5477363467216492
473,car,0.8916177153587341
473,car,0.8421784043312073
473,person,0.832050621509552
473,person,0.8257374167442322
473,person,0.8089717030525208
473,person,0.7929810285568237
473,person,0.7919259071350098
473,person,0.7911372184753418
473,person,0.7767860293388367
473,person,0.7720786929130554
473,person,0.7659441232681274
473,person,0.7619554400444031
473,person,0.7553766369819641
473,person,0.7550575733184814
473,person,0.6896057724952698
473,person,0.5506273508071899
473,car,0.5395189523696899
473,car,0.2530609667301178
474,car,0.890315055847168
474,car,0.8459511995315552
474,person,0.8446705937385559
474,person,0.8312068581581116
474,person,0.8295369148254395
474,person,0.7989463806152344
474,person,0.7934554219245911
474,person,0.7792401313781738
474,person,0.7763593792915344
474,person,0.774631142616272
474,person,0.7575440406799316
474,person,0.7564231157302856
474,person,0.7529452443122864
474,person,0.7504261136054993
474,person,0.6652527451515198
474,car,0.5849552750587463
474,person,0.5362603068351746
474,car,0.258428692817688
475,car,0.8907812237739563
475,car,0.8486612439155579
475,person,0.8427705764770508
475,person,0.8347162008285522
475,person,0.8138013482093811
475,person,0.8049234747886658
475,person,0.7870479226112366
475,person,0.7755174040794373
475,person,0.7719720602035522
475,person,0.7582702040672302
475,person,0.7478011846542358
475,person,0.7353869080543518
475,person,0.7334849834442139
475,person,0.7293584942817688
475,person,0.6801354885101318
475,car,0.6738936305046082
475,person,0.5421480536460876
475,car,0.2543267011642456
476,car,0.8881897926330566
476,car,0.8469476103782654
476,person,0.8407487273216248
476,person,0.8169898390769958
476,person,0.8143458962440491
476,person,0.8074281215667725
476,person,0.8011058568954468
476,person,0.8008996844291687
476,person,0.7789762020111084
476,person,0.751035213470459
476,person,0.7358117699623108
476,person,0.7204967737197876
476,person,0.7194781303405762
476,person,0.7138891220092773
476,person,0.6774250268936157
476,car,0.6421074271202087
476,person,0.5572434663772583
476,car,0.2562500238418579
476,car,0.25120455026626587
477,car,0.8884164690971375
477,car,0.845967710018158
477,person,0.8354335427284241
477,person,0.8258209228515625
477,person,0.825722873210907
477,person,0.8253642916679382
477,person,0.81874680519104
477,person,0.8066318035125732
477,person,0.804728627204895
477,person,0.7570472359657288
477,person,0.7376050353050232
477,person,0.7365590929985046
477,person,0.7235231995582581
477,person,0.7013840675354004
477,car,0.6907339096069336
477,person,0.6198794841766357
477,person,0.6102494597434998
477,car,0.26013827323913574
477,car,0.25305700302124023
478,car,0.8927686810493469
478,car,0.8469514846801758
478,person,0.8281052708625793
478,person,0.8276410698890686
478,person,0.8150359988212585
478,person,0.8086444139480591
478,person,0.8026881217956543
478,person,0.7876680493354797
478,person,0.7872657775878906
478,person,0.7510449886322021
478,person,0.7366631031036377
478,person,0.7049514651298523
478,person,0.6928325891494751
478,person,0.6850853562355042
478,car,0.6811093688011169
478,person,0.6100237965583801
478,person,0.5620949268341064
478,car,0.2648217976093292
479,car,0.8904321193695068
479,car,0.8449826240539551
479,person,0.8258666396141052
479,person,0.8192132115364075
479,person,0.8154470324516296
479,person,0.8059423565864563
479,person,0.7906697988510132
479,person,0.7842555642127991
479,person,0.7809937596321106
479,person,0.774623453617096
479,person,0.7431477904319763
479,person,0.730521023273468
479,person,0.6981400847434998
479,car,0.685129702091217
479,person,0.6501818299293518
479,person,0.548137903213501
479,person,0.5249008536338806
480,car,0.8909493684768677
480,car,0.8441078662872314
480,person,0.8362096548080444
480,person,0.8190479278564453
480,person,0.8074107766151428
480,person,0.8046970367431641
480,person,0.7980791330337524
480,person,0.7974533438682556
480,person,0.7823030948638916
480,person,0.779073178768158
480,person,0.7488570213317871
480,person,0.7332293391227722
480,person,0.7208130955696106
480,car,0.6936243176460266
480,person,0.641028881072998
480,person,0.6365752816200256
480,person,0.4502336382865906
480,car,0.25907036662101746
481,car,0.8932210803031921
481,car,0.8461952805519104
481,person,0.8345950841903687
481,person,0.8069125413894653
481,person,0.7981584668159485
481,person,0.7975548505783081
481,person,0.789365828037262
481,person,0.7761596441268921
481,person,0.7649062871932983
481,person,0.7634009718894958
481,person,0.7554236650466919
481,person,0.7477841377258301
481,person,0.7295750975608826
481,person,0.6824338436126709
481,car,0.6771077513694763
481,person,0.6553548574447632
481,person,0.40257737040519714
482,car,0.8943591713905334
482,person,0.851915180683136
482,car,0.8494543433189392
482,person,0.8209584951400757
482,person,0.8071184754371643
482,person,0.7987756133079529
482,person,0.7796990871429443
482,person,0.7750421166419983
482,person,0.7616168856620789
482,person,0.7594212293624878
482,person,0.7368626594543457
482,person,0.7268339991569519
482,person,0.7228469252586365
482,person,0.6934621930122375
482,person,0.6725943684577942
482,car,0.6326550245285034
482,person,0.3951815962791443
482,person,0.2542019784450531
483,car,0.8949688076972961
483,person,0.8536931276321411
483,car,0.8496142625808716
483,person,0.8386003971099854
483,person,0.7883037328720093
483,person,0.7874099612236023
483,person,0.7858200073242188
483,person,0.7852362394332886
483,person,0.7590857744216919
483,person,0.7407507300376892
483,person,0.7355445027351379
483,person,0.7257121205329895
483,person,0.7129759788513184
483,person,0.6655256152153015
483,person,0.6361191868782043
483,car,0.5362160205841064
483,person,0.31312882900238037
484,car,0.8940023183822632
484,car,0.8480702638626099
484,person,0.8421010375022888
484,person,0.839742124080658
484,person,0.7942600846290588
484,person,0.7883284687995911
484,person,0.7689505815505981
484,person,0.7679335474967957
484,person,0.7607198357582092
484,person,0.7477182149887085
484,person,0.7450628280639648
484,person,0.7109618186950684
484,person,0.7093524932861328
484,person,0.6461766362190247
484,person,0.6338194012641907
484,car,0.48454752564430237
484,person,0.36157724261283875
485,car,0.8948200941085815
485,person,0.8372979164123535
485,car,0.836353063583374
485,person,0.8180206418037415
485,person,0.7987945675849915
485,person,0.7849531173706055
485,person,0.7762120962142944
485,person,0.7708231806755066
485,person,0.7707319259643555
485,person,0.7574573755264282
485,person,0.746242344379425
485,person,0.7397940754890442
485,person,0.7316479682922363
485,person,0.7114896774291992
485,person,0.6234421730041504
485,car,0.47742021083831787
485,person,0.34874019026756287
486,car,0.893676221370697
486,person,0.8454931974411011
486,car,0.8341248035430908
486,person,0.8162420988082886
486,person,0.8092858791351318
486,person,0.7949292659759521
486,person,0.7756900191307068
486,person,0.7634789943695068
486,person,0.7547882795333862
486,person,0.7544066905975342
486,person,0.7424067854881287
486,person,0.722991406917572
486,person,0.6851834058761597
486,person,0.6753218770027161
486,person,0.5753719210624695
486,car,0.4823668301105499
486,person,0.30668383836746216
486,car,0.27273786067962646
487,car,0.8959264755249023
487,person,0.8464080691337585
487,car,0.8283450603485107
487,person,0.8045259118080139
487,person,0.7945215702056885
487,person,0.7897501587867737
487,person,0.7844753861427307
487,person,0.7653406262397766
487,person,0.7652571201324463
487,person,0.7646467089653015
487,person,0.7421916723251343
487,person,0.729518473148346
487,person,0.6673884391784668
487,person,0.6398108005523682
487,car,0.5394522547721863
487,person,0.531837522983551
488,car,0.894562840461731
488,person,0.8487203121185303
488,person,0.8359699249267578
488,car,0.8252977132797241
488,person,0.8190799951553345
488,person,0.7931807041168213
488,person,0.7853140234947205
488,person,0.7729318141937256
488,person,0.7719786763191223
488,person,0.7413933873176575
488,person,0.7268344163894653
488,person,0.7243147492408752
488,person,0.6898599863052368
488,person,0.6809921860694885
488,person,0.5279275178909302
488,car,0.5076632499694824
489,car,0.8945443034172058
489,person,0.8613277673721313
489,person,0.8477997183799744
489,car,0.8251161575317383
489,person,0.821107804775238
489,person,0.7904123663902283
489,person,0.7903549671173096
489,person,0.7700283527374268
489,person,0.768451988697052
489,person,0.7426131367683411
489,person,0.7336203455924988
489,person,0.7051421999931335
489,person,0.7045227885246277
489,person,0.6611848473548889
489,person,0.572258472442627
489,car,0.5633289217948914
490,car,0.8924674987792969
490,person,0.8629665374755859
490,person,0.8328122496604919
490,person,0.8291388154029846
490,car,0.8217277526855469
490,person,0.8026658892631531
490,person,0.7729268074035645
490,person,0.7722516059875488
490,person,0.7716997861862183
490,person,0.7577957510948181
490,person,0.7443413734436035
490,person,0.7311252355575562
490,person,0.7145380973815918
490,person,0.6879696249961853
490,car,0.5062664747238159
490,person,0.5054568648338318
491,car,0.8928216099739075
491,person,0.8671999573707581
491,car,0.8351978659629822
491,person,0.8338256478309631
491,person,0.8217673897743225
491,person,0.8084998726844788
491,person,0.803380012512207
491,person,0.8004797697067261
491,person,0.798183023929596
491,person,0.7718364000320435
491,person,0.7483272552490234
491,person,0.718177855014801
491,person,0.7070847749710083
491,person,0.6990765333175659
491,car,0.6285345554351807
491,person,0.5227603912353516
492,car,0.8903812766075134
492,person,0.855429470539093
492,person,0.8387125134468079
492,car,0.8236943483352661
492,person,0.8148843050003052
492,person,0.8082834482192993
492,person,0.8007956147193909
492,person,0.7969102263450623
492,person,0.7886883020401001
492,person,0.7744075655937195
492,person,0.7691301703453064
492,person,0.7600167393684387
492,person,0.7370167970657349
492,person,0.7101007103919983
492,car,0.6150919198989868
492,person,0.5495616793632507
493,car,0.8911575675010681
493,person,0.8588120937347412
493,person,0.837345540523529
493,car,0.8284928798675537
493,person,0.809990644454956
493,person,0.8070382475852966
493,person,0.8042238354682922
493,person,0.8005229830741882
493,person,0.776790201663971
493,person,0.7749220728874207
493,person,0.7733867764472961
493,person,0.7375673055648804
493,person,0.7162887454032898
493,person,0.6867837309837341
493,car,0.6208086609840393
493,person,0.5586073994636536
494,car,0.8960959911346436
494,person,0.8498287796974182
494,car,0.8324468731880188
494,person,0.820066511631012
494,person,0.8185562491416931
494,person,0.8004928827285767
494,person,0.7988430261611938
494,person,0.7770536541938782
494,person,0.7768686413764954
494,person,0.7736891508102417
494,person,0.7670097351074219
494,person,0.7605379819869995
494,person,0.7566508650779724
494,person,0.6997005939483643
494,car,0.6656967997550964
494,person,0.548724889755249
495,car,0.8978394269943237
495,car,0.83814936876297
495,person,0.83693927526474
495,person,0.8309640884399414
495,person,0.8240285515785217
495,person,0.8041903972625732
495,person,0.7915557622909546
495,person,0.7805172204971313
495,person,0.768348753452301
495,person,0.7677326202392578
495,person,0.738643229007721
495,person,0.7367544174194336
495,car,0.7195870876312256
495,person,0.7150121927261353
495,person,0.6323711276054382
495,person,0.5733644962310791
496,car,0.896226167678833
496,person,0.8440344929695129
496,car,0.8341042399406433
496,person,0.8263382315635681
496,person,0.807765543460846
496,person,0.790747880935669
496,person,0.784604012966156
496,person,0.7671249508857727
496,person,0.7655346989631653
496,person,0.7630285024642944
496,person,0.7544389367103577
496,person,0.7538710236549377
496,person,0.703310489654541
496,car,0.6989333629608154
496,person,0.6519805788993835
496,person,0.5097813010215759
497,car,0.8966483473777771
497,person,0.8371784090995789
497,car,0.8311995267868042
497,person,0.8092585802078247
497,person,0.8024570345878601
497,person,0.7981082797050476
497,person,0.7846103310585022
497,person,0.7817912101745605
497,person,0.7719948291778564
497,person,0.7699899077415466
497,person,0.7619050145149231
497,person,0.7479669451713562
497,person,0.7252440452575684
497,person,0.6803785562515259
497,car,0.6394039988517761
497,person,0.48124873638153076
498,car,0.894116222858429
498,person,0.8412007689476013
498,car,0.8217412829399109
498,person,0.8024885058403015
498,person,0.8000108599662781
498,person,0.7802455425262451
498,person,0.7766187191009521
498,person,0.7726758718490601
498,person,0.7485334873199463
498,person,0.7477645874023438
498,person,0.7421781420707703
498,person,0.7329543232917786
498,person,0.7247310280799866
498,person,0.7038766741752625
498,car,0.6775645017623901
498,person,0.4102473556995392
499,car,0.8935062289237976
499,person,0.8544350862503052
499,car,0.8248456120491028
499,person,0.8071426749229431
499,person,0.7809730768203735
499,person,0.7725192904472351
499,person,0.759581983089447
499,person,0.7569057941436768
499,person,0.7401836514472961
499,person,0.7378416061401367
499,person,0.736043393611908
499,person,0.7211426496505737
499,car,0.7129223346710205
499,person,0.6954171061515808
499,person,0.6680554747581482
499,person,0.4827243387699127
500,car,0.8928378224372864
500,person,0.8693875074386597
500,car,0.8244799971580505
500,person,0.8193708062171936
500,person,0.7816498875617981
500,person,0.7790982127189636
500,person,0.764699399471283
500,person,0.7574738264083862
500,person,0.7504441738128662
500,person,0.7411521077156067
500,person,0.7290188074111938
500,person,0.7127104997634888
500,person,0.6886926293373108
500,car,0.6688696146011353
500,person,0.6489749550819397
500,person,0.5831362009048462
501,car,0.8915663957595825
501,person,0.8465698957443237
501,car,0.8217910528182983
501,person,0.8188709616661072
501,person,0.7945003509521484
501,person,0.7828117609024048
501,person,0.7730588912963867
501,person,0.7694420218467712
501,person,0.7630223035812378
501,person,0.7538989782333374
501,person,0.7325795292854309
501,person,0.7162031531333923
501,person,0.6808767318725586
501,person,0.673607349395752
501,person,0.663238525390625
501,car,0.547186553478241
501,person,0.35771551728248596
502,car,0.8900951147079468
502,person,0.8591688871383667
502,person,0.8319090604782104
502,car,0.8252047300338745
502,person,0.7759609222412109
502,person,0.7755133509635925
502,person,0.7749475240707397
502,person,0.7593667507171631
502,person,0.7537449598312378
502,person,0.7443358898162842
502,person,0.7389289140701294
502,person,0.7388098835945129
502,person,0.7223104238510132
502,person,0.6812856793403625
502,person,0.6090489625930786
502,car,0.5857781767845154
502,person,0.39343389868736267
503,car,0.8922296762466431
503,person,0.8618190288543701
503,person,0.8312212824821472
503,car,0.8298164010047913
503,person,0.7938267588615417
503,person,0.7914835214614868
503,person,0.7825285792350769
503,person,0.7811663746833801
503,person,0.7760795950889587
503,person,0.7626341581344604
503,person,0.7498559951782227
503,person,0.7364181280136108
503,person,0.723613440990448
503,person,0.7233679294586182
503,person,0.5999264121055603
503,car,0.5414995551109314
503,person,0.46245867013931274
503,handbag,0.32472914457321167
504,car,0.8906807899475098
504,person,0.8642911911010742
504,car,0.8283660411834717
504,person,0.8178064823150635
504,person,0.8128952383995056
504,person,0.8102744817733765
504,person,0.8054789304733276
504,person,0.791528046131134
504,person,0.7541289925575256
504,person,0.7388790845870972
504,person,0.733283281326294
504,person,0.7106087803840637
504,person,0.7093504071235657
504,person,0.7085621953010559
504,car,0.6198960542678833
504,person,0.5558319687843323
504,person,0.43307119607925415
505,car,0.8919841647148132
505,person,0.8592427372932434
505,car,0.8312273621559143
505,person,0.828797459602356
505,person,0.8252174258232117
505,person,0.8222469687461853
505,person,0.8115102052688599
505,person,0.767673671245575
505,person,0.7538238167762756
505,person,0.7525564432144165
505,person,0.739870011806488
505,person,0.7251157164573669
505,person,0.7205751538276672
505,person,0.6952241659164429
505,car,0.5536561608314514
505,person,0.5062319040298462
505,person,0.455001562833786
506,car,0.894527018070221
506,person,0.8633170127868652
506,person,0.8493233323097229
506,person,0.837710976600647
506,person,0.8337863087654114
506,car,0.8308258652687073
506,person,0.8214414715766907
506,person,0.7742422223091125
506,person,0.7595524787902832
506,person,0.7539730668067932
506,person,0.735110878944397
506,person,0.7244479656219482
506,person,0.704287052154541
506,person,0.6851624250411987
506,person,0.527381420135498
506,car,0.5013718605041504
506,person,0.4393859803676605
507,car,0.8934131264686584
507,person,0.8626649975776672
507,person,0.8539923429489136
507,person,0.8425779938697815
507,car,0.8400037288665771
507,person,0.8392678499221802
507,person,0.8222832679748535
507,person,0.7795817852020264
507,person,0.7640747427940369
507,person,0.7566937804222107
507,person,0.7563704252243042
507,person,0.741310179233551
507,person,0.7241683006286621
507,person,0.6882393956184387
507,person,0.5051752328872681
507,car,0.49117979407310486
507,person,0.45946988463401794
508,car,0.8928565979003906
508,person,0.8710346221923828
508,person,0.8572829365730286
508,person,0.854449987411499
508,person,0.8410106897354126
508,car,0.8308148384094238
508,person,0.8287361264228821
508,person,0.7843526601791382
508,person,0.7720639109611511
508,person,0.7696519494056702
508,person,0.7594379186630249
508,person,0.7548372745513916
508,person,0.7307164072990417
508,person,0.6434032320976257
508,car,0.5259639024734497
508,person,0.5170076489448547
508,person,0.4715094268321991
509,car,0.8924591541290283
509,person,0.8703030347824097
509,person,0.8653793931007385
509,person,0.857149600982666
509,person,0.8357915878295898
509,car,0.8336117267608643
509,person,0.8298895359039307
509,person,0.7933182716369629
509,person,0.7845287322998047
509,person,0.7840204238891602
509,person,0.7765284180641174
509,person,0.7467983365058899
509,person,0.7327092289924622
509,person,0.6140989661216736
509,person,0.5496371388435364
509,person,0.5318945646286011
509,car,0.49048087000846863
510,car,0.8908524513244629
510,person,0.8732677102088928
510,person,0.8518177270889282
510,person,0.8516432642936707
510,car,0.8317421078681946
510,person,0.8220851421356201
510,person,0.8191548585891724
510,person,0.7864295244216919
510,person,0.763178825378418
510,person,0.7611268162727356
510,person,0.7280896902084351
510,person,0.7261245846748352
510,person,0.6865799427032471
510,person,0.639803946018219
510,car,0.5143262147903442
510,person,0.509837806224823
510,person,0.5021753907203674
511,car,0.8945706486701965
511,person,0.8590794801712036
511,person,0.8580446839332581
511,person,0.8509113192558289
511,car,0.8327429890632629
511,person,0.8211553692817688
511,person,0.8085106015205383
511,person,0.7733920812606812
511,person,0.7584787607192993
511,person,0.7460446357727051
511,person,0.7334832549095154
511,person,0.7259774208068848
511,car,0.7045340538024902
511,person,0.6918343901634216
511,person,0.6870563626289368
511,person,0.5724177360534668
511,person,0.41919398307800293
512,car,0.8907865285873413
512,person,0.8576532006263733
512,person,0.8541748523712158
512,person,0.8423450589179993
512,car,0.8309571743011475
512,person,0.8193265199661255
512,person,0.806696355342865
512,person,0.7775292992591858
512,person,0.7755855917930603
512,person,0.7580415606498718
512,person,0.7243795394897461
512,person,0.717296838760376
512,person,0.7137154936790466
512,car,0.6903033256530762
512,person,0.6467617750167847
512,person,0.6345835328102112
512,person,0.4285649061203003
512,person,0.32301121950149536
513,car,0.8905751705169678
513,person,0.8510603904724121
513,car,0.8357575535774231
513,person,0.8247614502906799
513,person,0.8126338720321655
513,person,0.8074951171875
513,person,0.8030955791473389
513,person,0.8025345802307129
513,person,0.7696700692176819
513,person,0.7671548128128052
513,person,0.7303100824356079
513,car,0.7243309020996094
513,person,0.7076945900917053
513,person,0.7012039422988892
513,person,0.6905118823051453
513,person,0.6017462015151978
513,person,0.3792227506637573
514,car,0.892585039138794
514,person,0.8526256084442139
514,car,0.8351166248321533
514,person,0.8173002004623413
514,person,0.8110090494155884
514,person,0.8098450899124146
514,person,0.805060625076294
514,person,0.7844696640968323
514,person,0.7646369338035583
514,person,0.748248279094696
514,person,0.7386573553085327
514,person,0.7323212027549744
514,person,0.7299246191978455
514,person,0.7089659571647644
514,person,0.6109070777893066
514,car,0.570476233959198
514,person,0.4122428894042969
515,car,0.8929650187492371
515,person,0.8437482118606567
515,car,0.8376283049583435
515,person,0.8267790079116821
515,person,0.8178277611732483
515,person,0.8129112124443054
515,person,0.8124814629554749
515,person,0.8028067350387573
515,person,0.7801173329353333
515,person,0.7581088542938232
515,person,0.7422728538513184
515,person,0.729456901550293
515,person,0.7125622034072876
515,person,0.6837226152420044
515,person,0.6535624861717224
515,car,0.5788316130638123
515,person,0.5250124931335449
516,car,0.8933214545249939
516,person,0.8378168940544128
516,car,0.8344618678092957
516,person,0.8253623247146606
516,person,0.8172742128372192
516,person,0.8124977946281433
516,person,0.8003575205802917
516,person,0.797198474407196
516,person,0.7720410227775574
516,person,0.7559252381324768
516,person,0.7491318583488464
516,person,0.7397211790084839
516,person,0.6999849081039429
516,person,0.6565526723861694
516,person,0.6152633428573608
516,person,0.6096335649490356
516,car,0.41159188747406006
517,car,0.8930242657661438
517,person,0.8415976166725159
517,car,0.8324113488197327
517,person,0.8322138786315918
517,person,0.824760377407074
517,person,0.8188514113426208
517,person,0.8126473426818848
517,person,0.7883092761039734
517,person,0.7703617215156555
517,person,0.736492931842804
517,person,0.7331457734107971
517,person,0.7205471992492676
517,person,0.6823770999908447
517,person,0.6480752229690552
517,person,0.6435297727584839
517,person,0.6142822504043579
517,car,0.3183785676956177
518,car,0.8950347900390625
518,person,0.8420531153678894
518,person,0.8380202054977417
518,car,0.8342719674110413
518,person,0.83070969581604
518,person,0.8100423812866211
518,person,0.8079701066017151
518,person,0.8076876997947693
518,person,0.7526851296424866
518,person,0.7386253476142883
518,person,0.7379381656646729
518,person,0.6989141702651978
518,person,0.6801493167877197
518,person,0.6689983010292053
518,person,0.6516797542572021
518,person,0.63329017162323
518,car,0.4230012893676758
519,car,0.895098090171814
519,person,0.8436300158500671
519,car,0.8367663025856018
519,person,0.8362390995025635
519,person,0.8353659510612488
519,person,0.8269879817962646
519,person,0.8209716081619263
519,person,0.8008772730827332
519,person,0.7508598566055298
519,person,0.742888331413269
519,person,0.7307020425796509
519,person,0.7231249809265137
519,person,0.686509370803833
519,person,0.6121716499328613
519,person,0.6094054579734802
519,person,0.5908238291740417
519,car,0.4864468276500702
520,car,0.8936387896537781
520,person,0.8441433906555176
520,person,0.8432665467262268
520,person,0.8365234732627869
520,car,0.8268133997917175
520,person,0.8223673701286316
520,person,0.8204969167709351
520,person,0.778620183467865
520,person,0.755751371383667
520,person,0.74141526222229
520,person,0.7403290271759033
520,person,0.6989441514015198
520,person,0.687720775604248
520,person,0.6642599701881409
520,person,0.584813117980957
520,person,0.5363423228263855
520,car,0.502116322517395
521,car,0.8968207836151123
521,person,0.8649030923843384
521,person,0.8528130054473877
521,person,0.840437114238739
521,car,0.8339000940322876
521,person,0.8309457302093506
521,person,0.7964779734611511
521,person,0.7839380502700806
521,person,0.7825556397438049
521,person,0.7537139058113098
521,person,0.737791895866394
521,person,0.730475664138794
521,person,0.7259615659713745
521,person,0.720422625541687
521,car,0.6231388449668884
521,person,0.6097469925880432
521,person,0.5170961618423462
522,car,0.8965065479278564
522,person,0.8733119964599609
522,person,0.8536841869354248
522,person,0.8404480814933777
522,car,0.834484338760376
522,person,0.8305808901786804
522,person,0.8054260611534119
522,person,0.785527765750885
522,person,0.7813404202461243
522,person,0.7761944532394409
522,person,0.7427101135253906
522,person,0.7344998717308044
522,car,0.7095931172370911
522,person,0.7043216824531555
522,person,0.6821457147598267
522,person,0.6736531853675842
522,person,0.42617568373680115
523,car,0.8964149355888367
523,person,0.872610330581665
523,person,0.8476558327674866
523,car,0.8341062068939209
523,person,0.82707679271698
523,person,0.8197603821754456
523,person,0.8001474142074585
523,person,0.793707549571991
523,person,0.7841610908508301
523,person,0.7600358128547668
523,person,0.7455744743347168
523,car,0.7322901487350464
523,person,0.7117822170257568
523,person,0.7048150300979614
523,person,0.6946942806243896
523,person,0.6687906980514526
523,person,0.4370780885219574
524,car,0.8969219923019409
524,person,0.875268816947937
524,person,0.8557533621788025
524,car,0.8264673352241516
524,person,0.8081392049789429
524,person,0.7989172339439392
524,person,0.7913551926612854
524,person,0.7807714343070984
524,person,0.7499882578849792
524,person,0.748751699924469
524,person,0.7473319172859192
524,car,0.7132276296615601
524,person,0.7053425312042236
524,person,0.7018243670463562
524,person,0.6703721284866333
524,person,0.6668370962142944
524,person,0.36640021204948425
525,car,0.896334171295166
525,person,0.8667285442352295
525,person,0.8484373092651367
525,car,0.8301436901092529
525,person,0.8270108699798584
525,person,0.7924420237541199
525,person,0.7745991945266724
525,person,0.7717129588127136
525,person,0.7602486610412598
525,person,0.7480882406234741
525,person,0.7325853705406189
525,person,0.7263488173484802
525,car,0.7197969555854797
525,person,0.6926140189170837
525,person,0.6662067174911499
525,person,0.6433894634246826
525,person,0.3975582420825958
526,car,0.8994306325912476
526,person,0.8592410683631897
526,person,0.8481301069259644
526,car,0.8245935440063477
526,person,0.8119274377822876
526,person,0.7740843296051025
526,person,0.7606955170631409
526,person,0.7569472193717957
526,person,0.7566124796867371
526,person,0.7496690154075623
526,person,0.749485194683075
526,person,0.7473734617233276
526,person,0.7425639033317566
526,car,0.7386907339096069
526,person,0.736672580242157
526,person,0.6370436549186707
526,person,0.36789724230766296
527,car,0.901081383228302
527,person,0.8530887961387634
527,person,0.8300526738166809
527,car,0.8256028294563293
527,person,0.8083745837211609
527,person,0.7818130850791931
527,person,0.7762027382850647
527,person,0.7653914093971252
527,person,0.7648850679397583
527,person,0.7646936774253845
527,person,0.7501444220542908
527,person,0.7476701736450195
527,car,0.7147919535636902
527,person,0.7115428447723389
527,person,0.6562884449958801
527,person,0.6474952697753906
527,person,0.38325339555740356
528,car,0.8982607126235962
528,person,0.8483802080154419
528,person,0.8461810946464539
528,car,0.8286606669425964
528,person,0.821293830871582
528,person,0.7847257852554321
528,person,0.7830731272697449
528,person,0.7827631235122681
528,person,0.7826582789421082
528,person,0.7793050408363342
528,person,0.7682584524154663
528,person,0.7631622552871704
528,car,0.6835455894470215
528,person,0.6806265711784363
528,person,0.6501843333244324
528,person,0.6379404664039612
528,person,0.37980443239212036
529,car,0.8983139991760254
529,person,0.8391759991645813
529,person,0.8377641439437866
529,car,0.8304078578948975
529,person,0.8077893257141113
529,person,0.8032063841819763
529,person,0.8020002841949463
529,person,0.7890791893005371
529,person,0.7829649448394775
529,person,0.7816272974014282
529,person,0.772398829460144
529,person,0.7653337121009827
529,person,0.7037331461906433
529,person,0.6814249157905579
529,car,0.6578508615493774
529,person,0.6576266288757324
530,car,0.8951619863510132
530,person,0.826788604259491
530,person,0.8216784596443176
530,car,0.819148063659668
530,person,0.8107851147651672
530,person,0.8097808361053467
530,person,0.7984395027160645
530,person,0.7967993021011353
530,person,0.7938728332519531
530,person,0.7874079942703247
530,person,0.7859019041061401
530,person,0.7506735324859619
530,person,0.6997646689414978
530,person,0.697114109992981
530,person,0.6488465666770935
530,car,0.6240794062614441
530,person,0.3441583812236786
531,car,0.8976840376853943
531,person,0.8296127915382385
531,person,0.8220469951629639
531,car,0.8214543461799622
531,person,0.8189514875411987
531,person,0.8103820085525513
531,person,0.799821138381958
531,person,0.7954316735267639
531,person,0.7903187870979309
531,person,0.785586953163147
531,person,0.7733702659606934
531,person,0.738309919834137
531,person,0.699753999710083
531,person,0.6652568578720093
531,person,0.6600664854049683
531,car,0.5293072462081909
531,person,0.2661166489124298
532,car,0.8985002636909485
532,person,0.837144136428833
532,person,0.8274372816085815
532,car,0.8235335350036621
532,person,0.8096844553947449
532,person,0.8037784695625305
532,person,0.8031119704246521
532,person,0.8028850555419922
532,person,0.7846097946166992
532,person,0.7819133996963501
532,person,0.7797968983650208
532,person,0.708131730556488
532,person,0.6996819972991943
532,person,0.6688708066940308
532,person,0.6591532826423645
532,car,0.5167719125747681
532,person,0.34235358238220215
533,car,0.8984324336051941
533,car,0.823807954788208
533,person,0.8207827210426331
533,person,0.8196853995323181
533,person,0.8176662921905518
533,person,0.8132382035255432
533,person,0.7959054708480835
533,person,0.7941139340400696
533,person,0.774723470211029
533,person,0.7746880650520325
533,person,0.7703770399093628
533,person,0.7280303239822388
533,person,0.7140683531761169
533,person,0.667240560054779
533,person,0.6343004107475281
533,car,0.46322089433670044
533,person,0.3338575065135956
534,car,0.8999660611152649
534,car,0.8307884335517883
534,person,0.8229275345802307
534,person,0.820146381855011
534,person,0.8132306933403015
534,person,0.8132099509239197
534,person,0.8115455508232117
534,person,0.7844054698944092
534,person,0.7840868234634399
534,person,0.7808592915534973
534,person,0.7743244767189026
534,person,0.7730001211166382
534,person,0.7034887671470642
534,person,0.6893503665924072
534,person,0.6082339882850647
534,car,0.3704664409160614
534,person,0.2607216536998749
535,car,0.9003850221633911
535,person,0.8344132304191589
535,person,0.8325662612915039
535,car,0.8276592493057251
535,person,0.8216110467910767
535,person,0.8047934770584106
535,person,0.8038274049758911
535,person,0.7779409885406494
535,person,0.7685948014259338
535,person,0.766828715801239
535,person,0.7656829357147217
535,person,0.7530243396759033
535,person,0.6985829472541809
535,person,0.6789442896842957
535,person,0.6119506359100342
535,car,0.2794491648674011
536,car,0.9023052453994751
536,person,0.8394079208374023
536,person,0.8316466212272644
536,car,0.8312999606132507
536,person,0.809619128704071
536,person,0.8095062971115112
536,person,0.7608888745307922
536,person,0.7547963857650757
536,person,0.7520012855529785
536,person,0.7420018315315247
536,person,0.7388389706611633
536,person,0.7209389805793762
536,person,0.7193960547447205
536,person,0.6821557879447937
536,person,0.5353487133979797
536,car,0.2641362249851227
537,car,0.9021161198616028
537,car,0.8318243026733398
537,person,0.8274114727973938
537,person,0.8157086372375488
537,person,0.8037611842155457
537,person,0.7975491285324097
537,person,0.7738571166992188
537,person,0.7625137567520142
537,person,0.7476454973220825
537,person,0.7411385774612427
537,person,0.7315632700920105
537,person,0.7313923239707947
537,person,0.7028230428695679
537,person,0.7015406489372253
537,person,0.5325976014137268
537,car,0.34581127762794495
538,car,0.9019584059715271
538,person,0.843737006187439
538,person,0.8336370587348938
538,car,0.8321162462234497
538,person,0.8208521008491516
538,person,0.7972534894943237
538,person,0.7930562496185303
538,person,0.7664675116539001
538,person,0.739605724811554
538,person,0.7329859137535095
538,person,0.7281840443611145
538,person,0.7223107814788818
538,person,0.713442862033844
538,person,0.7048916816711426
538,person,0.49679887294769287
538,person,0.3683275878429413
538,car,0.3407399654388428
539,car,0.9005181193351746
539,person,0.8516783714294434
539,person,0.8371642231941223
539,car,0.8353179097175598
539,person,0.8323317170143127
539,person,0.8112826943397522
539,person,0.8025192618370056
539,person,0.7526794075965881
539,person,0.7342259287834167
539,person,0.7176556587219238
539,person,0.7056105136871338
539,person,0.6842688918113708
539,person,0.6710338592529297
539,person,0.6478898525238037
539,person,0.48669546842575073
539,car,0.35953375697135925
539,person,0.3037124276161194
540,car,0.8983662724494934
540,person,0.8456315994262695
540,person,0.84101802110672
540,car,0.8319786787033081
540,person,0.8313902616500854
540,person,0.7934557199478149
540,person,0.7741581201553345
540,person,0.7399986982345581
540,person,0.7324088215827942
540,person,0.7143673896789551
540,person,0.7087309956550598
540,person,0.7002678513526917
540,person,0.6145464181900024
540,person,0.6133600473403931
540,person,0.5282025337219238
540,car,0.4436778426170349
540,person,0.4392794966697693
541,car,0.8981655836105347
541,person,0.8514519929885864
541,person,0.8351607918739319
541,car,0.8281651139259338
541,person,0.8274258375167847
541,person,0.7844739556312561
541,person,0.7499666810035706
541,person,0.7399211525917053
541,person,0.7263815999031067
541,person,0.7152231931686401
541,person,0.712392270565033
541,person,0.6918239593505859
541,person,0.6303129196166992
541,person,0.6260231137275696
541,person,0.6255004405975342
541,car,0.5009005069732666
541,person,0.4627074897289276
542,car,0.8967207074165344
542,person,0.8512078523635864
542,car,0.8284691572189331
542,person,0.8227249383926392
542,person,0.8069825172424316
542,person,0.8000608086585999
542,person,0.7852573990821838
542,person,0.7510931491851807
542,person,0.7402973771095276
542,person,0.7402040958404541
542,person,0.7015657424926758
542,person,0.700016438961029
542,person,0.694503664970398
542,person,0.6445505023002625
542,person,0.5217112898826599
542,person,0.40183037519454956
542,car,0.3946164548397064
543,car,0.8967580199241638
543,person,0.8703927993774414
543,person,0.8386094570159912
543,person,0.8326496481895447
543,car,0.8290972709655762
543,person,0.801383912563324
543,person,0.7973220944404602
543,person,0.7682483196258545
543,person,0.7525314688682556
543,person,0.7521390318870544
543,person,0.7382971048355103
543,person,0.7176234722137451
543,person,0.6782097816467285
543,person,0.6080847978591919
543,person,0.5080117583274841
543,person,0.32363373041152954
543,car,0.31793034076690674
544,car,0.8965628743171692
544,person,0.8768945336341858
544,person,0.8477401733398438
544,person,0.828278124332428
544,car,0.8257220983505249
544,person,0.8077808022499084
544,person,0.7742820382118225
544,person,0.753674328327179
544,person,0.7522509694099426
544,person,0.736344575881958
544,person,0.7075064778327942
544,person,0.695903480052948
544,person,0.6666114926338196
544,person,0.6547837853431702
544,person,0.5356817245483398
544,car,0.4666486084461212
544,person,0.3046760559082031
545,car,0.8972945213317871
545,person,0.8789538145065308
545,person,0.8527348041534424
545,car,0.8313852548599243
545,person,0.8282831311225891
545,person,0.794237494468689
545,person,0.7864100337028503
545,person,0.7568604350090027
545,person,0.729560375213623
545,person,0.7268292903900146
545,person,0.6869181990623474
545,person,0.6683663725852966
545,person,0.6649037599563599
545,person,0.6222618818283081
545,person,0.5621932744979858
545,car,0.4721951484680176
545,person,0.28009408712387085
546,car,0.897548258304596
546,person,0.8713191747665405
546,car,0.829269289970398
546,person,0.8207114934921265
546,person,0.817747950553894
546,person,0.7924964427947998
546,person,0.7765883803367615
546,person,0.7540435791015625
546,person,0.7419478297233582
546,person,0.7138271331787109
546,person,0.6977138519287109
546,person,0.6561501622200012
546,person,0.6260912418365479
546,person,0.6229143142700195
546,person,0.5485953092575073
546,car,0.4451565444469452
547,car,0.8982102274894714
547,person,0.8559051156044006
547,car,0.8315346240997314
547,person,0.8254922032356262
547,person,0.807610034942627
547,person,0.7892976999282837
547,person,0.7661266922950745
547,person,0.760098397731781
547,person,0.7370515465736389
547,person,0.7171114087104797
547,person,0.6964256167411804
547,person,0.6912967562675476
547,person,0.6635922789573669
547,person,0.6513336300849915
547,person,0.6385741829872131
547,car,0.5392860770225525
548,car,0.8969714641571045
548,person,0.8495450019836426
548,car,0.8352428674697876
548,person,0.8144394159317017
548,person,0.8090584874153137
548,person,0.7859901785850525
548,person,0.7749577760696411
548,person,0.7490169405937195
548,person,0.7372190356254578
548,person,0.7317741513252258
548,person,0.7223653793334961
548,person,0.6978947520256042
548,person,0.6698837280273438
548,person,0.668585479259491
548,person,0.6339727640151978
548,car,0.5637800097465515
549,car,0.8961182832717896
549,person,0.8364576697349548
549,car,0.8340676426887512
549,person,0.8336740136146545
549,person,0.8247701525688171
549,person,0.7996365427970886
549,person,0.7759739756584167
549,person,0.7754980325698853
549,person,0.7462426424026489
549,person,0.7204294204711914
549,person,0.7136903405189514
549,person,0.6821296215057373
549,person,0.6710053086280823
549,person,0.6652951836585999
549,person,0.6226805448532104
549,car,0.4692747890949249
550,car,0.8964802622795105
550,person,0.8569775819778442
550,car,0.8324076533317566
550,person,0.823166012763977
550,person,0.7959821820259094
550,person,0.7926226854324341
550,person,0.776963472366333
550,person,0.7735705375671387
550,person,0.7628196477890015
550,person,0.7466539740562439
550,person,0.7215712666511536
550,person,0.6858888864517212
550,person,0.6648554801940918
550,person,0.6589067578315735
550,person,0.5919702053070068
550,car,0.42754197120666504
551,car,0.8954203724861145
551,car,0.8315410614013672
551,person,0.8259103894233704
551,person,0.8138649463653564
551,person,0.8073484301567078
551,person,0.8047087788581848
551,person,0.7855867147445679
551,person,0.7606713771820068
551,person,0.7552704215049744
551,person,0.7483155131340027
551,person,0.7158169150352478
551,person,0.6805398464202881
551,person,0.6617622375488281
551,person,0.6425389051437378
551,person,0.6064422130584717
551,car,0.5168439745903015
552,car,0.8951889276504517
552,car,0.830653190612793
552,person,0.8173811435699463
552,person,0.8158585429191589
552,person,0.8140705823898315
552,person,0.8128519654273987
552,person,0.808968186378479
552,person,0.8025671243667603
552,person,0.7671155333518982
552,person,0.7669047117233276
552,person,0.7543231844902039
552,person,0.7068167328834534
552,person,0.6958726644515991
552,person,0.6797158122062683
552,person,0.6002143025398254
552,car,0.5624554753303528
553,car,0.8939135670661926
553,person,0.8481897115707397
553,person,0.8425487279891968
553,person,0.8351033926010132
553,person,0.8309503197669983
553,car,0.8263015151023865
553,person,0.8130730390548706
553,person,0.8003705143928528
553,person,0.7622370719909668
553,person,0.7575646042823792
553,person,0.7537333965301514
553,person,0.7091994285583496
553,person,0.697723925113678
553,person,0.6910026669502258
553,person,0.5993441939353943
553,car,0.5371060967445374
553,person,0.3436773717403412
554,car,0.8921815156936646
554,person,0.849141538143158
554,person,0.8476205468177795
554,person,0.8465372920036316
554,car,0.8250894546508789
554,person,0.8122037649154663
554,person,0.8052423596382141
554,person,0.8007614612579346
554,person,0.7599997520446777
554,person,0.756956160068512
554,person,0.7544158697128296
554,person,0.7245625257492065
554,person,0.699302077293396
554,person,0.6879673004150391
554,person,0.6149330139160156
554,car,0.593679666519165
554,person,0.31855258345603943
555,car,0.8919403553009033
555,person,0.878176212310791
555,person,0.8690736889839172
555,car,0.8248210549354553
555,person,0.821880578994751
555,person,0.8132363557815552
555,person,0.805472731590271
555,person,0.8014428019523621
555,person,0.7551584839820862
555,person,0.7450125813484192
555,person,0.7408586740493774
555,person,0.7161399722099304
555,person,0.694058895111084
555,person,0.656548023223877
555,car,0.6536723971366882
555,person,0.6142721772193909
555,person,0.27977320551872253
556,car,0.8932241201400757
556,person,0.8779194355010986
556,person,0.8737049102783203
556,person,0.826166570186615
556,car,0.8259733319282532
556,person,0.8253475427627563
556,person,0.7897116541862488
556,person,0.7874384522438049
556,person,0.7604700326919556
556,person,0.7545497417449951
556,person,0.7170947790145874
556,person,0.7137211561203003
556,person,0.704242467880249
556,person,0.6496293544769287
556,car,0.6436581015586853
556,person,0.5341253280639648
556,person,0.3083280026912689
557,car,0.8951942920684814
557,person,0.8730591535568237
557,person,0.8554449081420898
557,person,0.8475015759468079
557,person,0.8283576965332031
557,car,0.8262905478477478
557,person,0.7877820134162903
557,person,0.7667679190635681
557,person,0.7634265422821045
557,person,0.7577547430992126
557,person,0.7512891292572021
557,person,0.744828999042511
557,person,0.7330167889595032
557,person,0.6406296491622925
557,car,0.6356368660926819
557,person,0.5868903994560242
557,person,0.33552470803260803
558,car,0.8933084011077881
558,person,0.8560135364532471
558,person,0.842199444770813
558,person,0.8384342193603516
558,person,0.830744743347168
558,car,0.8248851299285889
558,person,0.7735257148742676
558,person,0.7648683786392212
558,person,0.7639108896255493
558,person,0.7365294694900513
558,person,0.7364991307258606
558,car,0.7284486889839172
558,person,0.7181075811386108
558,person,0.6738611459732056
558,person,0.6445513367652893
558,person,0.5971994400024414
558,person,0.29554426670074463
559,car,0.8940334916114807
559,person,0.8631190061569214
559,person,0.8414928317070007
559,person,0.8300730586051941
559,person,0.8249887228012085
559,car,0.8219113349914551
559,person,0.7806702852249146
559,person,0.7789987921714783
559,person,0.7700046896934509
559,person,0.7622237801551819
559,person,0.7409046292304993
559,person,0.7300646305084229
559,person,0.703569769859314
559,person,0.6906998157501221
559,car,0.6849191784858704
559,person,0.6119735836982727
559,person,0.25396308302879333
560,car,0.8919004201889038
560,person,0.8552363514900208
560,person,0.8433260321617126
560,person,0.8423667550086975
560,car,0.8229793310165405
560,person,0.8176435828208923
560,person,0.7830377817153931
560,person,0.7795531749725342
560,person,0.758867621421814
560,person,0.754764199256897
560,person,0.744339108467102
560,person,0.7421978712081909
560,person,0.7308340072631836
560,person,0.7206524014472961
560,person,0.6489812135696411
560,car,0.6387010812759399
560,person,0.2837507724761963
561,car,0.8897036910057068
561,person,0.8537128567695618
561,person,0.842626690864563
561,person,0.8353166580200195
561,person,0.8265624046325684
561,car,0.8182529211044312
561,person,0.7838453650474548
561,person,0.7822468280792236
561,person,0.7618446946144104
561,person,0.7475298643112183
561,person,0.7377296686172485
561,person,0.7276392579078674
561,person,0.7201690077781677
561,person,0.6684119701385498
561,person,0.6613298654556274
561,car,0.5825315117835999
561,person,0.2765272855758667
562,car,0.8899848461151123
562,person,0.8569630980491638
562,person,0.853122353553772
562,person,0.8269811868667603
562,car,0.8223690390586853
562,person,0.7943801879882812
562,person,0.7936862707138062
562,person,0.7764740586280823
562,person,0.7538121938705444
562,person,0.7431523203849792
562,person,0.7421730160713196
562,person,0.7213711142539978
562,person,0.7178608179092407
562,person,0.6587830781936646
562,person,0.6439547538757324
562,car,0.5061047673225403
562,person,0.26153117418289185
563,car,0.8905377984046936
563,person,0.8533748388290405
563,person,0.8421301245689392
563,car,0.8248234391212463
563,person,0.8175065517425537
563,person,0.8174267411231995
563,person,0.7924163341522217
563,person,0.7745340466499329
563,person,0.7643208503723145
563,person,0.7491118907928467
563,person,0.7328208684921265
563,person,0.7184396982192993
563,person,0.6736162304878235
563,person,0.6704007387161255
563,person,0.5997320413589478
563,car,0.511118471622467
564,car,0.8898465037345886
564,person,0.847449779510498
564,car,0.8219172954559326
564,person,0.8081592321395874
564,person,0.8053645491600037
564,person,0.7974278330802917
564,person,0.7833670973777771
564,person,0.7810383439064026
564,person,0.7732762694358826
564,person,0.7650592923164368
564,person,0.7506832480430603
564,person,0.7224768996238708
564,person,0.6588191390037537
564,person,0.6568827629089355
564,person,0.6241518259048462
564,car,0.43103787302970886
565,car,0.890778660774231
565,person,0.8593239784240723
565,car,0.8204192519187927
565,person,0.8200469613075256
565,person,0.8028557896614075
565,person,0.798248827457428
565,person,0.7893571257591248
565,person,0.7875181436538696
565,person,0.7647182941436768
565,person,0.7644332051277161
565,person,0.7370388507843018
565,person,0.7324799299240112
565,person,0.6892372369766235
565,person,0.6885067224502563
565,person,0.6540325284004211
565,car,0.5337353348731995
565,person,0.27686330676078796
566,car,0.8947936296463013
566,person,0.8590824007987976
566,car,0.8296595215797424
566,person,0.8049234747886658
566,person,0.7964139580726624
566,person,0.791224479675293
566,person,0.7818753719329834
566,person,0.7799211740493774
566,person,0.7716350555419922
566,person,0.7568674087524414
566,person,0.7496765851974487
566,person,0.7181873917579651
566,person,0.7079974412918091
566,person,0.6179311871528625
566,person,0.6174383163452148
566,car,0.5104119777679443
566,person,0.2977299988269806
567,car,0.8945711255073547
567,person,0.8603310585021973
567,car,0.8262199759483337
567,person,0.8154523372650146
567,person,0.8055365085601807
567,person,0.8034118413925171
567,person,0.7866587042808533
567,person,0.7747317552566528
567,person,0.7613434195518494
567,person,0.7553797364234924
567,person,0.7426168918609619
567,person,0.704180896282196
567,person,0.68864506483078
567,person,0.6638613343238831
567,person,0.633603036403656
567,car,0.4899822473526001
567,person,0.33908969163894653
568,car,0.8962556719779968
568,person,0.862061083316803
568,car,0.8274263739585876
568,person,0.8070352077484131
568,person,0.8063712120056152
568,person,0.7934646010398865
568,person,0.7752740383148193
568,person,0.76881343126297
568,person,0.7612614035606384
568,person,0.7557935118675232
568,person,0.753397524356842
568,person,0.6950030326843262
568,person,0.6788567304611206
568,person,0.6642618179321289
568,person,0.6013523936271667
568,car,0.47745710611343384
568,person,0.40980538725852966
569,car,0.8955177068710327
569,person,0.8331740498542786
569,car,0.8303831815719604
569,person,0.8053539395332336
569,person,0.793127179145813
569,person,0.7874829173088074
569,person,0.7770828008651733
569,person,0.7723507285118103
569,person,0.7582460045814514
569,person,0.7523143887519836
569,person,0.727794349193573
569,person,0.6748028993606567
569,person,0.6632446050643921
569,person,0.6378128528594971
569,person,0.6205339431762695
569,person,0.39904192090034485
569,car,0.38567259907722473
570,car,0.8939870595932007
570,person,0.834347665309906
570,car,0.829955518245697
570,person,0.8106783628463745
570,person,0.8043032884597778
570,person,0.7940239310264587
570,person,0.7844347357749939
570,person,0.7839435935020447
570,person,0.7686643600463867
570,person,0.7665088176727295
570,person,0.6876877546310425
570,person,0.6839377880096436
570,person,0.6740023493766785
570,person,0.6597886085510254
570,person,0.6353464722633362
570,car,0.44791385531425476
570,person,0.3591780960559845
571,car,0.895588755607605
571,person,0.839013397693634
571,car,0.8281440138816833
571,person,0.8135709762573242
571,person,0.8082500100135803
571,person,0.7925140857696533
571,person,0.7790249586105347
571,person,0.7726113200187683
571,person,0.7564446330070496
571,person,0.7221418619155884
571,person,0.7188453674316406
571,person,0.693354070186615
571,person,0.693215548992157
571,person,0.6803683638572693
571,person,0.6177734136581421
571,car,0.4975866377353668
571,person,0.3446720540523529
572,car,0.8970156908035278
572,person,0.8332427144050598
572,car,0.8271401524543762
572,person,0.8161308765411377
572,person,0.808813750743866
572,person,0.8075589537620544
572,person,0.7745037078857422
572,person,0.7719669938087463
572,person,0.76953125
572,person,0.7484719157218933
572,person,0.7353245615959167
572,person,0.7276448607444763
572,person,0.7223554253578186
572,person,0.6626140475273132
572,person,0.571113646030426
572,car,0.4581649601459503
572,person,0.3677264451980591
573,car,0.8955845236778259
573,car,0.829301118850708
573,person,0.8200947642326355
573,person,0.8178384304046631
573,person,0.816673755645752
573,person,0.7910352349281311
573,person,0.7769281268119812
573,person,0.7766457796096802
573,person,0.7600778341293335
573,person,0.7504925727844238
573,person,0.7414886355400085
573,person,0.7181957364082336
573,person,0.7139395475387573
573,person,0.6379058957099915
573,person,0.565803587436676
573,car,0.4686112403869629
573,person,0.3841264247894287
574,car,0.8968595266342163
574,person,0.8403018116950989
574,person,0.8289811611175537
574,car,0.8247210383415222
574,person,0.8232765197753906
574,person,0.8119211792945862
574,person,0.8074042201042175
574,person,0.7967368364334106
574,person,0.7778534293174744
574,person,0.7654101848602295
574,person,0.7524591088294983
574,person,0.74289470911026
574,person,0.7379052042961121
574,person,0.674103856086731
574,person,0.6124107837677002
574,car,0.4923255443572998
574,person,0.32854655385017395
575,car,0.8976312279701233
575,car,0.8286496996879578
575,person,0.8265645503997803
575,person,0.8232311010360718
575,person,0.8211991190910339
575,person,0.8111320734024048
575,person,0.8060219883918762
575,person,0.7863710522651672
575,person,0.7665327787399292
575,person,0.7662550806999207
575,person,0.746929407119751
575,person,0.7277502417564392
575,person,0.6872850656509399
575,person,0.6488226056098938
575,person,0.6368076801300049
575,car,0.577301025390625
575,person,0.35915613174438477
576,car,0.8966021537780762
576,person,0.8370736241340637
576,car,0.8321784138679504
576,person,0.8227059245109558
576,person,0.8147151470184326
576,person,0.814259946346283
576,person,0.8060588836669922
576,person,0.7748773694038391
576,person,0.7520452737808228
576,person,0.747978687286377
576,person,0.7454198598861694
576,person,0.7266140580177307
576,person,0.7129587531089783
576,person,0.6884427070617676
576,person,0.6295584440231323
576,car,0.5807562470436096
576,person,0.361951619386673
577,car,0.8975811004638672
577,person,0.8535991907119751
577,car,0.8324836492538452
577,person,0.8211495280265808
577,person,0.8155701756477356
577,person,0.8142402768135071
577,person,0.8125184774398804
577,person,0.7783936262130737
577,person,0.7615342140197754
577,person,0.7560553550720215
577,person,0.7353788614273071
577,person,0.7067168354988098
577,person,0.7022179961204529
577,person,0.6990070343017578
577,person,0.6443720459938049
577,car,0.41543975472450256
577,person,0.3179825246334076
578,car,0.8970309495925903
578,car,0.8325294256210327
578,person,0.8318647146224976
578,person,0.8169735670089722
578,person,0.8081769347190857
578,person,0.8057276606559753
578,person,0.7989057898521423
578,person,0.7764812707901001
578,person,0.7709504961967468
578,person,0.7518712282180786
578,person,0.7158191204071045
578,person,0.7138879895210266
578,person,0.7120158672332764
578,person,0.653900682926178
578,person,0.6170819997787476
578,car,0.4509262442588806
578,person,0.27312347292900085
579,car,0.8983381390571594
579,person,0.8412840962409973
579,car,0.829940915107727
579,person,0.8123959302902222
579,person,0.7951309680938721
579,person,0.7929303050041199
579,person,0.7744675874710083
579,person,0.7659683227539062
579,person,0.7567106485366821
579,person,0.7336011528968811
579,person,0.7103367447853088
579,person,0.70719975233078
579,person,0.6849737167358398
579,person,0.6548730134963989
579,person,0.619051992893219
579,car,0.4221480190753937
579,person,0.2981974482536316
580,car,0.8968106508255005
580,person,0.8324147462844849
580,car,0.8264217376708984
580,person,0.8044057488441467
580,person,0.787941038608551
580,person,0.7847922444343567
580,person,0.7844637036323547
580,person,0.777856171131134
580,person,0.7509192824363708
580,person,0.748238205909729
580,person,0.7384767532348633
580,person,0.7216299772262573
580,person,0.685698926448822
580,person,0.652397871017456
580,person,0.6378862857818604
580,car,0.4021066725254059
580,person,0.31408804655075073
580,person,0.28519126772880554
581,car,0.8930001854896545
581,person,0.8523151278495789
581,car,0.8160740733146667
581,person,0.8109657764434814
581,person,0.7973411679267883
581,person,0.7891777753829956
581,person,0.7764660716056824
581,person,0.7733256220817566
581,person,0.7552295327186584
581,person,0.7316260933876038
581,person,0.7109057307243347
581,person,0.6752536296844482
581,person,0.6590598225593567
581,person,0.6486896872520447
581,person,0.6477596759796143
581,car,0.43372780084609985
581,person,0.39795589447021484
581,person,0.3078137934207916
582,car,0.8948502540588379
582,person,0.8414279818534851
582,person,0.8297435641288757
582,car,0.8214909434318542
582,person,0.8039013743400574
582,person,0.7687550783157349
582,person,0.757355809211731
582,person,0.7533061504364014
582,person,0.7507473230361938
582,person,0.7385035753250122
582,person,0.7310946583747864
582,person,0.6872822046279907
582,person,0.6666125059127808
582,person,0.6411534547805786
582,person,0.6158450245857239
582,person,0.541214108467102
582,car,0.5090968012809753
583,car,0.8909963965415955
583,person,0.8488911986351013
583,person,0.8436411023139954
583,person,0.8166972398757935
583,car,0.8160054683685303
583,person,0.7695960998535156
583,person,0.7565184831619263
583,person,0.7511397004127502
583,person,0.7479674220085144
583,person,0.7269290685653687
583,person,0.7014297842979431
583,person,0.6711198091506958
583,person,0.5988776087760925
583,person,0.5873255133628845
583,person,0.5826063752174377
583,car,0.5513054132461548
583,person,0.5075278282165527
584,car,0.8876258730888367
584,person,0.8705453276634216
584,person,0.8444932103157043
584,car,0.8238376975059509
584,person,0.8167011141777039
584,person,0.8095651268959045
584,person,0.7688432335853577
584,person,0.7677913904190063
584,person,0.7601052522659302
584,person,0.7266438603401184
584,person,0.7199064493179321
584,person,0.6918778419494629
584,car,0.6325753331184387
584,person,0.6225244402885437
584,person,0.5797390341758728
584,person,0.5278266072273254
584,person,0.5216371417045593
584,person,0.3779367506504059
585,car,0.8856164813041687
585,person,0.8735038042068481
585,person,0.8551025390625
585,person,0.8218272924423218
585,car,0.8213070631027222
585,person,0.8168741464614868
585,person,0.8138225674629211
585,person,0.791126012802124
585,person,0.765953540802002
585,person,0.7323704957962036
585,person,0.7055426239967346
585,person,0.6838826537132263
585,person,0.6001995205879211
585,person,0.580599308013916
585,person,0.5386642217636108
585,car,0.5359643697738647
585,person,0.44685110449790955
585,person,0.42294439673423767
586,car,0.8888937830924988
586,person,0.8560746908187866
586,person,0.8436002135276794
586,person,0.8281760215759277
586,car,0.8256060481071472
586,person,0.822810173034668
586,person,0.8198300004005432
586,person,0.777193009853363
586,person,0.775175154209137
586,person,0.7263822555541992
586,person,0.7263004779815674
586,person,0.6986274123191833
586,person,0.6900237798690796
586,person,0.6698348522186279
586,car,0.633723795413971
586,person,0.6308003067970276
586,person,0.46574366092681885
587,car,0.8888562321662903
587,person,0.8436328768730164
587,person,0.8362928032875061
587,person,0.8300212621688843
587,car,0.8233833312988281
587,person,0.8205277323722839
587,person,0.8008365035057068
587,person,0.7713524699211121
587,person,0.7624797224998474
587,person,0.7269337773323059
587,person,0.7119210362434387
587,person,0.698814868927002
587,person,0.6525571346282959
587,person,0.6505146622657776
587,car,0.6377710700035095
587,person,0.6022642254829407
587,person,0.46525102853775024
588,car,0.8855212330818176
588,person,0.8335643410682678
588,person,0.8324214220046997
588,person,0.8299534916877747
588,person,0.8265880942344666
588,car,0.8264420032501221
588,person,0.7938573360443115
588,person,0.7780807018280029
588,person,0.7438033223152161
588,person,0.7315638065338135
588,person,0.7140854597091675
588,car,0.7027897238731384
588,person,0.6912285089492798
588,person,0.6834955811500549
588,person,0.6746026277542114
588,person,0.6006062030792236
588,person,0.584297776222229
589,car,0.8882460594177246
589,person,0.8506032228469849
589,person,0.8325559496879578
589,car,0.8275130987167358
589,person,0.8245680928230286
589,person,0.8060648441314697
589,person,0.8022813200950623
589,person,0.7905429601669312
589,car,0.7371589541435242
589,person,0.7257112264633179
589,person,0.7165843844413757
589,person,0.7027645707130432
589,person,0.6850301027297974
589,person,0.6810450553894043
589,person,0.6744377017021179
589,person,0.669655442237854
589,person,0.6268077492713928
590,car,0.8872138857841492
590,person,0.8717135787010193
590,person,0.8481190204620361
590,car,0.8257004618644714
590,person,0.8063355088233948
590,person,0.8018856048583984
590,person,0.8014592528343201
590,person,0.7925447821617126
590,person,0.7900360822677612
590,car,0.7701703310012817
590,person,0.7185860872268677
590,person,0.6888186931610107
590,person,0.6819764375686646
590,person,0.6644757986068726
590,person,0.6128458380699158
590,person,0.6122419238090515
590,person,0.6040573120117188
591,car,0.885168194770813
591,person,0.8698840737342834
591,person,0.8547423481941223
591,person,0.8244597911834717
591,car,0.8210190534591675
591,person,0.7972493171691895
591,person,0.7871569991111755
591,person,0.780645489692688
591,person,0.7665731310844421
591,car,0.7389950752258301
591,person,0.7375027537345886
591,person,0.6967335343360901
591,person,0.6551814675331116
591,person,0.6371105909347534
591,person,0.6317957043647766
591,person,0.6310356855392456
591,person,0.5933136940002441
592,car,0.8857103586196899
592,person,0.8564910888671875
592,person,0.8554598093032837
592,person,0.8372982144355774
592,car,0.8214834928512573
592,person,0.8030388951301575
592,person,0.8029676079750061
592,person,0.7610653042793274
592,person,0.750141978263855
592,person,0.7264783382415771
592,car,0.7204807996749878
592,person,0.7020341753959656
592,person,0.6547948718070984
592,person,0.6531811356544495
592,person,0.648018479347229
592,person,0.6451510190963745
592,person,0.6088849306106567
593,car,0.8878616094589233
593,person,0.8677286505699158
593,person,0.8579686284065247
593,person,0.8441968560218811
593,car,0.822786808013916
593,person,0.8139304518699646
593,person,0.8112407922744751
593,person,0.7757370471954346
593,person,0.7711924910545349
593,person,0.7387608289718628
593,person,0.7265883088111877
593,car,0.7111626267433167
593,person,0.6947296857833862
593,person,0.6669764518737793
593,person,0.6661719679832458
593,person,0.6308460831642151
593,person,0.5862993001937866
594,car,0.8888551592826843
594,person,0.8635237216949463
594,person,0.8385297656059265
594,person,0.8347099423408508
594,person,0.825934112071991
594,car,0.815822958946228
594,person,0.801190197467804
594,person,0.7904648184776306
594,person,0.7726741433143616
594,person,0.7553313970565796
594,person,0.7453322410583496
594,person,0.712765634059906
594,car,0.7083260416984558
594,person,0.6910473704338074
594,person,0.6692619323730469
594,person,0.661831259727478
594,person,0.5727673768997192
595,car,0.8894734382629395
595,person,0.8629149794578552
595,person,0.8547993302345276
595,person,0.836357831954956
595,person,0.8311923742294312
595,car,0.8145294189453125
595,person,0.8068549633026123
595,person,0.8051570057868958
595,person,0.7671328186988831
595,person,0.7646278738975525
595,person,0.7347336411476135
595,person,0.7275585532188416
595,car,0.7239683866500854
595,person,0.7048293352127075
595,person,0.6563583016395569
595,person,0.6529252529144287
595,person,0.6170254349708557
596,car,0.8928366899490356
596,person,0.8634232878684998
596,person,0.8469727635383606
596,person,0.8413777947425842
596,person,0.8256910443305969
596,car,0.8181431293487549
596,person,0.8097537755966187
596,person,0.8031564950942993
596,person,0.7844563126564026
596,person,0.7624529600143433
596,person,0.7476435303688049
596,person,0.7441006898880005
596,person,0.7424324750900269
596,person,0.6667690277099609
596,person,0.6656780242919922
596,person,0.6351354718208313
596,car,0.6232296228408813
597,car,0.8889865875244141
597,person,0.8511307835578918
597,person,0.844190776348114
597,person,0.8332878351211548
597,car,0.8181110620498657
597,person,0.8071780800819397
597,person,0.8061760663986206
597,person,0.8004772067070007
597,person,0.7810493111610413
597,person,0.7773474454879761
597,person,0.7730954885482788
597,person,0.7629092335700989
597,person,0.7370405793190002
597,person,0.6834055185317993
597,person,0.6450768709182739
597,car,0.6277116537094116
597,person,0.6239100098609924
598,car,0.8900461792945862
598,person,0.8435856103897095
598,person,0.8418489694595337
598,person,0.8219073414802551
598,car,0.8136621713638306
598,person,0.8110038042068481
598,person,0.8016550540924072
598,person,0.7985711097717285
598,person,0.7890776991844177
598,person,0.7874917387962341
598,person,0.7818323969841003
598,person,0.7748758792877197
598,person,0.7669654488563538
598,person,0.7078719735145569
598,person,0.6758730411529541
598,person,0.6617797613143921
598,car,0.5573593974113464
599,car,0.8905293345451355
599,person,0.8436144590377808
599,person,0.8415113687515259
599,person,0.8320984840393066
599,car,0.8186435103416443
599,person,0.8156671524047852
599,person,0.81146240234375
599,person,0.800136923789978
599,person,0.7945457100868225
599,person,0.7822362184524536
599,person,0.7753276824951172
599,person,0.7344802618026733
599,person,0.7327965497970581
599,person,0.6683416366577148
599,person,0.6643437147140503
599,person,0.6510211229324341
599,car,0.6003850698471069
600,car,0.889063835144043
600,person,0.8419358134269714
600,person,0.8321346640586853
600,person,0.8265658020973206
600,person,0.8222271203994751
600,person,0.8172321915626526
600,car,0.8157964944839478
600,person,0.7951077818870544
600,person,0.7941322326660156
600,person,0.7847267389297485
600,person,0.7794442176818848
600,person,0.766167938709259
600,person,0.6838022470474243
600,person,0.6738694310188293
600,person,0.6728414297103882
600,car,0.6501160860061646
600,person,0.6183112859725952
601,car,0.8872876167297363
601,person,0.8461933135986328
601,person,0.8280741572380066
601,person,0.8268649578094482
601,car,0.8183106184005737
601,person,0.8126508593559265
601,person,0.8067466616630554
601,person,0.7934471368789673
601,person,0.7864090204238892
601,person,0.786030650138855
601,person,0.7427266836166382
601,person,0.7347453236579895
601,person,0.6979590654373169
601,person,0.6933778524398804
601,person,0.678964376449585
601,car,0.5941910743713379
601,person,0.5794185400009155
602,car,0.8883445262908936
602,person,0.8470709323883057
602,person,0.8300176858901978
602,person,0.8272880911827087
602,car,0.8193973302841187
602,person,0.8187050223350525
602,person,0.812149703502655
602,person,0.8074150681495667
602,person,0.7738679647445679
602,person,0.7705473303794861
602,person,0.7693179249763489
602,person,0.744030773639679
602,person,0.7227354049682617
602,person,0.7100047469139099
602,person,0.6407335996627808
602,car,0.6363216638565063
602,person,0.5548025369644165
603,car,0.8894379734992981
603,person,0.8391227722167969
603,car,0.8217560052871704
603,person,0.8213938474655151
603,person,0.8199465274810791
603,person,0.8152731657028198
603,person,0.797902524471283
603,person,0.784823477268219
603,person,0.780135989189148
603,person,0.7708522081375122
603,person,0.7494242191314697
603,person,0.7343639135360718
603,person,0.7063213586807251
603,person,0.7010586261749268
603,person,0.6689100861549377
603,car,0.6054630875587463
603,person,0.5631374716758728
604,car,0.8904426097869873
604,person,0.8516753911972046
604,person,0.8306570053100586
604,car,0.8218124508857727
604,person,0.8048418760299683
604,person,0.7956646680831909
604,person,0.7953763008117676
604,person,0.788178563117981
604,person,0.7738601565361023
604,person,0.7585551738739014
604,person,0.7344321608543396
604,person,0.7231100797653198
604,person,0.7154917120933533
604,person,0.6958357095718384
604,person,0.6900635957717896
604,person,0.6706430315971375
604,car,0.5906490683555603
605,car,0.8884777426719666
605,person,0.8441266417503357
605,person,0.8340355753898621
605,car,0.8198285102844238
605,person,0.8189049959182739
605,person,0.8067346811294556
605,person,0.760149359703064
605,person,0.7554044723510742
605,person,0.7509776949882507
605,person,0.7374255061149597
605,person,0.7351460456848145
605,person,0.7252460718154907
605,person,0.7168312072753906
605,person,0.7129060626029968
605,person,0.7109830379486084
605,person,0.620185136795044
605,car,0.4638880789279938
606,car,0.8899070024490356
606,person,0.8399345874786377
606,person,0.8310683965682983
606,car,0.8188061118125916
606,person,0.8097007274627686
606,person,0.8080149292945862
606,person,0.785385012626648
606,person,0.7505913376808167
606,person,0.7333377003669739
606,person,0.714949369430542
606,person,0.7079938054084778
606,person,0.7006492614746094
606,person,0.6870996952056885
606,person,0.682623028755188
606,person,0.6712082624435425
606,person,0.6344987750053406
606,car,0.4155946969985962
607,car,0.8868516087532043
607,person,0.838472843170166
607,person,0.8330386877059937
607,car,0.8191335201263428
607,person,0.8099388480186462
607,person,0.8003640174865723
607,person,0.79584801197052
607,person,0.7757691144943237
607,person,0.7753661870956421
607,person,0.738364040851593
607,person,0.722370445728302
607,person,0.71210116147995
607,person,0.6950669288635254
607,person,0.6582205891609192
607,person,0.6422435641288757
607,person,0.6224834322929382
607,car,0.4548152685165405
608,car,0.8860439658164978
608,person,0.8310354351997375
608,person,0.8296918869018555
608,car,0.8153970837593079
608,person,0.8065221905708313
608,person,0.7988219261169434
608,person,0.7887803316116333
608,person,0.778667688369751
608,person,0.7784824967384338
608,person,0.7606928944587708
608,person,0.7588004469871521
608,person,0.7042463421821594
608,person,0.6931334137916565
608,person,0.6910362839698792
608,person,0.6477257609367371
608,person,0.5668861865997314
608,car,0.4934500753879547
609,car,0.8860322833061218
609,person,0.8345541954040527
609,car,0.8152124881744385
609,person,0.805362343788147
609,person,0.7993301749229431
609,person,0.7937244772911072
609,person,0.7728468775749207
609,person,0.7697082161903381
609,person,0.7628738880157471
609,person,0.7394753098487854
609,person,0.7343710660934448
609,person,0.7197091579437256
609,person,0.702039361000061
609,person,0.6765552163124084
609,person,0.6469029784202576
609,person,0.5496493577957153
609,car,0.5324715375900269
610,car,0.8949627876281738
610,car,0.8278206586837769
610,person,0.8063646554946899
610,person,0.7867140769958496
610,person,0.7831457853317261
610,person,0.7797113060951233
610,person,0.7766467332839966
610,person,0.7629106044769287
610,person,0.7309876680374146
610,person,0.7267099618911743
610,person,0.7208911776542664
610,person,0.7189139127731323
610,person,0.6756753325462341
610,person,0.6459831595420837
610,person,0.6279223561286926
610,person,0.583630383014679
610,car,0.5354728698730469
611,car,0.8952087163925171
611,car,0.8283166885375977
611,person,0.7969057559967041
611,person,0.7907649874687195
611,person,0.7898980379104614
611,person,0.7814313173294067
611,person,0.772503674030304
611,person,0.7643864154815674
611,person,0.7314304709434509
611,person,0.7076742053031921
611,person,0.6954128742218018
611,person,0.688126802444458
611,person,0.6802032589912415
611,person,0.6571640372276306
611,person,0.6394548416137695
611,person,0.6313198208808899
611,car,0.5392719507217407
612,car,0.8912703394889832
612,person,0.8504166603088379
612,car,0.8307943940162659
612,person,0.7945175766944885
612,person,0.7921046614646912
612,person,0.7905282378196716
612,person,0.7845096588134766
612,person,0.7624790072441101
612,person,0.7595535516738892
612,person,0.7468062043190002
612,person,0.7150368690490723
612,person,0.7135931253433228
612,person,0.6399644613265991
612,car,0.6013227701187134
612,person,0.5709677338600159
612,person,0.5224936604499817
612,person,0.36984574794769287
613,car,0.8950923085212708
613,person,0.8606163859367371
613,car,0.8310145139694214
613,person,0.8204583525657654
613,person,0.8092665672302246
613,person,0.7914465069770813
613,person,0.7889350652694702
613,person,0.7870652079582214
613,person,0.7691473364830017
613,person,0.7577587962150574
613,person,0.7537374496459961
613,person,0.7201569080352783
613,person,0.6498940587043762
613,person,0.6497932076454163
613,person,0.6028455495834351
613,car,0.5693438053131104
614,car,0.8958962559700012
614,person,0.8543822169303894
614,car,0.8314779996871948
614,person,0.8164479732513428
614,person,0.8071467876434326
614,person,0.8045644164085388
614,person,0.7829861044883728
614,person,0.7695329189300537
614,person,0.7662941813468933
614,person,0.7497704029083252
614,person,0.7352887988090515
614,person,0.7134562134742737
614,person,0.6646097898483276
614,person,0.5879071354866028
614,person,0.5835685133934021
614,car,0.48711153864860535
615,car,0.8963803648948669
615,person,0.8733488321304321
615,car,0.8267685770988464
615,person,0.8139157295227051
615,person,0.8094195127487183
615,person,0.8056480884552002
615,person,0.7944899797439575
615,person,0.7520624399185181
615,person,0.7441968321800232
615,person,0.7316244840621948
615,person,0.7284623384475708
615,person,0.7116460204124451
615,person,0.7067065238952637
615,person,0.6639891862869263
615,person,0.6161789894104004
615,car,0.4963620603084564
616,car,0.8931386470794678
616,person,0.8865968585014343
616,car,0.8235040903091431
616,person,0.8154409527778625
616,person,0.8038917779922485
616,person,0.7856335043907166
616,person,0.7852791547775269
616,person,0.7795401811599731
616,person,0.7691279053688049
616,person,0.7678513526916504
616,person,0.7607826590538025
616,person,0.7263273000717163
616,person,0.7015761137008667
616,car,0.6895694136619568
616,person,0.6674121022224426
616,person,0.6347454786300659
617,car,0.8929937481880188
617,person,0.8640725612640381
617,car,0.8230083584785461
617,person,0.8110044002532959
617,person,0.7834353446960449
617,person,0.7709876298904419
617,person,0.7656959295272827
617,person,0.7626397013664246
617,person,0.751154363155365
617,person,0.7493700981140137
617,person,0.7467482089996338
617,person,0.7309127449989319
617,person,0.707531213760376
617,person,0.6694440841674805
617,car,0.6584476828575134
617,person,0.5751826167106628
618,car,0.8925698399543762
618,person,0.8296817541122437
618,car,0.8246573805809021
618,person,0.8084198832511902
618,person,0.7967550754547119
618,person,0.7891363501548767
618,person,0.7698509097099304
618,person,0.76174396276474
618,person,0.7454747557640076
618,person,0.7382397651672363
618,person,0.7324346899986267
618,person,0.7295863032341003
618,person,0.7153047919273376
618,car,0.6547357439994812
618,person,0.6233825087547302
618,person,0.5785320401191711
619,car,0.8889718651771545
619,person,0.8323107361793518
619,car,0.8134971261024475
619,person,0.8024192452430725
619,person,0.7977832555770874
619,person,0.7971152663230896
619,person,0.7822381258010864
619,person,0.7695313096046448
619,person,0.7602002024650574
619,person,0.7408356666564941
619,person,0.7131690382957458
619,car,0.701987087726593
619,person,0.6977823376655579
619,person,0.6566548347473145
619,person,0.6218566298484802
619,person,0.571852445602417
620,car,0.8927757740020752
620,person,0.8445172309875488
620,car,0.8204646110534668
620,person,0.8064277172088623
620,person,0.7981802821159363
620,person,0.7862047553062439
620,person,0.7841435670852661
620,person,0.7812341451644897
620,person,0.7510584592819214
620,car,0.7490569353103638
620,person,0.749011754989624
620,person,0.7374141216278076
620,person,0.7155937552452087
620,person,0.6471951007843018
620,person,0.6112621426582336
620,person,0.43916985392570496
620,person,0.36576613783836365
620,person,0.2838802933692932
621,car,0.8930861353874207
621,person,0.8444907069206238
621,person,0.8287891745567322
621,car,0.820902943611145
621,person,0.806581974029541
621,car,0.7879587411880493
621,person,0.7750961184501648
621,person,0.7732635140419006
621,person,0.7660658359527588
621,person,0.7622937560081482
621,person,0.7307641506195068
621,person,0.7206109166145325
621,person,0.6845468878746033
621,person,0.6800538301467896
621,person,0.6728829145431519
621,person,0.5433984398841858
621,person,0.3024979531764984
622,car,0.8921263813972473
622,person,0.8437027931213379
622,car,0.8201504349708557
622,person,0.8015240430831909
622,car,0.7910460233688354
622,person,0.7907501459121704
622,person,0.7882961630821228
622,person,0.7751240730285645
622,person,0.7737429141998291
622,person,0.7700602412223816
622,person,0.7486424446105957
622,person,0.7291011810302734
622,person,0.6992480754852295
622,person,0.6817823648452759
622,person,0.6441537141799927
622,person,0.5918442010879517
622,person,0.41208329796791077
623,car,0.8907967209815979
623,person,0.8527309894561768
623,car,0.8158949017524719
623,person,0.7889267206192017
623,person,0.7773683071136475
623,person,0.7768285274505615
623,person,0.7699496746063232
623,person,0.7571614384651184
623,person,0.7555636167526245
623,car,0.7545451521873474
623,person,0.7414543628692627
623,person,0.7195795774459839
623,person,0.7137564420700073
623,person,0.7126796245574951
623,person,0.6776127219200134
623,person,0.6171747446060181
624,car,0.8859664797782898
624,person,0.8444341421127319
624,car,0.8152821063995361
624,person,0.8010310530662537
624,person,0.7835251688957214
624,person,0.7799883484840393
624,person,0.7765947580337524
624,person,0.7744906544685364
624,person,0.7719361186027527
624,person,0.7543278932571411
624,person,0.7415283918380737
624,car,0.7242839932441711
624,person,0.7206632494926453
624,person,0.7114157676696777
624,person,0.6757982969284058
624,person,0.6368225812911987
625,car,0.8858689069747925
625,person,0.8481963872909546
625,person,0.8275327682495117
625,person,0.8201162219047546
625,car,0.8124482035636902
625,person,0.8105224370956421
625,person,0.7993940711021423
625,person,0.7791197896003723
625,person,0.7619214653968811
625,person,0.7372143268585205
625,person,0.7368468046188354
625,car,0.7330836653709412
625,person,0.7215880751609802
625,person,0.7109932899475098
625,person,0.6072062849998474
625,person,0.591914713382721
625,person,0.48969194293022156
626,car,0.8919727802276611
626,person,0.8499583601951599
626,person,0.8327550292015076
626,person,0.8264688849449158
626,person,0.820663571357727
626,car,0.8140199780464172
626,person,0.7874095439910889
626,car,0.7834107279777527
626,person,0.7686260342597961
626,person,0.7578577995300293
626,person,0.7410635948181152
626,person,0.7082498669624329
626,person,0.6997474431991577
626,person,0.6619768142700195
626,person,0.5936898589134216
626,person,0.5907445549964905
626,handbag,0.2588813304901123
627,car,0.8917874693870544
627,person,0.8432947397232056
627,person,0.8411769866943359
627,car,0.8154542446136475
627,person,0.8122458457946777
627,person,0.8075858950614929
627,person,0.7986708283424377
627,car,0.7948431968688965
627,person,0.7532743215560913
627,person,0.7404553890228271
627,person,0.7351906895637512
627,person,0.7287843227386475
627,person,0.6918286681175232
627,person,0.6863420009613037
627,person,0.6554432511329651
627,person,0.6191365718841553
627,handbag,0.35061752796173096
628,car,0.8893426656723022
628,person,0.8452591300010681
628,person,0.8270148038864136
628,car,0.8203874826431274
628,person,0.7989215850830078
628,car,0.7938405871391296
628,person,0.7916524410247803
628,person,0.7860715389251709
628,person,0.7742424607276917
628,person,0.7450666427612305
628,person,0.7438468337059021
628,person,0.7361003160476685
628,person,0.732194721698761
628,person,0.7052891850471497
628,person,0.6824665069580078
628,person,0.6642452478408813
629,car,0.8848856687545776
629,person,0.866141140460968
629,person,0.8183376789093018
629,person,0.8158688545227051
629,car,0.8149926066398621
629,person,0.7961887717247009
629,person,0.7948833107948303
629,person,0.7835144400596619
629,car,0.7804307341575623
629,person,0.760491132736206
629,person,0.7553244829177856
629,person,0.755260169506073
629,person,0.7276721000671387
629,person,0.6976712942123413
629,person,0.6800702810287476
629,person,0.6739197373390198
630,car,0.8877366781234741
630,person,0.8632745742797852
630,car,0.8244640827178955
630,person,0.8126519322395325
630,person,0.8089724779129028
630,car,0.8001617789268494
630,person,0.7928009629249573
630,person,0.7920731902122498
630,person,0.765684962272644
630,person,0.7621850371360779
630,person,0.7574664354324341
630,person,0.7481973171234131
630,person,0.7463429570198059
630,person,0.7180763483047485
630,person,0.6509425640106201
630,person,0.5249432325363159
631,car,0.8888934850692749
631,person,0.8621994256973267
631,person,0.8392166495323181
631,person,0.8218538761138916
631,car,0.8207828998565674
631,person,0.7943885326385498
631,car,0.7933369874954224
631,person,0.781879186630249
631,person,0.7719892859458923
631,person,0.7671515941619873
631,person,0.7601971626281738
631,person,0.7578380703926086
631,person,0.7567301392555237
631,person,0.7086020708084106
631,person,0.6954130530357361
631,person,0.5894903540611267
632,car,0.8878405690193176
632,person,0.8520111441612244
632,person,0.832429051399231
632,car,0.8237380385398865
632,person,0.8068091869354248
632,car,0.7983680367469788
632,person,0.790613055229187
632,person,0.7747700214385986
632,person,0.7718687653541565
632,person,0.7709817886352539
632,person,0.7669597864151001
632,person,0.7604299187660217
632,person,0.7536767721176147
632,person,0.7325183153152466
632,person,0.6917222142219543
632,person,0.556052565574646
633,car,0.8864278197288513
633,person,0.8481588959693909
633,person,0.8277356028556824
633,car,0.8260764479637146
633,person,0.8057778477668762
633,person,0.8028013110160828
633,person,0.7991425395011902
633,person,0.7873939871788025
633,person,0.787180483341217
633,car,0.7855883836746216
633,person,0.7846322059631348
633,person,0.7746825814247131
633,person,0.7457505464553833
633,person,0.732766330242157
633,person,0.6594517827033997
633,person,0.5344113111495972
634,car,0.8894177079200745
634,person,0.8473433256149292
634,person,0.8441733717918396
634,car,0.8274044990539551
634,person,0.8164157867431641
634,person,0.8106203079223633
634,car,0.8034825921058655
634,person,0.7978881001472473
634,person,0.7974845767021179
634,person,0.791483998298645
634,person,0.7846129536628723
634,person,0.7724695205688477
634,person,0.7339268922805786
634,person,0.7022469639778137
634,person,0.6848031282424927
634,person,0.4719373881816864
635,car,0.8877298831939697
635,person,0.8501225709915161
635,person,0.8496496677398682
635,car,0.8267978429794312
635,person,0.8146058917045593
635,person,0.8143817186355591
635,person,0.8140460848808289
635,car,0.8073073029518127
635,person,0.7912427186965942
635,person,0.7862855792045593
635,person,0.7739935517311096
635,person,0.7657638788223267
635,person,0.7636885643005371
635,person,0.7170289158821106
635,person,0.6781090497970581
635,person,0.4604596197605133
636,car,0.881373405456543
636,person,0.8387916684150696
636,person,0.826852023601532
636,car,0.8255380988121033
636,person,0.821581244468689
636,car,0.8191721439361572
636,person,0.8153087496757507
636,person,0.7981855273246765
636,person,0.7892314791679382
636,person,0.7851829528808594
636,person,0.7816900014877319
636,person,0.7688390612602234
636,person,0.7648739814758301
636,person,0.7142982482910156
636,person,0.6573898792266846
636,person,0.38141930103302
636,person,0.2942245304584503
637,car,0.8812961578369141
637,person,0.8268711566925049
637,car,0.8189436197280884
637,person,0.8133867383003235
637,person,0.8123599886894226
637,car,0.8111402988433838
637,person,0.8098793625831604
637,person,0.8055820465087891
637,person,0.7755957841873169
637,person,0.7729971408843994
637,person,0.7526080012321472
637,person,0.7450381517410278
637,person,0.7258886694908142
637,person,0.7004957795143127
637,person,0.6773195862770081
637,person,0.4107131063938141
637,person,0.3040143847465515
638,car,0.8799086213111877
638,person,0.8335554003715515
638,car,0.8274843692779541
638,person,0.8239055871963501
638,car,0.8178269267082214
638,person,0.812170147895813
638,person,0.8016895651817322
638,person,0.7797295451164246
638,person,0.7543515563011169
638,person,0.7535727620124817
638,person,0.7408155202865601
638,person,0.738731861114502
638,person,0.7088911533355713
638,person,0.7087467908859253
638,person,0.6746814846992493
638,person,0.49924132227897644
638,person,0.28544262051582336
638,person,0.2814587950706482
639,car,0.8826952576637268
639,person,0.817065954208374
639,car,0.8169429302215576
639,car,0.8128347992897034
639,person,0.7986171245574951
639,person,0.7907273173332214
639,person,0.7719688415527344
639,person,0.7707567811012268
639,person,0.7656483054161072
639,person,0.73175048828125
639,person,0.7285631895065308
639,person,0.7269023060798645
639,person,0.6874346137046814
639,person,0.6391195058822632
639,person,0.5771334767341614
639,person,0.3725062608718872
639,person,0.31586572527885437
640,car,0.8824841976165771
640,person,0.8409358263015747
640,car,0.8184695839881897
640,person,0.8158854842185974
640,car,0.815386176109314
640,person,0.8028422594070435
640,person,0.7960039377212524
640,person,0.7869039177894592
640,person,0.7831092476844788
640,person,0.7638753056526184
640,person,0.7552271485328674
640,person,0.7474833726882935
640,person,0.6820769906044006
640,person,0.664264440536499
640,person,0.5355690717697144
640,person,0.4593268930912018
641,car,0.8823082447052002
641,person,0.8439028859138489
641,person,0.838181734085083
641,car,0.8255758881568909
641,car,0.8195763230323792
641,person,0.8131972551345825
641,person,0.8069705367088318
641,person,0.8012334108352661
641,person,0.7859896421432495
641,person,0.7768000960350037
641,person,0.7683315277099609
641,person,0.7074134945869446
641,person,0.6905272603034973
641,person,0.6478838324546814
641,person,0.4396645426750183
641,person,0.37281879782676697
641,person,0.34073954820632935
641,person,0.2990068197250366
642,car,0.8802800178527832
642,person,0.8696600794792175
642,car,0.8464993834495544
642,person,0.8195157051086426
642,car,0.8178399205207825
642,person,0.7977956533432007
642,person,0.7946040034294128
642,person,0.7943136096000671
642,person,0.7805423736572266
642,person,0.7761142253875732
642,person,0.7708540558815002
642,person,0.7211495041847229
642,person,0.6574934720993042
642,person,0.6532090902328491
642,person,0.540554404258728
642,person,0.5339457988739014
642,person,0.289086252450943
643,car,0.8828076720237732
643,car,0.865509033203125
643,person,0.860715925693512
643,car,0.8182835578918457
643,person,0.8065912127494812
643,person,0.8009433150291443
643,person,0.7970697283744812
643,person,0.7916250228881836
643,person,0.7894454598426819
643,person,0.756085216999054
643,person,0.7532771825790405
643,person,0.7352802753448486
643,person,0.6767998933792114
643,person,0.6117228269577026
643,person,0.538386344909668
643,person,0.5340495705604553
643,person,0.2629188597202301
644,car,0.8885234594345093
644,car,0.8709003329277039
644,person,0.8537785410881042
644,car,0.8198966979980469
644,person,0.8115721940994263
644,person,0.8021984100341797
644,person,0.7916451096534729
644,person,0.7906258702278137
644,person,0.7872463464736938
644,person,0.7576808929443359
644,person,0.7314385175704956
644,person,0.7301099300384521
644,person,0.7258965969085693
644,person,0.570540189743042
644,person,0.5570396184921265
644,person,0.4207656681537628
645,car,0.8907048106193542
645,car,0.8860318064689636
645,person,0.856461226940155
645,person,0.8328665494918823
645,car,0.8211382031440735
645,person,0.8016099333763123
645,person,0.7917243838310242
645,person,0.7782827019691467
645,person,0.7779443264007568
645,person,0.7501839399337769
645,person,0.7423525452613831
645,person,0.729041337966919
645,person,0.688727080821991
645,person,0.6286221742630005
645,person,0.6099293828010559
645,person,0.4059700667858124
646,car,0.8909705281257629
646,car,0.8750438690185547
646,person,0.8481027483940125
646,person,0.8437063694000244
646,car,0.8220800161361694
646,person,0.8098065853118896
646,person,0.7882016897201538
646,person,0.7692057490348816
646,person,0.7636697888374329
646,person,0.7606757879257202
646,person,0.760366678237915
646,person,0.7538831233978271
646,person,0.7329105138778687
646,person,0.6893229484558105
646,person,0.6657548546791077
646,person,0.44036296010017395
647,car,0.8900787830352783
647,car,0.864337146282196
647,person,0.8458842039108276
647,person,0.843591570854187
647,car,0.8234870433807373
647,person,0.8026704788208008
647,person,0.788129985332489
647,person,0.765092134475708
647,person,0.7552849054336548
647,person,0.7434213161468506
647,person,0.7312166690826416
647,person,0.7199262380599976
647,person,0.7144755125045776
647,person,0.7063673734664917
647,person,0.6757318377494812
647,person,0.4204408824443817
648,car,0.8918349742889404
648,car,0.8549337387084961
648,person,0.8498544096946716
648,person,0.845592737197876
648,car,0.8189106583595276
648,person,0.8048581480979919
648,person,0.7619821429252625
648,person,0.7618597149848938
648,person,0.7579344511032104
648,person,0.7474070191383362
648,person,0.7428690195083618
648,person,0.7408641576766968
648,person,0.7246365547180176
648,person,0.6818503737449646
648,person,0.6760782599449158
648,person,0.4338725507259369
649,car,0.8915399312973022
649,car,0.8564152717590332
649,person,0.8449341654777527
649,person,0.8362587094306946
649,car,0.8170694708824158
649,person,0.7693375945091248
649,person,0.7593643069267273
649,person,0.753332257270813
649,person,0.7339999675750732
649,person,0.7338694334030151
649,person,0.7304837107658386
649,person,0.7188955545425415
649,person,0.6997758746147156
649,person,0.6832120418548584
649,person,0.6668659448623657
649,person,0.4478318989276886
650,car,0.8925057649612427
650,car,0.8509683609008789
650,person,0.8420398235321045
650,person,0.8392871022224426
650,car,0.8155664801597595
650,person,0.7591792941093445
650,person,0.7479891777038574
650,person,0.7440535426139832
650,person,0.7426433563232422
650,person,0.7363859415054321
650,person,0.7298173308372498
650,person,0.7079601883888245
650,person,0.6966757774353027
650,person,0.6901471018791199
650,person,0.6542283892631531
650,person,0.5251800417900085
651,car,0.8911489844322205
651,car,0.8729978799819946
651,person,0.8370924592018127
651,person,0.8279901146888733
651,car,0.8217483758926392
651,person,0.769645631313324
651,person,0.7534420490264893
651,person,0.7530702948570251
651,person,0.7471322417259216
651,person,0.7466567754745483
651,person,0.7455961108207703
651,person,0.7172189950942993
651,person,0.7158163785934448
651,person,0.6567044258117676
651,person,0.6031352877616882
651,person,0.5442377328872681
652,car,0.891953706741333
652,car,0.8595848679542542
652,person,0.8288686275482178
652,person,0.8268689513206482
652,car,0.822016179561615
652,person,0.7939251661300659
652,person,0.7757179737091064
652,person,0.7642837762832642
652,person,0.7631615996360779
652,person,0.748807430267334
652,person,0.7462159991264343
652,person,0.7299948930740356
652,person,0.7213497757911682
652,person,0.630715012550354
652,person,0.5968980193138123
652,person,0.5193162560462952
653,car,0.8891237378120422
653,car,0.8741648197174072
653,car,0.8157087564468384
653,person,0.8155363202095032
653,person,0.8103036880493164
653,person,0.8070311546325684
653,person,0.7799770832061768
653,person,0.7656565308570862
653,person,0.7553706765174866
653,person,0.7450558543205261
653,person,0.7375190258026123
653,person,0.7208706736564636
653,person,0.6967177987098694
653,person,0.6399922966957092
653,person,0.6038095951080322
653,person,0.5189909338951111
654,car,0.8904646635055542
654,car,0.865247905254364
654,person,0.8284079432487488
654,person,0.8219113349914551
654,car,0.8161274790763855
654,person,0.7917072176933289
654,person,0.7745370268821716
654,person,0.7696452140808105
654,person,0.7500007152557373
654,person,0.7424956560134888
654,person,0.729691207408905
654,person,0.6968640089035034
654,person,0.6815332770347595
654,person,0.5976898670196533
654,person,0.5770953297615051
654,person,0.4651610255241394
655,car,0.888584554195404
655,car,0.832747757434845
655,person,0.8222014307975769
655,car,0.8143834471702576
655,person,0.8139470219612122
655,person,0.7878468036651611
655,person,0.7842953205108643
655,person,0.7742623686790466
655,person,0.7666402459144592
655,person,0.7278003096580505
655,person,0.6975308656692505
655,person,0.6854358911514282
655,person,0.6799642443656921
655,person,0.6118748188018799
655,person,0.5721255540847778
655,person,0.49913859367370605
656,car,0.8871374726295471
656,car,0.8321497440338135
656,person,0.8247477412223816
656,car,0.8187708854675293
656,person,0.8112754225730896
656,person,0.7711924910545349
656,person,0.7693206071853638
656,person,0.7500341534614563
656,person,0.7373418211936951
656,person,0.7285673022270203
656,person,0.7281111478805542
656,person,0.7102599740028381
656,person,0.6933161020278931
656,person,0.6343857049942017
656,person,0.5351424217224121
656,person,0.4542061388492584
657,car,0.8852037191390991
657,car,0.8350675106048584
657,car,0.8141016364097595
657,person,0.8037034869194031
657,person,0.785011351108551
657,person,0.7741163969039917
657,person,0.7687662243843079
657,person,0.7446818351745605
657,person,0.7420889735221863
657,person,0.7326772212982178
657,person,0.7262823581695557
657,person,0.7140606641769409
657,person,0.6807047724723816
657,person,0.5505735278129578
657,person,0.5314723253250122
657,person,0.4166202247142792
658,car,0.884583592414856
658,car,0.8161496520042419
658,car,0.8153488039970398
658,person,0.7910201549530029
658,person,0.7827915549278259
658,person,0.7752370834350586
658,person,0.7737228274345398
658,person,0.7559545040130615
658,person,0.7540872693061829
658,person,0.7532683610916138
658,person,0.7355257272720337
658,person,0.6632944345474243
658,person,0.6453058123588562
658,person,0.5393811464309692
658,person,0.5388223528862
658,person,0.4157238006591797
659,car,0.8862674236297607
659,car,0.8236897587776184
659,car,0.8190723657608032
659,person,0.8090065717697144
659,person,0.8057966828346252
659,person,0.7894638776779175
659,person,0.7690828442573547
659,person,0.7655491828918457
659,person,0.7551736235618591
659,person,0.7439193725585938
659,person,0.7371729612350464
659,person,0.6381616592407227
659,person,0.6049035787582397
659,person,0.595700740814209
659,person,0.4396701753139496
659,person,0.39393576979637146
660,car,0.887810230255127
660,car,0.8200342655181885
660,car,0.8156631588935852
660,person,0.8044487833976746
660,person,0.7943617105484009
660,person,0.7941879630088806
660,person,0.7921053767204285
660,person,0.7889904379844666
660,person,0.7503738403320312
660,person,0.7402174472808838
660,person,0.7349130511283875
660,person,0.6423872709274292
660,person,0.5881458520889282
660,person,0.5135015845298767
660,person,0.417656809091568
660,person,0.3891569972038269
661,car,0.8868201375007629
661,car,0.8306494951248169
661,car,0.8163880705833435
661,person,0.8159060478210449
661,person,0.8105713129043579
661,person,0.8011713624000549
661,person,0.7944865226745605
661,person,0.7698221206665039
661,person,0.7682547569274902
661,person,0.7315879464149475
661,person,0.6843336820602417
661,person,0.6627486348152161
661,person,0.6443113088607788
661,person,0.42670759558677673
661,person,0.42349886894226074
661,person,0.3041762411594391
661,person,0.28010815382003784
662,car,0.8827381730079651
662,car,0.8390573263168335
662,person,0.826191782951355
662,car,0.8180522322654724
662,person,0.8079844117164612
662,person,0.8015825748443604
662,person,0.7829347252845764
662,person,0.7806219458580017
662,person,0.7363424897193909
662,person,0.7213229537010193
662,person,0.7197637557983398
662,person,0.7113786339759827
662,person,0.6807913780212402
662,person,0.490791380405426
662,person,0.45674073696136475
662,person,0.3444475531578064
663,car,0.8815644979476929
663,car,0.8322221636772156
663,car,0.8163313865661621
663,person,0.8132402896881104
663,person,0.8075639605522156
663,person,0.8052146434783936
663,person,0.7742500901222229
663,person,0.7708316445350647
663,person,0.7518972754478455
663,person,0.7459298968315125
663,person,0.7266669869422913
663,person,0.7078860402107239
663,person,0.6982694864273071
663,person,0.5499621033668518
663,person,0.4989294111728668
663,person,0.36622685194015503
664,car,0.8740708827972412
664,car,0.8474391102790833
664,person,0.8286039233207703
664,car,0.8160905838012695
664,person,0.7975044250488281
664,person,0.7945422530174255
664,person,0.7774056196212769
664,person,0.7620176672935486
664,person,0.7527828216552734
664,person,0.7459319829940796
664,person,0.7286946177482605
664,person,0.7060516476631165
664,person,0.6983348727226257
664,person,0.6120286583900452
664,person,0.5180588364601135
664,person,0.30429917573928833
665,car,0.8717011213302612
665,person,0.8515169620513916
665,car,0.8344684839248657
665,person,0.8245759010314941
665,car,0.8143738508224487
665,person,0.7902759909629822
665,person,0.7862690687179565
665,person,0.756739616394043
665,person,0.7365056872367859
665,person,0.7084398865699768
665,person,0.7063155770301819
665,person,0.6871054172515869
665,person,0.6732616424560547
665,person,0.6542770266532898
665,person,0.5962205529212952
665,person,0.30727076530456543
665,person,0.2656604051589966
666,car,0.8711749315261841
666,person,0.851769208908081
666,person,0.8362054228782654
666,car,0.8180227875709534
666,car,0.8155555129051208
666,person,0.7935698628425598
666,person,0.7541993856430054
666,person,0.7509275674819946
666,person,0.7134284973144531
666,person,0.7118592858314514
666,person,0.710551917552948
666,person,0.7079407572746277
666,person,0.6789423823356628
666,person,0.6590755581855774
666,person,0.5339143872261047
666,person,0.450110524892807
666,person,0.37508004903793335
667,car,0.8699924349784851
667,person,0.8602127432823181
667,person,0.8563838005065918
667,car,0.8152152895927429
667,person,0.8071788549423218
667,car,0.790753960609436
667,person,0.7754026055335999
667,person,0.7397662997245789
667,person,0.7354716062545776
667,person,0.7347512245178223
667,person,0.7208169102668762
667,person,0.6971807479858398
667,person,0.6911354660987854
667,person,0.6276834607124329
667,person,0.5839856266975403
667,person,0.46954113245010376
667,person,0.308335542678833
668,car,0.8773993253707886
668,person,0.8607069849967957
668,person,0.8482667207717896
668,car,0.8174377083778381
668,person,0.8024946451187134
668,person,0.7935567498207092
668,car,0.7583189606666565
668,person,0.7415311932563782
668,person,0.7361844182014465
668,person,0.7125245332717896
668,person,0.6983476877212524
668,person,0.6963790655136108
668,person,0.6702927350997925
668,person,0.6186423301696777
668,person,0.5993375182151794
668,person,0.41409364342689514
669,car,0.8808745741844177
669,person,0.8571935892105103
669,person,0.8526098132133484
669,car,0.8215251564979553
669,person,0.7801830768585205
669,person,0.7705930471420288
669,person,0.7628859281539917
669,car,0.7565409541130066
669,person,0.7505573630332947
669,person,0.7300581932067871
669,person,0.7179648280143738
669,person,0.7119449377059937
669,person,0.68883216381073
669,person,0.6248582601547241
669,person,0.5725523233413696
669,person,0.36071014404296875
669,handbag,0.3046330511569977
669,handbag,0.2668963372707367
670,car,0.8779096007347107
670,person,0.8620702028274536
670,person,0.8420199155807495
670,car,0.8227124214172363
670,person,0.7728357911109924
670,person,0.7654097676277161
670,person,0.7615054249763489
670,person,0.7521389126777649
670,person,0.748142421245575
670,person,0.746107816696167
670,car,0.736218273639679
670,person,0.7237807512283325
670,person,0.7145646810531616
670,person,0.6356568336486816
670,person,0.5457180738449097
670,person,0.4087435007095337
670,handbag,0.25688502192497253
671,car,0.8806851506233215
671,person,0.850315511226654
671,person,0.8339002728462219
671,car,0.8209446668624878
671,person,0.7924327850341797
671,person,0.7895596027374268
671,person,0.7551319003105164
671,person,0.7482627630233765
671,person,0.7450987696647644
671,car,0.7395240664482117
671,person,0.7326661944389343
671,person,0.7298163175582886
671,person,0.7135335206985474
671,person,0.6143621802330017
671,person,0.5926436185836792
671,person,0.4207657277584076
672,car,0.8791501522064209
672,person,0.8565496802330017
672,person,0.8284159898757935
672,car,0.8204554319381714
672,person,0.8119739890098572
672,person,0.7631444334983826
672,car,0.7545801401138306
672,person,0.7517286539077759
672,person,0.7482506632804871
672,person,0.7414528727531433
672,person,0.7351124882698059
672,person,0.727786660194397
672,person,0.7223528623580933
672,person,0.6760868430137634
672,person,0.5942904949188232
672,person,0.5171718001365662
673,car,0.883845329284668
673,person,0.8660441040992737
673,person,0.8217701315879822
673,car,0.8161369562149048
673,person,0.7900831699371338
673,person,0.7898688912391663
673,person,0.7771662473678589
673,person,0.7492976784706116
673,car,0.7389203906059265
673,person,0.7365233898162842
673,person,0.7318686246871948
673,person,0.728252112865448
673,person,0.7032876014709473
673,person,0.6447008848190308
673,person,0.6138501763343811
673,person,0.4108749032020569
673,handbag,0.3214135766029358
674,car,0.8834047317504883
674,person,0.8524547219276428
674,car,0.8133609294891357
674,person,0.8101661801338196
674,person,0.7950994968414307
674,person,0.7748634815216064
674,car,0.7393956780433655
674,person,0.7390857338905334
674,person,0.7314632534980774
674,person,0.7294236421585083
674,person,0.6944109797477722
674,person,0.6928867101669312
674,person,0.663654625415802
674,person,0.6186149716377258
674,person,0.5328964591026306
674,person,0.3507523834705353
674,handbag,0.339874267578125
675,car,0.8857875466346741
675,person,0.8375571966171265
675,person,0.827850878238678
675,person,0.8257865905761719
675,car,0.8139201402664185
675,person,0.8050622940063477
675,person,0.7253475785255432
675,person,0.7252185940742493
675,car,0.7222777605056763
675,person,0.710050642490387
675,person,0.6765804886817932
675,person,0.6644911766052246
675,person,0.648725152015686
675,person,0.6406599879264832
675,person,0.49598217010498047
675,person,0.3902418613433838
675,handbag,0.3362361192703247
676,car,0.8844560384750366
676,person,0.8305267095565796
676,person,0.8203088045120239
676,car,0.8021233081817627
676,person,0.7959581017494202
676,person,0.7858301401138306
676,person,0.7583815455436707
676,person,0.7283445596694946
676,person,0.7016348838806152
676,person,0.6889674067497253
676,person,0.6866233944892883
676,person,0.6730062365531921
676,car,0.6663902401924133
676,person,0.625192403793335
676,person,0.47564131021499634
676,person,0.403143048286438
676,handbag,0.2954283356666565
676,person,0.2723405361175537
677,car,0.882900595664978
677,person,0.8090611100196838
677,person,0.8069164156913757
677,car,0.8066583275794983
677,person,0.8011661171913147
677,person,0.7880266308784485
677,person,0.768376886844635
677,person,0.7171631455421448
677,person,0.7009556889533997
677,car,0.6790452003479004
677,person,0.6636927723884583
677,person,0.6528742909431458
677,person,0.6526119112968445
677,person,0.5232057571411133
677,person,0.5043743252754211
677,person,0.4904025197029114
677,handbag,0.41167351603507996
678,car,0.881745457649231
678,person,0.8214364051818848
678,person,0.8115732669830322
678,person,0.804870069026947
678,car,0.8035531640052795
678,person,0.786678671836853
678,person,0.7830399870872498
678,person,0.7141404747962952
678,person,0.7071223258972168
678,person,0.6708959937095642
678,car,0.6594138741493225
678,person,0.650111973285675
678,person,0.6139369606971741
678,person,0.5012674331665039
678,person,0.48074379563331604
678,person,0.4494815766811371
678,handbag,0.2774176299571991
679,car,0.8858649730682373
679,person,0.814072847366333
679,car,0.8107845187187195
679,person,0.805490255355835
679,person,0.8043264746665955
679,person,0.7971638441085815
679,person,0.7788971066474915
679,person,0.7668541073799133
679,person,0.6934643387794495
679,person,0.6907221674919128
679,person,0.6602575778961182
679,car,0.6506145000457764
679,person,0.539202868938446
679,person,0.53365159034729
679,person,0.42916685342788696
679,person,0.42633286118507385
679,handbag,0.3163723647594452
680,car,0.8846799731254578
680,person,0.8140799403190613
680,person,0.813126802444458
680,person,0.8118327260017395
680,person,0.81144779920578
680,car,0.8088778853416443
680,person,0.785679042339325
680,person,0.7673658132553101
680,person,0.6310268044471741
680,car,0.6199688911437988
680,person,0.6168073415756226
680,person,0.5928536653518677
680,person,0.5880482196807861
680,person,0.5866432189941406
680,person,0.49399691820144653
680,person,0.47850948572158813
680,person,0.2994195520877838
680,handbag,0.2614351212978363
681,car,0.8866166472434998
681,person,0.8155878186225891
681,car,0.8132981657981873
681,person,0.8048532009124756
681,person,0.8045524954795837
681,person,0.7842863202095032
681,person,0.7713142037391663
681,person,0.7585440874099731
681,person,0.6702873110771179
681,person,0.6557742357254028
681,person,0.5981226563453674
681,car,0.5897727608680725
681,person,0.5488982796669006
681,person,0.5032778382301331
681,person,0.4845716655254364
681,person,0.4098851978778839
681,person,0.36582353711128235
682,car,0.8874796032905579
682,car,0.8162148594856262
682,person,0.8146141171455383
682,person,0.794343113899231
682,person,0.7795239686965942
682,person,0.7731702327728271
682,person,0.7717508673667908
682,person,0.7616526484489441
682,car,0.7061978578567505
682,person,0.6840779185295105
682,person,0.6707794666290283
682,person,0.6572734117507935
682,person,0.5716200470924377
682,person,0.5366664528846741
682,person,0.5222066044807434
682,person,0.4086966812610626
682,person,0.27601057291030884
682,handbag,0.2611934244632721
683,car,0.8852851390838623
683,person,0.8206503391265869
683,car,0.8198374509811401
683,person,0.794445276260376
683,person,0.7869096994400024
683,person,0.7853187918663025
683,person,0.7842535376548767
683,person,0.7682650685310364
683,car,0.7377560138702393
683,person,0.7067248821258545
683,person,0.6920180320739746
683,person,0.6885989308357239
683,person,0.5727266669273376
683,person,0.5709319114685059
683,person,0.5554580092430115
683,person,0.4931771457195282
684,car,0.8831860423088074
684,person,0.8334599137306213
684,car,0.8129795789718628
684,person,0.8022826313972473
684,person,0.7826462984085083
684,person,0.7815760970115662
684,person,0.7521672248840332
684,person,0.7414695620536804
684,car,0.7410090565681458
684,person,0.7329775094985962
684,person,0.7009251713752747
684,person,0.6649878621101379
684,person,0.554969847202301
684,person,0.5253197550773621
684,person,0.49926260113716125
684,person,0.4481281340122223
684,person,0.2753041088581085
685,car,0.8801790475845337
685,person,0.8233094811439514
685,person,0.8172938823699951
685,car,0.8136368989944458
685,person,0.8013577461242676
685,car,0.7556472420692444
685,person,0.7520700097084045
685,person,0.736014723777771
685,person,0.7316818237304688
685,person,0.6707187294960022
685,person,0.6629222631454468
685,person,0.6232618093490601
685,person,0.5278847217559814
685,person,0.48834189772605896
685,person,0.4559960961341858
685,person,0.4371922016143799
685,handbag,0.31489336490631104
685,person,0.2952907383441925
686,car,0.8762650489807129
686,person,0.8369058966636658
686,person,0.8287488222122192
686,person,0.8232321739196777
686,car,0.8103888630867004
686,person,0.7641910910606384
686,car,0.7595141530036926
686,person,0.7437026500701904
686,person,0.7030087113380432
686,person,0.7013850212097168
686,person,0.6739380359649658
686,person,0.5854785442352295
686,person,0.5656144618988037
686,person,0.5624549984931946
686,person,0.45263224840164185
686,person,0.32919391989707947
687,car,0.8763679265975952
687,person,0.8587573766708374
687,person,0.8397091031074524
687,person,0.8267093300819397
687,car,0.8133158683776855
687,person,0.7757919430732727
687,car,0.7579881548881531
687,person,0.7318311333656311
687,person,0.7247077822685242
687,person,0.7239673137664795
687,person,0.7181980609893799
687,person,0.6086134910583496
687,person,0.5734249353408813
687,person,0.4872216284275055
687,person,0.40988191962242126
687,person,0.34553590416908264
688,car,0.8811004161834717
688,person,0.8763728737831116
688,person,0.8457706570625305
688,person,0.8184500336647034
688,car,0.815609335899353
688,person,0.778550922870636
688,car,0.7678977847099304
688,person,0.7561999559402466
688,person,0.7370489835739136
688,person,0.7309918403625488
688,person,0.7072229981422424
688,person,0.6007879376411438
688,person,0.5247377753257751
688,person,0.4980807304382324
688,person,0.39918971061706543
688,person,0.3083799183368683
688,handbag,0.26649823784828186
689,car,0.8791638612747192
689,person,0.8774014711380005
689,person,0.8307040929794312
689,person,0.8174875974655151
689,car,0.8110304474830627
689,car,0.7815123200416565
689,person,0.7735929489135742
689,person,0.7710747718811035
689,person,0.7507612109184265
689,person,0.7428409457206726
689,person,0.7351144552230835
689,person,0.6015770435333252
689,person,0.5287503004074097
689,person,0.49965792894363403
689,person,0.44131699204444885
690,person,0.8825569152832031
690,car,0.8803411722183228
690,person,0.8102027773857117
690,car,0.8092479109764099
690,car,0.8016916513442993
690,person,0.796190619468689
690,person,0.788912832736969
690,person,0.7874823808670044
690,person,0.7746544480323792
690,person,0.7649866342544556
690,person,0.6884005069732666
690,person,0.6557193398475647
690,person,0.5612843632698059
690,person,0.48907241225242615
690,person,0.4030197858810425
690,person,0.28446164727211
691,person,0.8807005882263184
691,car,0.8777809143066406
691,car,0.8067963123321533
691,person,0.7934733033180237
691,person,0.7900897264480591
691,car,0.7872874736785889
691,person,0.7761147022247314
691,person,0.7621583938598633
691,person,0.7584270238876343
691,person,0.7435402870178223
691,person,0.6715736985206604
691,person,0.6127506494522095
691,person,0.48234641551971436
691,person,0.4651535153388977
691,person,0.33625051379203796
691,person,0.31893154978752136
692,person,0.8756754398345947
692,car,0.8752830028533936
692,person,0.8111250996589661
692,car,0.8022037744522095
692,person,0.7929878234863281
692,car,0.7696866989135742
692,person,0.7653937339782715
692,person,0.7597518563270569
692,person,0.7294106483459473
692,person,0.7271826863288879
692,person,0.6843520402908325
692,person,0.6459312438964844
692,person,0.5309079885482788
692,person,0.45587417483329773
692,person,0.3516350984573364
692,person,0.3208562135696411
693,car,0.8728936910629272
693,person,0.8494182825088501
693,person,0.8220078945159912
693,car,0.8057063221931458
693,person,0.8012405037879944
693,person,0.7897449731826782
693,person,0.7688634991645813
693,car,0.734385073184967
693,person,0.725764274597168
693,person,0.7098158001899719
693,person,0.6612581014633179
693,person,0.5587500333786011
693,person,0.5225096344947815
693,person,0.4967370331287384
693,person,0.42483240365982056
694,car,0.8702043294906616
694,person,0.8606749773025513
694,car,0.8046597242355347
694,person,0.8016922473907471
694,person,0.7894707322120667
694,person,0.7746289372444153
694,person,0.7467305064201355
694,car,0.7142349481582642
694,person,0.7064799070358276
694,person,0.6954657435417175
694,person,0.6762076616287231
694,person,0.6033400297164917
694,person,0.549342930316925
694,person,0.47834476828575134
694,person,0.36706551909446716
694,person,0.3103179931640625
695,car,0.8676237463951111
695,person,0.8557959794998169
695,car,0.806789219379425
695,person,0.8039479851722717
695,person,0.7890989780426025
695,person,0.7784556150436401
695,person,0.7428797483444214
695,person,0.7169288396835327
695,car,0.7154147028923035
695,person,0.7049407362937927
695,person,0.6257127523422241
695,person,0.6039164066314697
695,person,0.5202652812004089
695,person,0.5136488080024719
695,person,0.41696614027023315
696,car,0.8686220645904541
696,person,0.8509459495544434
696,car,0.8036127090454102
696,person,0.7989050149917603
696,person,0.7708464860916138
696,person,0.7635305523872375
696,car,0.7562243342399597
696,person,0.73308926820755
696,person,0.707144558429718
696,person,0.6633344292640686
696,person,0.6523603200912476
696,person,0.6075369119644165
696,person,0.563978910446167
696,person,0.5134273767471313
696,person,0.46295103430747986
697,car,0.8735336065292358
697,person,0.8530645966529846
697,car,0.8033369779586792
697,person,0.7993786334991455
697,person,0.7614215612411499
697,person,0.7260698080062866
697,car,0.7240582704544067
697,person,0.7109236717224121
697,person,0.6841564774513245
697,person,0.673307478427887
697,person,0.6731343865394592
697,person,0.6721054911613464
697,person,0.6503525972366333
697,person,0.47351789474487305
697,person,0.45720353722572327
698,car,0.8741397857666016
698,person,0.8667438626289368
698,car,0.8060345649719238
698,person,0.7889379262924194
698,person,0.7472887635231018
698,car,0.7468661069869995
698,person,0.7344520688056946
698,person,0.7251922488212585
698,person,0.6947293281555176
698,person,0.6857591271400452
698,person,0.663420557975769
698,person,0.55836021900177
698,person,0.5487157702445984
698,person,0.5204814672470093
698,person,0.49157658219337463
699,car,0.8727335333824158
699,person,0.8524489998817444
699,car,0.8065916299819946
699,person,0.7727985978126526
699,person,0.7600119709968567
699,person,0.7564944624900818
699,car,0.7425693273544312
699,person,0.7197094559669495
699,person,0.7167967557907104
699,person,0.6876732707023621
699,person,0.597537100315094
699,person,0.5972080826759338
699,person,0.5836467742919922
699,person,0.47960132360458374
699,person,0.38134804368019104
700,car,0.8734713196754456
700,person,0.8630707263946533
700,car,0.8054414987564087
700,person,0.7782275080680847
700,car,0.769623339176178
700,person,0.767704963684082
700,person,0.758633553981781
700,person,0.6911822557449341
700,person,0.6899791359901428
700,person,0.6561613082885742
700,person,0.6352423429489136
700,person,0.5536494255065918
700,person,0.4923432767391205
700,person,0.4389677941799164
700,person,0.4117685854434967
700,person,0.2590605616569519
701,car,0.8734545111656189
701,person,0.8719662427902222
701,person,0.8512707948684692
701,car,0.8088061213493347
701,car,0.7992932200431824
701,person,0.774999737739563
701,person,0.7431724667549133
701,person,0.7389678359031677
701,person,0.7330801486968994
701,person,0.6809202432632446
701,person,0.6340941786766052
701,person,0.5371878743171692
701,person,0.4438016712665558
701,person,0.3861119747161865
701,person,0.37300345301628113
702,person,0.8807079195976257
702,car,0.8776673078536987
702,person,0.8622362017631531
702,car,0.8221064209938049
702,car,0.8103243112564087
702,person,0.7927535176277161
702,person,0.7891157865524292
702,person,0.7507266402244568
702,person,0.7440862655639648
702,person,0.7072719931602478
702,person,0.6924432516098022
702,person,0.5577769875526428
702,person,0.5556864738464355
702,person,0.5442308187484741
703,car,0.8749132752418518
703,person,0.8748639822006226
703,person,0.8434880971908569
703,car,0.8145163655281067
703,person,0.8139220476150513
703,person,0.8070177435874939
703,car,0.802594006061554
703,person,0.798248827457428
703,person,0.7619478106498718
703,person,0.7490915656089783
703,person,0.6135417819023132
703,person,0.607337474822998
703,person,0.5822382569313049
703,person,0.5527364015579224
703,person,0.2875838279724121
704,car,0.8772343397140503
704,person,0.8591956496238708
704,person,0.8557764291763306
704,person,0.8287345170974731
704,car,0.8105424642562866
704,person,0.8102920651435852
704,car,0.8089931607246399
704,person,0.804128885269165
704,person,0.740985095500946
704,person,0.730815589427948
704,person,0.7088678479194641
704,person,0.6387958526611328
704,person,0.5844634175300598
704,person,0.5320796966552734
705,car,0.880195677280426
705,person,0.8743265271186829
705,person,0.8253172039985657
705,person,0.8230428099632263
705,person,0.8159548044204712
705,car,0.8149359226226807
705,car,0.8115764856338501
705,person,0.8087264895439148
705,person,0.7892382144927979
705,person,0.7684851288795471
705,person,0.7621002197265625
705,person,0.6518586277961731
705,person,0.6416916251182556
705,person,0.5813061594963074
706,car,0.8798716068267822
706,person,0.860299289226532
706,person,0.8308232426643372
706,person,0.8247821927070618
706,person,0.8205422163009644
706,car,0.8158881068229675
706,person,0.8140101432800293
706,car,0.8115772008895874
706,person,0.7960330843925476
706,person,0.7710407972335815
706,person,0.7413777709007263
706,person,0.6807584166526794
706,person,0.6325464248657227
706,person,0.6317763924598694
707,car,0.8771753907203674
707,person,0.8760773539543152
707,person,0.829110860824585
707,person,0.8284498453140259
707,person,0.8216279149055481
707,person,0.8180891871452332
707,person,0.8132491707801819
707,car,0.812524139881134
707,car,0.7913299798965454
707,person,0.7610152959823608
707,person,0.7370840311050415
707,person,0.6929014921188354
707,person,0.6760330200195312
707,person,0.6652957201004028
708,car,0.8771474361419678
708,person,0.8660227656364441
708,person,0.8352435827255249
708,person,0.829899787902832
708,person,0.8273941874504089
708,person,0.8232542872428894
708,car,0.8136366009712219
708,person,0.7958621382713318
708,car,0.7921594381332397
708,person,0.754669725894928
708,person,0.7467806339263916
708,person,0.6935656666755676
708,person,0.6847567558288574
708,person,0.5782066583633423
709,car,0.8783957958221436
709,person,0.8532814979553223
709,person,0.8415840864181519
709,person,0.8364307880401611
709,person,0.8225114345550537
709,person,0.8223847150802612
709,car,0.8170217871665955
709,person,0.8011175990104675
709,person,0.794577419757843
709,car,0.7827147841453552
709,person,0.7820000052452087
709,person,0.6952401995658875
709,person,0.6917953491210938
709,person,0.5000138282775879
710,car,0.8817058205604553
710,person,0.856642484664917
710,person,0.8519214391708374
710,person,0.8349193930625916
710,person,0.8287973999977112
710,car,0.8161426782608032
710,person,0.8152438402175903
710,person,0.8122411966323853
710,person,0.8054972887039185
710,car,0.7945640087127686
710,person,0.7840425968170166
710,person,0.7130076885223389
710,person,0.6815208792686462
710,person,0.5552046895027161
711,car,0.8799989819526672
711,person,0.8607504367828369
711,person,0.8514671325683594
711,person,0.8426355719566345
711,person,0.8424322009086609
711,car,0.8134323358535767
711,car,0.8052518367767334
711,person,0.7994849681854248
711,person,0.7959770560264587
711,person,0.7882335186004639
711,person,0.7267500162124634
711,person,0.7083430290222168
711,person,0.6925240755081177
711,person,0.6320544481277466
712,car,0.8788895606994629
712,person,0.8608953356742859
712,person,0.8512483239173889
712,person,0.8351625204086304
712,person,0.8330785632133484
712,person,0.8104144334793091
712,car,0.8094785213470459
712,car,0.808732807636261
712,person,0.7914908528327942
712,person,0.7713067531585693
712,person,0.7437092661857605
712,person,0.6946244835853577
712,person,0.672789454460144
712,person,0.598375678062439
713,car,0.886269211769104
713,person,0.867595374584198
713,person,0.8461961150169373
713,person,0.8403722643852234
713,person,0.8352459669113159
713,car,0.8232970833778381
713,car,0.8138746619224548
713,person,0.8057829141616821
713,person,0.7669534683227539
713,person,0.7366468906402588
713,person,0.728302001953125
713,person,0.7221864461898804
713,person,0.6016849875450134
713,person,0.28115352988243103
714,car,0.8857499361038208
714,person,0.8789032697677612
714,person,0.8418547511100769
714,car,0.8309587240219116
714,person,0.8107052445411682
714,car,0.808697521686554
714,person,0.7709648013114929
714,person,0.765036940574646
714,person,0.7604904770851135
714,person,0.7434698939323425
714,person,0.7228088974952698
714,person,0.6734052896499634
714,person,0.6705262660980225
715,car,0.8834261894226074
715,person,0.874029815196991
715,car,0.8660731911659241
715,person,0.815839946269989
715,car,0.8068084120750427
715,person,0.782364547252655
715,person,0.7748230695724487
715,person,0.7659375667572021
715,person,0.7507895827293396
715,person,0.7162569165229797
715,person,0.7138726115226746
715,person,0.7086273431777954
715,person,0.6438909769058228
716,car,0.8872814178466797
716,person,0.8782587647438049
716,car,0.8746585845947266
716,person,0.8188325762748718
716,car,0.816258430480957
716,person,0.800404965877533
716,person,0.7774429321289062
716,person,0.7669209837913513
716,person,0.7611895799636841
716,person,0.7507010102272034
716,person,0.7237263321876526
716,person,0.6547722816467285
716,person,0.5257894396781921
717,car,0.8892321586608887
717,person,0.8811634182929993
717,car,0.8619218468666077
717,person,0.8116484880447388
717,person,0.7967522144317627
717,car,0.794190526008606
717,person,0.7928546071052551
717,person,0.7557644844055176
717,person,0.7395654320716858
717,person,0.7324982285499573
717,person,0.7240049242973328
717,person,0.6629689335823059
717,person,0.5818300843238831
718,car,0.8991693258285522
718,car,0.8774814605712891
718,person,0.8763427734375
718,car,0.8054666519165039
718,person,0.7987673878669739
718,person,0.7867382168769836
718,person,0.7814376950263977
718,person,0.7762810587882996
718,person,0.7393414378166199
718,person,0.7305036187171936
718,person,0.7161229252815247
718,person,0.5062631368637085
718,person,0.41377905011177063
719,car,0.8954743146896362
719,person,0.8685376644134521
719,car,0.8607541918754578
719,person,0.8090918064117432
719,car,0.8084070682525635
719,person,0.7951554656028748
719,person,0.7689388394355774
719,person,0.7521122097969055
719,person,0.7443171143531799
719,person,0.7380641102790833
719,person,0.7197801470756531
719,person,0.5753037929534912
719,person,0.47429075837135315
719,person,0.3058358430862427
720,car,0.8968859314918518
720,car,0.8675930500030518
720,person,0.8435431122779846
720,car,0.8291175365447998
720,person,0.8257049918174744
720,person,0.7888695001602173
720,person,0.7759424448013306
720,person,0.7564358711242676
720,person,0.7539027333259583
720,person,0.7460005283355713
720,person,0.7067456841468811
720,person,0.6701288819313049
720,person,0.6021360158920288
721,car,0.8986873030662537
721,car,0.8717733025550842
721,person,0.8320984840393066
721,car,0.8267395496368408
721,person,0.7958861589431763
721,person,0.7944065928459167
721,person,0.7935566306114197
721,person,0.7694345712661743
721,person,0.7603005170822144
721,person,0.7576157450675964
721,person,0.7274271249771118
721,person,0.6866251826286316
721,person,0.6108388900756836
721,car,0.26852715015411377
722,car,0.8959348797798157
722,car,0.8763638138771057
722,person,0.830606997013092
722,car,0.8260162472724915
722,person,0.8033022880554199
722,person,0.7991228103637695
722,person,0.7934602499008179
722,person,0.7867905497550964
722,person,0.7478820085525513
722,person,0.7302758097648621
722,person,0.7132773399353027
722,person,0.6965997815132141
722,person,0.5612565875053406
722,car,0.27296558022499084
723,car,0.8959395885467529
723,car,0.8818396329879761
723,person,0.8259619474411011
723,car,0.824646532535553
723,person,0.8155428767204285
723,person,0.8152108192443848
723,person,0.8071601390838623
723,person,0.805422842502594
723,person,0.7354370951652527
723,person,0.7315037250518799
723,person,0.7310501337051392
723,person,0.729729950428009
723,person,0.44499415159225464
723,car,0.26112791895866394
724,car,0.8951091170310974
724,car,0.8814257979393005
724,person,0.8299738764762878
724,person,0.8259069323539734
724,car,0.8209525346755981
724,person,0.8204312920570374
724,person,0.8110663890838623
724,person,0.7866920828819275
724,person,0.7611196041107178
724,person,0.7167896628379822
724,person,0.7003527283668518
724,person,0.6861754059791565
724,person,0.43255025148391724
724,car,0.26686224341392517
725,car,0.8965168595314026
725,car,0.8791362047195435
725,person,0.8326536417007446
725,person,0.8280715346336365
725,person,0.8275521993637085
725,car,0.8220499753952026
725,person,0.7963324189186096
725,person,0.7867565751075745
725,person,0.7661280035972595
725,person,0.7376486659049988
725,person,0.7021450996398926
725,person,0.586624264717102
725,person,0.39852088689804077
725,car,0.26959022879600525
726,car,0.896771252155304
726,car,0.8772932887077332
726,person,0.841697633266449
726,car,0.8279043436050415
726,person,0.8238949775695801
726,person,0.8228387832641602
726,person,0.8125067353248596
726,person,0.8115467429161072
726,person,0.7821796536445618
726,person,0.7413275837898254
726,person,0.6756298542022705
726,person,0.6449608206748962
726,person,0.4274170696735382
726,person,0.27496761083602905
726,car,0.2692891061306
727,car,0.8979310989379883
727,car,0.8629809617996216
727,person,0.84433913230896
727,person,0.8341538906097412
727,person,0.8319734930992126
727,person,0.8266400694847107
727,car,0.8248306512832642
727,person,0.8192293643951416
727,person,0.7792176604270935
727,person,0.7478055357933044
727,person,0.7029260396957397
727,person,0.6979233026504517
727,person,0.43677395582199097
727,car,0.2766154408454895
728,car,0.8998281359672546
728,car,0.8546598553657532
728,person,0.8486059308052063
728,person,0.8306463956832886
728,person,0.8265944123268127
728,car,0.8245753049850464
728,person,0.8231292963027954
728,person,0.7874647378921509
728,person,0.7665649056434631
728,person,0.7527914047241211
728,person,0.7256382703781128
728,person,0.7237511873245239
728,person,0.5196552276611328
729,car,0.9002238512039185
729,car,0.8462586402893066
729,person,0.8372047543525696
729,person,0.8330255150794983
729,car,0.827185332775116
729,person,0.8221531510353088
729,person,0.8207142353057861
729,person,0.7574960589408875
729,person,0.7495089769363403
729,person,0.7465168237686157
729,person,0.7185629606246948
729,person,0.6268619894981384
729,person,0.3249036371707916
730,car,0.9014830589294434
730,person,0.8536405563354492
730,car,0.8516814112663269
730,person,0.8427214622497559
730,car,0.8228728175163269
730,person,0.8121525049209595
730,person,0.8067247867584229
730,person,0.7443836331367493
730,person,0.7093787789344788
730,person,0.7014106512069702
730,person,0.6925003528594971
730,person,0.655735969543457
730,person,0.37076643109321594
730,person,0.31908050179481506
731,car,0.9023841023445129
731,person,0.8602052330970764
731,car,0.8464071750640869
731,person,0.8380550742149353
731,car,0.8277287483215332
731,person,0.8206775188446045
731,person,0.8042214512825012
731,person,0.7535631656646729
731,person,0.7519741058349609
731,person,0.7392556667327881
731,person,0.7315317988395691
731,person,0.6819621324539185
731,person,0.3946111500263214
732,car,0.9007992148399353
732,person,0.8635895848274231
732,person,0.8559398651123047
732,car,0.8432127833366394
732,person,0.8281478881835938
732,car,0.8275014162063599
732,person,0.8060789108276367
732,person,0.7578722834587097
732,person,0.7429137825965881
732,person,0.737697184085846
732,person,0.7026699781417847
732,person,0.6463849544525146
732,person,0.44373565912246704
733,car,0.9003766775131226
733,person,0.8675913214683533
733,person,0.854763925075531
733,car,0.8364261388778687
733,car,0.8234296441078186
733,person,0.8119425773620605
733,person,0.7720289826393127
733,person,0.7682104110717773
733,person,0.7609647512435913
733,person,0.7340044975280762
733,person,0.669227123260498
733,person,0.5928102731704712
733,person,0.4593130946159363
734,car,0.9005921483039856
734,person,0.8678449988365173
734,person,0.8621683120727539
734,car,0.8225889205932617
734,car,0.822154700756073
734,person,0.8093342781066895
734,person,0.7592431306838989
734,person,0.7453020215034485
734,person,0.733562171459198
734,person,0.7330648899078369
734,person,0.6899228096008301
734,person,0.5689222812652588
734,person,0.4652136564254761
735,car,0.900937557220459
735,person,0.8688928484916687
735,person,0.8672041296958923
735,car,0.8229666948318481
735,car,0.8223318457603455
735,person,0.8087084293365479
735,person,0.7790722250938416
735,person,0.7681248188018799
735,person,0.7667531967163086
735,person,0.7583022117614746
735,person,0.751931369304657
735,person,0.6408019065856934
735,person,0.565199077129364
735,person,0.25245022773742676
736,car,0.900367796421051
736,person,0.8614509701728821
736,person,0.8576195240020752
736,car,0.8400029540061951
736,car,0.8230276703834534
736,person,0.7724363803863525
736,person,0.7588655948638916
736,person,0.7485119700431824
736,person,0.7458489537239075
736,person,0.7340114116668701
736,person,0.7299920320510864
736,person,0.643105149269104
736,person,0.5945005416870117
737,car,0.8998404741287231
737,person,0.8474410772323608
737,car,0.8316232562065125
737,car,0.8250027298927307
737,person,0.8235344886779785
737,person,0.7909383177757263
737,person,0.7886435389518738
737,person,0.7568445205688477
737,person,0.7446979880332947
737,person,0.6989527940750122
737,person,0.6584248542785645
737,person,0.6570519208908081
737,person,0.5775353908538818
737,person,0.25645583868026733
738,car,0.9012867212295532
738,person,0.8590408563613892
738,car,0.8395118117332458
738,car,0.8298121690750122
738,person,0.7990882396697998
738,person,0.7875310778617859
738,person,0.7851448059082031
738,person,0.7779539823532104
738,person,0.744596004486084
738,person,0.7276207208633423
738,person,0.7162845730781555
738,person,0.6925899982452393
738,person,0.4201337993144989
738,person,0.3200034201145172
739,car,0.9018775224685669
739,car,0.8568720817565918
739,person,0.8543342351913452
739,car,0.8302023410797119
739,person,0.7923873662948608
739,person,0.7858473658561707
739,person,0.7843733429908752
739,person,0.7470048666000366
739,person,0.7190710306167603
739,person,0.7101608514785767
739,person,0.6894931793212891
739,person,0.681225061416626
739,person,0.6041820645332336
739,person,0.32279637455940247
740,car,0.9018065333366394
740,car,0.8548233509063721
740,person,0.8419409394264221
740,car,0.8280012607574463
740,person,0.8045578598976135
740,person,0.8044626712799072
740,person,0.7642769813537598
740,person,0.7629275918006897
740,person,0.7452544569969177
740,person,0.6988397240638733
740,person,0.6783511638641357
740,person,0.668923020362854
740,person,0.39981403946876526
740,person,0.38836607336997986
740,person,0.2527885437011719
741,car,0.9020572304725647
741,car,0.8610327243804932
741,car,0.8255432844161987
741,person,0.8118436932563782
741,person,0.8051620125770569
741,person,0.7994500994682312
741,person,0.7843330502510071
741,person,0.7730380296707153
741,person,0.7651960849761963
741,person,0.7149362564086914
741,person,0.6962266564369202
741,person,0.5346958041191101
741,person,0.48446890711784363
741,person,0.39405712485313416
742,car,0.9008337259292603
742,car,0.8543875217437744
742,car,0.8242193460464478
742,person,0.8095353245735168
742,person,0.7987022399902344
742,person,0.7973722219467163
742,person,0.7881844639778137
742,person,0.7759221792221069
742,person,0.7721057534217834
742,person,0.7210091948509216
742,person,0.6209246516227722
742,person,0.616654098033905
742,person,0.5715178847312927
743,car,0.9001128673553467
743,car,0.8597657680511475
743,person,0.8429901599884033
743,person,0.827978253364563
743,car,0.8274750709533691
743,person,0.7958843111991882
743,person,0.7929468154907227
743,person,0.7532529830932617
743,person,0.7417533993721008
743,person,0.7002694606781006
743,person,0.6431182026863098
743,person,0.6255691647529602
743,person,0.5760059356689453
744,car,0.9005247950553894
744,person,0.8413059711456299
744,car,0.8362594246864319
744,car,0.8290192484855652
744,person,0.8206191658973694
744,person,0.7991660833358765
744,person,0.7834437489509583
744,person,0.7720540165901184
744,person,0.7561235427856445
744,person,0.7023968696594238
744,person,0.6775299310684204
744,person,0.6374770998954773
744,person,0.6311537027359009
745,car,0.8995199203491211
745,person,0.849402666091919
745,car,0.8260863423347473
745,car,0.8237485289573669
745,person,0.8170639276504517
745,person,0.8145657777786255
745,person,0.8107181191444397
745,person,0.7851306796073914
745,person,0.7234709858894348
745,person,0.7074173092842102
745,person,0.658822238445282
745,person,0.6071274876594543
745,person,0.5336141586303711
746,car,0.8983590006828308
746,person,0.8435905575752258
746,person,0.8387810587882996
746,person,0.8276110887527466
746,car,0.827014148235321
746,car,0.8125725984573364
746,person,0.7965859174728394
746,person,0.7588767409324646
746,person,0.7166008949279785
746,person,0.7122083306312561
746,person,0.6792150735855103
746,person,0.641400933265686
746,person,0.539080798625946
747,car,0.8966557383537292
747,person,0.8682993650436401
747,person,0.85629802942276
747,car,0.8147638440132141
747,car,0.8141750693321228
747,person,0.7981439828872681
747,person,0.7909634709358215
747,person,0.7723347544670105
747,person,0.7541932463645935
747,person,0.7017035484313965
747,person,0.6821795105934143
747,person,0.5711396932601929
747,person,0.5446622967720032
747,person,0.25601089000701904
748,car,0.8984271287918091
748,person,0.8773132562637329
748,person,0.860573947429657
748,car,0.8105347752571106
748,car,0.8073511123657227
748,person,0.7951636910438538
748,person,0.7656269073486328
748,person,0.7646156549453735
748,person,0.7636696100234985
748,person,0.7519602179527283
748,person,0.7098571062088013
748,person,0.6387879252433777
748,person,0.6384835243225098
749,car,0.8983179330825806
749,person,0.8651595115661621
749,person,0.8637785911560059
749,car,0.8140628933906555
749,car,0.8025213479995728
749,person,0.7814694046974182
749,person,0.7746877670288086
749,person,0.7629809975624084
749,person,0.7622581124305725
749,person,0.7004014253616333
749,person,0.6932779550552368
749,person,0.6722494959831238
749,person,0.6626869440078735
750,car,0.8980046510696411
750,person,0.8629716038703918
750,person,0.8542348742485046
750,car,0.818813681602478
750,car,0.8015509247779846
750,person,0.7890735864639282
750,person,0.7689609527587891
750,person,0.7681092023849487
750,person,0.7674451470375061
750,person,0.7159996032714844
750,person,0.6638122200965881
750,person,0.6470367908477783
750,person,0.6459036469459534
751,car,0.9015851616859436
751,person,0.8516812324523926
751,person,0.8483163714408875
751,car,0.8207049369812012
751,car,0.8174804449081421
751,person,0.7921765446662903
751,person,0.7890768647193909
751,person,0.7885640263557434
751,person,0.7750484943389893
751,person,0.7073832154273987
751,person,0.675570547580719
751,person,0.6754888296127319
751,person,0.6191612482070923
752,car,0.9013587832450867
752,person,0.8440582752227783
752,person,0.8404917120933533
752,car,0.8222634792327881
752,car,0.8215476870536804
752,person,0.8139801025390625
752,person,0.7806982398033142
752,person,0.7780418395996094
752,person,0.7543428540229797
752,person,0.7310298681259155
752,person,0.699558675289154
752,person,0.6904772520065308
752,person,0.6406300067901611
753,car,0.9017156958580017
753,person,0.8284811973571777
753,car,0.8237529397010803
753,car,0.8221067786216736
753,person,0.8147335052490234
753,person,0.8140226006507874
753,person,0.7850037217140198
753,person,0.7655202150344849
753,person,0.7507631182670593
753,person,0.7484212517738342
753,person,0.6802840828895569
753,person,0.6695196032524109
753,person,0.6163142919540405
754,car,0.903448224067688
754,car,0.8257612586021423
754,person,0.8251726627349854
754,car,0.8229619860649109
754,person,0.8068441152572632
754,person,0.7836277484893799
754,person,0.7830624580383301
754,person,0.7675880193710327
754,person,0.7482625246047974
754,person,0.7442939281463623
754,person,0.704033613204956
754,person,0.6898800730705261
754,person,0.5455089211463928
755,car,0.9028548002243042
755,car,0.8282946348190308
755,car,0.8253105878829956
755,person,0.8227705359458923
755,person,0.7975131869316101
755,person,0.7844753861427307
755,person,0.7649642825126648
755,person,0.7605491876602173
755,person,0.7539793252944946
755,person,0.7201459407806396
755,person,0.7089945077896118
755,person,0.6544321775436401
755,person,0.5443063378334045
756,car,0.9031272530555725
756,person,0.8341663479804993
756,car,0.8212531208992004
756,car,0.8143779039382935
756,person,0.8099216222763062
756,person,0.779651403427124
756,person,0.7727598547935486
756,person,0.765412449836731
756,person,0.7550318837165833
756,person,0.7437753677368164
756,person,0.7325992584228516
756,person,0.6706138849258423
756,person,0.44291603565216064
757,car,0.9020668864250183
757,person,0.8300393223762512
757,car,0.8202558159828186
757,person,0.7865627408027649
757,person,0.7839757800102234
757,car,0.778789222240448
757,person,0.7738447785377502
757,person,0.7644824385643005
757,person,0.755008339881897
757,person,0.7489316463470459
757,person,0.735541045665741
757,person,0.6003462672233582
758,car,0.9000973105430603
758,person,0.8292834758758545
758,car,0.8207109570503235
758,person,0.7967058420181274
758,person,0.7936195135116577
758,car,0.7790164947509766
758,person,0.7722676396369934
758,person,0.7619625926017761
758,person,0.7560295462608337
758,person,0.7553486824035645
758,person,0.7442087531089783
758,person,0.32988405227661133
759,car,0.9007762670516968
759,car,0.8179490566253662
759,person,0.7972482442855835
759,person,0.7954877614974976
759,person,0.790543258190155
759,car,0.7834893465042114
759,person,0.7591786980628967
759,person,0.7491726875305176
759,person,0.7457295060157776
759,person,0.7341731786727905
759,person,0.7287639379501343
759,person,0.3647162616252899
759,person,0.25768887996673584
760,car,0.8987822532653809
760,car,0.8176634311676025
760,person,0.8166279196739197
760,person,0.8127210140228271
760,person,0.8044049143791199
760,car,0.7806995511054993
760,person,0.7636690735816956
760,person,0.7624008655548096
760,person,0.7574113011360168
760,person,0.7446621060371399
760,person,0.7394374012947083
760,person,0.5517988801002502
760,person,0.2699366807937622
761,car,0.8983426690101624
761,person,0.8387749195098877
761,car,0.8173576593399048
761,person,0.7983221411705017
761,person,0.7977645993232727
761,person,0.7951487898826599
761,person,0.7872057557106018
761,car,0.7633489370346069
761,person,0.7576600909233093
761,person,0.7497690320014954
761,person,0.7414366006851196
761,person,0.6757268905639648
762,car,0.9036689400672913
762,person,0.8556210398674011
762,car,0.8206778764724731
762,person,0.8059591054916382
762,person,0.7707276940345764
762,person,0.7640944719314575
762,person,0.7611395716667175
762,car,0.7589267492294312
762,person,0.750623881816864
762,person,0.7471811771392822
762,person,0.687656819820404
762,person,0.5056322813034058
762,person,0.3616293966770172
763,car,0.903843343257904
763,person,0.8666734099388123
763,car,0.8224478363990784
763,person,0.805354654788971
763,person,0.8002955317497253
763,car,0.7669593691825867
763,person,0.7563732862472534
763,person,0.7472079992294312
763,person,0.7074234485626221
763,person,0.6747862100601196
763,person,0.6364647150039673
763,person,0.6230061054229736
763,person,0.3206872344017029
764,car,0.9002422094345093
764,person,0.8568023443222046
764,person,0.8247001767158508
764,car,0.8178669214248657
764,person,0.7950641512870789
764,person,0.7888226509094238
764,person,0.7761595249176025
764,car,0.7461636662483215
764,person,0.7000377178192139
764,person,0.6473284959793091
764,person,0.6438257694244385
764,person,0.6411159038543701
764,person,0.2832225561141968
765,car,0.8991421461105347
765,person,0.8593660593032837
765,person,0.8307182788848877
765,car,0.8190751671791077
765,person,0.7898346781730652
765,person,0.7872270345687866
765,person,0.7848788499832153
765,car,0.7469442486763
765,person,0.7122305035591125
765,person,0.7050607204437256
765,person,0.5893419981002808
765,person,0.5840299725532532
765,handbag,0.34569650888442993
765,person,0.2604326605796814
766,car,0.9003623127937317
766,person,0.8692405819892883
766,person,0.8475225567817688
766,car,0.8219849467277527
766,person,0.8130002617835999
766,person,0.7901368737220764
766,person,0.7648733854293823
766,car,0.7532393336296082
766,person,0.7458012700080872
766,person,0.7202509045600891
766,person,0.6637399196624756
766,person,0.4615384042263031
767,car,0.8990405797958374
767,person,0.8625237941741943
767,person,0.861436128616333
767,person,0.8275101780891418
767,car,0.8246512413024902
767,person,0.8145850300788879
767,car,0.7589830160140991
767,person,0.7501591444015503
767,person,0.7373260855674744
767,person,0.7315496206283569
767,person,0.7006348967552185
767,person,0.4646947383880615
767,handbag,0.3205103576183319
768,car,0.8983680605888367
768,person,0.8707177639007568
768,person,0.8512832522392273
768,car,0.8269733190536499
768,person,0.8202204704284668
768,person,0.8074567914009094
768,person,0.8044542074203491
768,car,0.7537268996238708
768,person,0.7372053265571594
768,person,0.7326420545578003
768,person,0.7062376737594604
768,person,0.3514958918094635
768,person,0.326036661863327
768,person,0.30683764815330505
769,car,0.8976790904998779
769,person,0.8601036667823792
769,person,0.8564771413803101
769,person,0.8400096893310547
769,car,0.8281644582748413
769,person,0.822740375995636
769,person,0.8160751461982727
769,person,0.7869330048561096
769,car,0.7653604745864868
769,person,0.7335708141326904
769,person,0.7114722728729248
769,person,0.5012543201446533
769,person,0.3383306562900543
770,car,0.90622878074646
770,person,0.8451591730117798
770,car,0.8311441540718079
770,person,0.8304544687271118
770,person,0.8175753951072693
770,person,0.8083664774894714
770,person,0.80824875831604
770,person,0.7889501452445984
770,car,0.7850617170333862
770,person,0.7646860480308533
770,person,0.7491042017936707
770,person,0.40422767400741577
770,person,0.35088682174682617
771,car,0.9071567058563232
771,person,0.855272650718689
771,car,0.8338248133659363
771,person,0.8288581967353821
771,person,0.8255929350852966
771,person,0.8061001896858215
771,person,0.8025327324867249
771,car,0.792587399482727
771,person,0.7906097173690796
771,person,0.7739715576171875
771,person,0.7629454135894775
771,person,0.3148493468761444
771,person,0.3111267685890198
772,car,0.9050624966621399
772,person,0.837585985660553
772,car,0.8316664099693298
772,person,0.8166533708572388
772,person,0.8111538887023926
772,person,0.8094193339347839
772,car,0.8004693388938904
772,person,0.7957755327224731
772,person,0.7806674838066101
772,person,0.7727810740470886
772,person,0.7321985960006714
772,person,0.3901747763156891
773,car,0.9040338397026062
773,person,0.8346229195594788
773,car,0.8298056125640869
773,person,0.8204002976417542
773,person,0.8184863924980164
773,car,0.8012114763259888
773,person,0.791032612323761
773,person,0.7747088074684143
773,person,0.7588520646095276
773,person,0.7349286675453186
773,person,0.7122164368629456
773,person,0.47569817304611206
774,car,0.9024845361709595
774,person,0.838974118232727
774,car,0.8285677433013916
774,person,0.8104807138442993
774,person,0.803004801273346
774,car,0.7941427230834961
774,person,0.7684758901596069
774,person,0.7477768659591675
774,person,0.7423751950263977
774,person,0.7131016254425049
774,person,0.6971960067749023
774,person,0.44635725021362305
775,car,0.9021723866462708
775,person,0.8298784494400024
775,car,0.8280581831932068
775,person,0.8136428594589233
775,person,0.793992280960083
775,car,0.786686360836029
775,person,0.7655495405197144
775,person,0.7568056583404541
775,person,0.7311806678771973
775,person,0.7221904993057251
775,person,0.7111756801605225
775,person,0.5037725567817688
776,car,0.9036069512367249
776,car,0.8334687352180481
776,person,0.8215204477310181
776,car,0.8031607866287231
776,person,0.8031391501426697
776,person,0.7917720675468445
776,person,0.777030885219574
776,person,0.7755091190338135
776,person,0.7570165991783142
776,person,0.7358923554420471
776,person,0.70096755027771
776,person,0.3202553987503052
777,car,0.8989406824111938
777,car,0.825587809085846
777,person,0.8243837356567383
777,person,0.8226683735847473
777,car,0.7968146204948425
777,person,0.7957778573036194
777,person,0.7886316180229187
777,person,0.7734379768371582
777,person,0.7666927576065063
777,person,0.7478280663490295
777,person,0.6747785806655884
777,person,0.26986339688301086
778,car,0.8945845365524292
778,person,0.8292531371116638
778,person,0.8270994424819946
778,person,0.8154810667037964
778,car,0.8149466514587402
778,car,0.8030891418457031
778,person,0.8013376593589783
778,person,0.7917517423629761
778,person,0.7724843621253967
778,person,0.7090311646461487
778,person,0.6825889348983765
779,car,0.8899723291397095
779,person,0.8232962489128113
779,person,0.8214632868766785
779,car,0.8139312267303467
779,car,0.8054617643356323
779,person,0.8035365343093872
779,person,0.8006596565246582
779,person,0.787765383720398
779,person,0.7596813440322876
779,person,0.7002204060554504
779,person,0.6566254496574402
779,person,0.41784384846687317
779,car,0.2509206533432007
780,car,0.8862027525901794
780,person,0.831270158290863
780,person,0.8169496655464172
780,car,0.8131168484687805
780,person,0.8100752830505371
780,car,0.7986499667167664
780,person,0.7956041097640991
780,person,0.7797366380691528
780,person,0.6850998401641846
780,person,0.6674707531929016
780,person,0.6151692867279053
780,person,0.25706470012664795
781,car,0.8866759538650513
781,person,0.8427749872207642
781,person,0.8316019177436829
781,person,0.8268575668334961
781,car,0.807303786277771
781,car,0.8048190474510193
781,person,0.7909164428710938
781,person,0.7719050645828247
781,person,0.6722843647003174
781,person,0.657345175743103
781,person,0.6523164510726929
781,person,0.4600614011287689
781,person,0.26290541887283325
782,car,0.8837018013000488
782,person,0.8657919764518738
782,person,0.8375895023345947
782,person,0.835761308670044
782,car,0.8121763467788696
782,car,0.8043076395988464
782,person,0.7946999073028564
782,person,0.7889536619186401
782,person,0.6975628733634949
782,person,0.6096594929695129
782,person,0.6001284122467041
782,person,0.5028398633003235
782,person,0.254496693611145
783,car,0.8864831924438477
783,person,0.8657707571983337
783,person,0.8378435969352722
783,person,0.8358801603317261
783,car,0.8088364005088806
783,person,0.7985718250274658
783,car,0.7946175932884216
783,person,0.7821910381317139
783,person,0.7489708065986633
783,person,0.6122286915779114
783,person,0.604971170425415
783,person,0.41037505865097046
783,person,0.3600560426712036
784,car,0.8887788653373718
784,person,0.8781245350837708
784,person,0.8399596214294434
784,person,0.8271619081497192
784,car,0.8087953925132751
784,person,0.7914906144142151
784,person,0.7829855680465698
784,car,0.7800858616828918
784,person,0.7518399357795715
784,person,0.5619547963142395
784,person,0.5575178265571594
784,person,0.4394751787185669
785,person,0.8841175436973572
785,car,0.8831161260604858
785,person,0.8538169264793396
785,person,0.8340970277786255
785,person,0.8021069765090942
785,car,0.7962944507598877
785,person,0.7834209203720093
785,person,0.7609614133834839
785,car,0.7565111517906189
785,person,0.5613824725151062
785,person,0.5555400848388672
785,person,0.5412220358848572
785,person,0.45468631386756897
786,car,0.887439489364624
786,person,0.8611745834350586
786,person,0.8574175238609314
786,person,0.8518955111503601
786,person,0.8208837509155273
786,car,0.8008731603622437
786,person,0.7947028279304504
786,car,0.7924147844314575
786,person,0.7582822442054749
786,person,0.635356605052948
786,person,0.5624786615371704
786,person,0.4909527897834778
786,person,0.43003612756729126
786,person,0.34049123525619507
787,car,0.8890998363494873
787,person,0.8658939003944397
787,person,0.8585568070411682
787,person,0.838742733001709
787,person,0.8293604850769043
787,person,0.8096320033073425
787,car,0.8054719567298889
787,car,0.7938657402992249
787,person,0.7512997984886169
787,person,0.7206642031669617
787,person,0.4971926212310791
787,person,0.48048627376556396
788,car,0.8902130126953125
788,person,0.8832339644432068
788,person,0.8522116541862488
788,person,0.8454487323760986
788,person,0.8352609276771545
788,car,0.8208993673324585
788,person,0.7967445850372314
788,car,0.789776086807251
788,person,0.736784040927887
788,person,0.7290767431259155
788,person,0.47399795055389404
788,person,0.45959335565567017
789,car,0.8914923667907715
789,person,0.8735194206237793
789,person,0.85634446144104
789,person,0.8512462377548218
789,person,0.8444877862930298
789,car,0.8191412687301636
789,car,0.790255606174469
789,person,0.7849356532096863
789,person,0.7600079774856567
789,person,0.6700630187988281
789,person,0.5535339713096619
789,person,0.5408193469047546
790,car,0.8922062516212463
790,person,0.8644518852233887
790,person,0.8599164485931396
790,person,0.8591871857643127
790,person,0.8438910841941833
790,car,0.8136473298072815
790,car,0.7894022464752197
790,person,0.7685264945030212
790,person,0.7647163271903992
790,person,0.7371597290039062
790,person,0.602100133895874
790,person,0.5453999042510986
791,car,0.8935108780860901
791,person,0.8606301546096802
791,person,0.8589932918548584
791,person,0.85758376121521
791,person,0.8573108911514282
791,car,0.8136980533599854
791,car,0.7900881767272949
791,person,0.7784030437469482
791,person,0.7658725380897522
791,person,0.6714332103729248
791,person,0.5350331664085388
791,person,0.49268102645874023
792,car,0.8906301259994507
792,person,0.8665211200714111
792,person,0.8545485138893127
792,person,0.846019983291626
792,person,0.8117944598197937
792,car,0.7992057800292969
792,car,0.7877745628356934
792,person,0.7562884092330933
792,person,0.7239055037498474
792,person,0.6666231155395508
792,person,0.6102567911148071
792,person,0.48112672567367554
792,person,0.2968977689743042
792,person,0.2903367578983307
793,car,0.8882560133934021
793,person,0.8484013080596924
793,person,0.8389700055122375
793,person,0.8353776335716248
793,car,0.8065874576568604
793,person,0.7930107712745667
793,car,0.7794774174690247
793,person,0.7193632125854492
793,person,0.6938085556030273
793,person,0.6502436995506287
793,person,0.499975323677063
793,person,0.39217671751976013
793,person,0.38882187008857727
793,person,0.33792608976364136
794,car,0.8863427042961121
794,person,0.8374446630477905
794,person,0.8276480436325073
794,car,0.8140448927879333
794,person,0.8043774366378784
794,car,0.7942334413528442
794,person,0.7800600528717041
794,person,0.7394306063652039
794,person,0.681594729423523
794,person,0.665576696395874
794,person,0.46197405457496643
794,person,0.3999923765659332
794,person,0.38906461000442505
794,person,0.2581436336040497
795,car,0.8846948146820068
795,person,0.8356074690818787
795,person,0.8087241053581238
795,car,0.8043379783630371
795,car,0.8023317456245422
795,person,0.7749539017677307
795,person,0.7469846606254578
795,person,0.6949349045753479
795,person,0.6535511016845703
795,person,0.6340597867965698
795,person,0.5304469466209412
795,person,0.34610655903816223
795,person,0.3154800534248352
795,person,0.2739611566066742
795,person,0.26961925625801086
796,car,0.8878493905067444
796,person,0.818308413028717
796,person,0.8075600266456604
796,car,0.8010774254798889
796,car,0.7861910462379456
796,person,0.7813299298286438
796,person,0.7737761735916138
796,person,0.7028571963310242
796,person,0.6947031021118164
796,person,0.6611220836639404
796,person,0.6431536078453064
796,person,0.4521121382713318
796,person,0.2935568392276764
797,car,0.890967607498169
797,car,0.8215813040733337
797,person,0.8180165886878967
797,person,0.8166208863258362
797,person,0.7944713234901428
797,person,0.7938867807388306
797,person,0.79231196641922
797,car,0.7834532856941223
797,person,0.7052399516105652
797,person,0.698853075504303
797,person,0.6646016836166382
797,person,0.5843940377235413
797,person,0.3792457580566406
798,car,0.8914486169815063
798,person,0.8292408585548401
798,car,0.8289452791213989
798,person,0.801702082157135
798,person,0.8004995584487915
798,car,0.791069746017456
798,person,0.7907638549804688
798,person,0.7869969010353088
798,person,0.6882755160331726
798,person,0.6782727241516113
798,person,0.6376981735229492
798,person,0.5860516428947449
798,person,0.3625393807888031
799,car,0.8942260146141052
799,person,0.8377624750137329
799,car,0.8201895356178284
799,person,0.8138232827186584
799,person,0.8052398562431335
799,car,0.7884582877159119
799,person,0.7800021767616272
799,person,0.7617449164390564
799,person,0.7574068903923035
799,person,0.6672687530517578
799,person,0.6625803112983704
799,person,0.49210599064826965
799,person,0.4653964042663574
800,car,0.8929097652435303
800,person,0.8564260005950928
800,person,0.8269059062004089
800,car,0.8138670325279236
800,person,0.8040592074394226
800,person,0.8013096451759338
800,car,0.7928193807601929
800,person,0.7188808917999268
800,person,0.715881884098053
800,person,0.6404989957809448
800,person,0.6343240737915039
800,person,0.48001277446746826
800,person,0.39699187874794006
801,car,0.8919240236282349
801,person,0.8296102285385132
801,car,0.8267735242843628
801,person,0.8172136545181274
801,person,0.8136354684829712
801,person,0.802253246307373
801,car,0.7917550802230835
801,person,0.7129595279693604
801,person,0.683931291103363
801,person,0.6639043688774109
801,person,0.6034271121025085
801,person,0.5820655822753906
801,person,0.5359413623809814
802,car,0.8940914869308472
802,person,0.8469384908676147
802,person,0.8402672410011292
802,car,0.8310075998306274
802,person,0.8309441208839417
802,person,0.8107649683952332
802,car,0.7929722666740417
802,person,0.7125170230865479
802,person,0.6810151934623718
802,person,0.5975498557090759
802,person,0.5736303925514221
802,person,0.5307696461677551
803,car,0.8940044045448303
803,person,0.8608132004737854
803,person,0.842785120010376
803,person,0.8406780958175659
803,car,0.8380167484283447
803,person,0.8147873878479004
803,car,0.7911942005157471
803,person,0.6972730755805969
803,person,0.6923666596412659
803,person,0.5443547964096069
803,person,0.526053249835968
803,person,0.5136869549751282
803,person,0.37504222989082336
804,car,0.8929458260536194
804,person,0.8507307767868042
804,person,0.8475698232650757
804,person,0.8436461091041565
804,person,0.8182528018951416
804,car,0.8059641122817993
804,car,0.7998844981193542
804,person,0.7045211791992188
804,person,0.6355559825897217
804,person,0.634208619594574
804,person,0.5010817050933838
804,person,0.45882272720336914
804,person,0.3539801836013794
805,car,0.899211585521698
805,person,0.8633919358253479
805,person,0.8470980525016785
805,person,0.8448699116706848
805,person,0.8293489217758179
805,car,0.8076534867286682
805,car,0.797347903251648
805,person,0.7114348411560059
805,person,0.6708590388298035
805,person,0.5396853089332581
805,person,0.452668696641922
805,person,0.41202372312545776
806,car,0.8992218971252441
806,person,0.8607926964759827
806,person,0.8489719033241272
806,person,0.8431990742683411
806,person,0.8393328189849854
806,car,0.8163468241691589
806,car,0.79312664270401
806,person,0.7097256779670715
806,person,0.7060920000076294
806,person,0.6603185534477234
806,person,0.3935018479824066
807,car,0.8980904817581177
807,person,0.8676608800888062
807,person,0.8595836162567139
807,person,0.8371985554695129
807,person,0.8305211067199707
807,car,0.821405291557312
807,car,0.7987155914306641
807,person,0.6960649490356445
807,person,0.6410912275314331
807,person,0.6171574592590332
808,car,0.899205207824707
808,person,0.8790532350540161
808,person,0.8589335680007935
808,person,0.8334813714027405
808,person,0.8289470672607422
808,car,0.8189606070518494
808,car,0.8051961660385132
808,person,0.6719409823417664
808,person,0.6696375608444214
808,person,0.5925924777984619
809,car,0.8984568119049072
809,person,0.890296459197998
809,person,0.8680527210235596
809,person,0.83536297082901
809,person,0.8289852738380432
809,car,0.8057084679603577
809,car,0.799201250076294
809,person,0.7827144861221313
809,person,0.6616235375404358
809,person,0.4592614471912384
809,person,0.34302496910095215
810,car,0.90106201171875
810,person,0.8940210938453674
810,person,0.8513772487640381
810,person,0.8331141471862793
810,car,0.8033294081687927
810,car,0.7927694916725159
810,person,0.7864699363708496
810,person,0.7339634299278259
810,person,0.6859290599822998
810,person,0.5101178884506226
810,person,0.44769346714019775
811,car,0.9026305675506592
811,person,0.8976536393165588
811,person,0.8327230215072632
811,car,0.8190460801124573
811,person,0.80353844165802
811,person,0.8013033270835876
811,car,0.7967730164527893
811,person,0.7256476879119873
811,person,0.7106325626373291
811,person,0.5342974662780762
811,person,0.504196047782898
811,person,0.33369961380958557
812,car,0.8982340693473816
812,person,0.892670750617981
812,person,0.8180272579193115
812,car,0.812834620475769
812,person,0.806666910648346
812,car,0.7959352135658264
812,person,0.7654202580451965
812,person,0.7537155151367188
812,person,0.7150382995605469
812,person,0.5503754615783691
812,person,0.45043596625328064
812,person,0.3406098783016205
813,car,0.8999102711677551
813,person,0.8825642466545105
813,car,0.8245635032653809
813,car,0.7964065670967102
813,person,0.7903916835784912
813,person,0.7794700264930725
813,person,0.7736307382583618
813,person,0.731523871421814
813,person,0.6205785274505615
813,person,0.4976218044757843
813,person,0.31153976917266846
814,car,0.9023461937904358
814,person,0.8751944303512573
814,person,0.8304112553596497
814,car,0.8264795541763306
814,car,0.8058831095695496
814,person,0.7868906259536743
814,person,0.7688950300216675
814,person,0.7577300667762756
814,person,0.7104555368423462
814,person,0.3853272497653961
815,car,0.8994553089141846
815,person,0.8732697367668152
815,person,0.8328888416290283
815,car,0.819809079170227
815,person,0.8038778305053711
815,car,0.7979797124862671
815,person,0.7967764735221863
815,person,0.7670961618423462
815,person,0.7263397574424744
815,person,0.4275009334087372
816,car,0.8944913744926453
816,person,0.8667263388633728
816,person,0.8428629040718079
816,person,0.8069609999656677
816,car,0.7976356148719788
816,car,0.7897818684577942
816,person,0.7735194563865662
816,person,0.751857340335846
816,person,0.7502927780151367
816,person,0.26129084825515747
817,car,0.891963005065918
817,person,0.8557215929031372
817,person,0.8466552495956421
817,car,0.8153561949729919
817,person,0.8121246099472046
817,car,0.7897421717643738
817,person,0.7824243903160095
817,person,0.7306283116340637
817,person,0.7088190913200378
817,person,0.44693267345428467
817,person,0.27648696303367615
818,car,0.8912231922149658
818,person,0.8623201251029968
818,person,0.8349889516830444
818,car,0.8303465843200684
818,person,0.8118510246276855
818,person,0.8104883432388306
818,car,0.7820509076118469
818,person,0.7665805816650391
818,person,0.4173620343208313
819,car,0.8895328640937805
819,person,0.8788396716117859
819,person,0.8498111963272095
819,person,0.8487834334373474
819,car,0.8213191628456116
819,person,0.7864577174186707
819,car,0.7758686542510986
819,person,0.7701115608215332
819,person,0.3574833273887634
819,person,0.28357475996017456
820,car,0.8922199010848999
820,person,0.8834190368652344
820,person,0.8797078132629395
820,person,0.8428528308868408
820,person,0.825498104095459
820,car,0.8046377897262573
820,person,0.7871397137641907
820,car,0.7796512842178345
820,person,0.4134141802787781
820,person,0.2538917362689972
821,car,0.8913456201553345
821,person,0.8903588652610779
821,person,0.888446033000946
821,person,0.8443174362182617
821,car,0.8112767338752747
821,person,0.7897344827651978
821,person,0.7868573665618896
821,car,0.7809972167015076
821,person,0.39401975274086
821,person,0.25575289130210876
822,car,0.8933746218681335
822,person,0.887810230255127
822,person,0.8850479125976562
822,person,0.8421957492828369
822,car,0.8121769428253174
822,person,0.807686984539032
822,person,0.8013994693756104
822,car,0.7868916392326355
822,person,0.41796326637268066
823,car,0.8952280282974243
823,person,0.887387752532959
823,person,0.8842964768409729
823,person,0.8622404336929321
823,person,0.8410696983337402
823,car,0.8257659673690796
823,person,0.7974538207054138
823,car,0.7842460870742798
823,person,0.39562201499938965
824,car,0.891304075717926
824,person,0.8821505904197693
824,person,0.8761217594146729
824,person,0.8641071319580078
824,person,0.8397038578987122
824,car,0.8249697685241699
824,person,0.8032278418540955
824,car,0.7804105281829834
824,person,0.2815972864627838
825,car,0.8885286450386047
825,person,0.8755128979682922
825,person,0.8614723086357117
825,person,0.8590556383132935
825,person,0.8548415303230286
825,car,0.8250280618667603
825,person,0.784547746181488
825,car,0.7806769013404846
826,car,0.8912119269371033
826,person,0.8758012056350708
826,person,0.858508288860321
826,person,0.856554388999939
826,person,0.8528204560279846
826,car,0.8346693515777588
826,person,0.7899602055549622
826,car,0.7789734601974487
826,person,0.32874658703804016
827,car,0.8881972432136536
827,person,0.8629022240638733
827,person,0.862197995185852
827,person,0.857934296131134
827,person,0.8421352505683899
827,car,0.8314757943153381
827,person,0.7793211936950684
827,car,0.7751436829566956
827,person,0.3379243314266205
828,car,0.8911660313606262
828,person,0.8624413013458252
828,person,0.8443973660469055
828,person,0.8396003842353821
828,person,0.8359480500221252
828,car,0.8299918174743652
828,car,0.7825571894645691
828,person,0.7622379660606384
828,person,0.36287921667099
828,person,0.3289770781993866
829,car,0.8955202102661133
829,person,0.8640256524085999
829,person,0.858305037021637
829,person,0.8314067125320435
829,person,0.820062518119812
829,car,0.8128277063369751
829,car,0.7861073613166809
829,person,0.7350722551345825
829,person,0.5621616840362549
830,car,0.9001195430755615
830,person,0.8661495447158813
830,person,0.8475927710533142
830,person,0.8311854600906372
830,car,0.8161641955375671
830,person,0.8159336447715759
830,car,0.785271167755127
830,person,0.7228221893310547
830,person,0.5221843719482422
831,car,0.9021075367927551
831,person,0.861114501953125
831,person,0.8450542688369751
831,person,0.8321300148963928
831,person,0.8243268728256226
831,car,0.8211156725883484
831,car,0.7926937341690063
831,person,0.6926683187484741
831,person,0.6276863813400269
832,car,0.9027869701385498
832,person,0.86049485206604
832,person,0.8579196333885193
832,person,0.8451861143112183
832,car,0.8230924010276794
832,person,0.8087903261184692
832,car,0.7878364324569702
832,person,0.6735901832580566
832,person,0.6565558314323425
833,car,0.901499330997467
833,person,0.8515267372131348
833,person,0.8474544882774353
833,car,0.8266286849975586
833,person,0.8250781893730164
833,person,0.8179618716239929
833,car,0.7889877557754517
833,person,0.708278477191925
833,person,0.6798428893089294
833,person,0.3009120523929596
834,car,0.9015029072761536
834,person,0.8502134680747986
834,person,0.842393696308136
834,person,0.8403098583221436
834,person,0.8347418308258057
834,car,0.8201061487197876
834,car,0.7881228923797607
834,person,0.7092852592468262
834,person,0.6548282504081726
835,car,0.9023876190185547
835,person,0.8658599853515625
835,person,0.8400031328201294
835,person,0.8382378220558167
835,car,0.8323078155517578
835,person,0.816433310508728
835,car,0.8003373146057129
835,person,0.7583128809928894
835,person,0.7074518799781799
836,car,0.9036404490470886
836,person,0.866435706615448
836,person,0.8322656750679016
836,person,0.8293672800064087
836,car,0.8245124816894531
836,person,0.8209643363952637
836,car,0.817368745803833
836,person,0.7942759394645691
836,person,0.7281938195228577
837,car,0.9020943641662598
837,person,0.8764537572860718
837,car,0.8418270349502563
837,person,0.8374101519584656
837,car,0.8221542835235596
837,person,0.810721755027771
837,person,0.8003170490264893
837,person,0.7785683274269104
837,person,0.7134159803390503
838,car,0.903205156326294
838,person,0.8780602216720581
838,car,0.8445864319801331
838,person,0.8288031220436096
838,person,0.8282403349876404
838,car,0.8273270130157471
838,person,0.8105811476707458
838,person,0.7431073188781738
838,person,0.7211259603500366
839,car,0.9037583470344543
839,person,0.8923029899597168
839,car,0.8525165915489197
839,person,0.8474913835525513
839,person,0.8296472430229187
839,car,0.8259415030479431
839,person,0.8028114438056946
839,person,0.7633287906646729
839,person,0.6548492312431335
840,car,0.9011197686195374
840,person,0.8867998719215393
840,car,0.8483394384384155
840,person,0.8420988321304321
840,car,0.8232727646827698
840,person,0.8207364082336426
840,person,0.8038591742515564
840,person,0.7559520602226257
840,person,0.6876741647720337
841,car,0.9031745791435242
841,person,0.8773048520088196
841,person,0.8725065588951111
841,car,0.8514841198921204
841,car,0.8266144394874573
841,person,0.8164433240890503
841,person,0.8102819919586182
841,person,0.7769740223884583
841,person,0.7101404666900635
842,car,0.9025617837905884
842,person,0.8808529376983643
842,person,0.8746954202651978
842,car,0.8428658246994019
842,car,0.8246781229972839
842,person,0.8204380869865417
842,person,0.8167057037353516
842,person,0.7835564613342285
842,person,0.7123668193817139
843,car,0.9038791656494141
843,person,0.8690884113311768
843,person,0.8648369312286377
843,car,0.8435283899307251
843,car,0.8252767324447632
843,person,0.8076199889183044
843,person,0.8026126623153687
843,person,0.7907438278198242
843,person,0.711957573890686
843,handbag,0.2628633975982666
844,car,0.9042406678199768
844,person,0.8691679835319519
844,person,0.8557481169700623
844,car,0.850368857383728
844,car,0.8259584903717041
844,person,0.7935707569122314
844,person,0.7927195429801941
844,person,0.7872161269187927
844,person,0.7311455607414246
844,handbag,0.2982396185398102
845,car,0.9000704288482666
845,person,0.8613482117652893
845,person,0.8377927541732788
845,car,0.835071325302124
845,car,0.8234775066375732
845,person,0.7839959859848022
845,person,0.7807592749595642
845,person,0.7682863473892212
845,person,0.7638716101646423
845,handbag,0.3019696772098541
846,car,0.9022997617721558
846,person,0.8605667948722839
846,person,0.8519858717918396
846,car,0.835034191608429
846,car,0.8254844546318054
846,person,0.7736780643463135
846,person,0.7671442627906799
846,person,0.7538474202156067
846,person,0.7411338686943054
847,car,0.9038866758346558
847,person,0.860580325126648
847,car,0.8396562337875366
847,person,0.8378523588180542
847,car,0.8233442306518555
847,person,0.7972872257232666
847,person,0.7172372937202454
847,person,0.7090019583702087
847,person,0.6870785355567932
847,handbag,0.294316828250885
848,car,0.902101457118988
848,person,0.8568545579910278
848,person,0.8481402397155762
848,car,0.8387232422828674
848,car,0.8253692388534546
848,person,0.8169848918914795
848,person,0.7321990728378296
848,person,0.6897118091583252
848,person,0.4621451795101166
849,car,0.9023888111114502
849,person,0.8613797426223755
849,car,0.8270701766014099
849,car,0.826596200466156
849,person,0.8173280358314514
849,person,0.8162919878959656
849,person,0.715180516242981
849,person,0.7020643949508667
849,person,0.4295301139354706
850,car,0.9034826755523682
850,person,0.8662526607513428
850,car,0.8347886800765991
850,person,0.8198307156562805
850,car,0.8148782253265381
850,person,0.7628151774406433
850,person,0.7348220348358154
850,person,0.729243814945221
850,person,0.2520662844181061
851,car,0.9030882716178894
851,person,0.8645370602607727
851,person,0.8532689213752747
851,car,0.8415387272834778
851,car,0.8192117810249329
851,person,0.7985789775848389
851,person,0.7402195930480957
851,person,0.7132331728935242
852,car,0.9014860391616821
852,person,0.8735378980636597
852,person,0.867100715637207
852,car,0.8297402262687683
852,car,0.8098667860031128
852,person,0.8023253083229065
852,person,0.7276597023010254
852,person,0.7005050182342529
853,car,0.9027993083000183
853,person,0.8959299325942993
853,person,0.8524283170700073
853,car,0.8373544216156006
853,car,0.8139467239379883
853,person,0.8074191212654114
853,person,0.7957490086555481
853,person,0.717942476272583
854,car,0.8986509442329407
854,person,0.8948646783828735
854,person,0.8693418502807617
854,car,0.8102837800979614
854,person,0.8075626492500305
854,car,0.8062276840209961
854,person,0.7964743375778198
854,person,0.7447092533111572
855,car,0.9002634286880493
855,person,0.8852279782295227
855,person,0.8754862546920776
855,person,0.8420730829238892
855,person,0.816010057926178
855,car,0.8097995519638062
855,car,0.7973702549934387
855,person,0.7861274480819702
856,car,0.9011815786361694
856,person,0.8777179718017578
856,person,0.8728875517845154
856,person,0.8705873489379883
856,person,0.8267226815223694
856,car,0.8070498108863831
856,car,0.8070029616355896
856,person,0.790579080581665
857,person,0.9034257531166077
857,car,0.8987681865692139
857,person,0.8799073100090027
857,person,0.8618327975273132
857,person,0.8224612474441528
857,car,0.8004305362701416
857,car,0.7997832894325256
857,person,0.7801374197006226
858,person,0.8979448676109314
858,car,0.892912745475769
858,person,0.8641345500946045
858,person,0.8635035753250122
858,person,0.8159177899360657
858,car,0.8077113032341003
858,person,0.7969381809234619
858,car,0.7931811809539795
859,car,0.8924567699432373
859,person,0.8877736926078796
859,person,0.8583865761756897
859,person,0.8258302807807922
859,person,0.8092513680458069
859,car,0.8057658076286316
859,car,0.7915586233139038
859,person,0.7876986861228943
860,car,0.8915720582008362
860,person,0.8859124779701233
860,person,0.8729021549224854
860,person,0.8290045857429504
860,car,0.8166094422340393
860,person,0.8111667633056641
860,car,0.7949608564376831
860,person,0.7859426736831665
861,car,0.8919355273246765
861,person,0.890191912651062
861,person,0.87366783618927
861,car,0.8168593645095825
861,person,0.812741219997406
861,person,0.8023784756660461
861,car,0.7936727404594421
861,person,0.7663624286651611
862,person,0.89247727394104
862,car,0.8905119895935059
862,person,0.8371112942695618
862,car,0.8149733543395996
862,car,0.7967907190322876
862,person,0.7880216836929321
862,person,0.7814072370529175
862,person,0.7360713481903076
863,person,0.8919203281402588
863,car,0.8900688886642456
863,person,0.8646246194839478
863,car,0.818225085735321
863,person,0.7962929010391235
863,car,0.7948307991027832
863,person,0.7839435338973999
863,person,0.7079029679298401
864,car,0.893252432346344
864,person,0.8915154933929443
864,person,0.8565008044242859
864,car,0.8182375431060791
864,car,0.7966992259025574
864,person,0.7855817079544067
864,person,0.7705597877502441
864,person,0.7212067246437073
865,car,0.8960765600204468
865,person,0.8930444717407227
865,person,0.817022979259491
865,car,0.8157908916473389
865,car,0.797178328037262
865,person,0.7711994051933289
865,person,0.7492796182632446
865,person,0.7333281636238098
866,person,0.8877775073051453
866,car,0.8862849473953247
866,car,0.8225142359733582
866,person,0.7997891306877136
866,car,0.7959790229797363
866,person,0.7925465703010559
866,person,0.7593992948532104
866,person,0.7076648473739624
867,car,0.8930128216743469
867,person,0.8485155701637268
867,person,0.8320962190628052
867,car,0.829940915107727
867,person,0.798479437828064
867,car,0.7955701947212219
867,person,0.7066227197647095
867,person,0.7009705901145935
868,car,0.8941452503204346
868,person,0.8581811785697937
868,car,0.8380888104438782
868,person,0.8344420790672302
868,car,0.7997063994407654
868,person,0.7936866879463196
868,person,0.7153913974761963
868,person,0.7093678712844849
869,car,0.8940511345863342
869,person,0.8802232146263123
869,person,0.8371753692626953
869,car,0.8355432152748108
869,person,0.8277388215065002
869,car,0.8094313144683838
869,person,0.7560088634490967
869,person,0.7406691312789917
870,car,0.8984590172767639
870,person,0.8891378045082092
870,person,0.8412660360336304
870,car,0.829446017742157
870,car,0.8105888962745667
870,person,0.7407985925674438
870,person,0.7367026805877686
870,person,0.7309140563011169
871,car,0.9004850387573242
871,person,0.8919328451156616
871,car,0.8363221287727356
871,person,0.8328468799591064
871,car,0.8186217546463013
871,person,0.7651013135910034
871,person,0.7317755222320557
871,person,0.7257239818572998
872,car,0.9022966623306274
872,person,0.8958832025527954
872,person,0.8401006460189819
872,person,0.8299987316131592
872,car,0.8286811113357544
872,car,0.8171231150627136
872,person,0.784967839717865
872,person,0.7297680377960205
873,car,0.900858998298645
873,person,0.8912009596824646
873,person,0.8489469885826111
873,person,0.8290122151374817
873,car,0.8260851502418518
873,car,0.8126441836357117
873,person,0.8000509142875671
873,person,0.7554136514663696
874,car,0.9023908972740173
874,person,0.8817863464355469
874,person,0.8576407432556152
874,car,0.8349804878234863
874,person,0.8281629085540771
874,car,0.8196445107460022
874,person,0.794786274433136
874,person,0.7639807462692261
875,car,0.9017060995101929
875,person,0.8647890686988831
875,person,0.840434193611145
875,person,0.840107262134552
875,car,0.8351702690124512
875,person,0.817949116230011
875,car,0.8115732669830322
875,person,0.7297777533531189
876,car,0.9018009901046753
876,person,0.8607152104377747
876,person,0.8523341417312622
876,person,0.8435877561569214
876,car,0.837295413017273
876,person,0.8198625445365906
876,car,0.812814474105835
876,person,0.7248715758323669
877,car,0.9025689959526062
877,person,0.8681591153144836
877,car,0.8586583733558655
877,person,0.8333937525749207
877,person,0.8211873173713684
877,car,0.8112920522689819
877,person,0.8065653443336487
877,person,0.7351742386817932
878,car,0.9035806655883789
878,person,0.8663089275360107
878,car,0.8555367588996887
878,person,0.8216795921325684
878,car,0.8154441714286804
878,person,0.8148724436759949
878,person,0.7913903594017029
878,person,0.744739830493927
879,car,0.9039261341094971
879,person,0.8699520826339722
879,car,0.8488361239433289
879,person,0.8323271870613098
879,car,0.8172287344932556
879,person,0.814752459526062
879,person,0.739181637763977
879,person,0.6975002288818359
880,car,0.9032909274101257
880,person,0.8666663765907288
880,car,0.8537423610687256
880,car,0.8197057247161865
880,person,0.7939441800117493
880,person,0.7728551626205444
880,person,0.7419427037239075
880,person,0.5763744711875916
881,car,0.9040011167526245
881,car,0.8559948801994324
881,person,0.8427051305770874
881,car,0.819879949092865
881,person,0.7919266819953918
881,person,0.7868620157241821
881,person,0.7527780532836914
881,handbag,0.31526979804039
882,car,0.9033874869346619
882,car,0.8464886546134949
882,person,0.8454612493515015
882,car,0.8145524263381958
882,person,0.787111759185791
882,person,0.7727212905883789
882,person,0.7652068138122559
883,car,0.9050533175468445
883,car,0.8476547002792358
883,person,0.8265877962112427
883,car,0.8126653432846069
883,person,0.7966440916061401
883,person,0.7655459046363831
883,person,0.7475780844688416
884,car,0.9046987295150757
884,car,0.8481906652450562
884,car,0.8189259171485901
884,person,0.8145213723182678
884,person,0.7896231412887573
884,person,0.749049186706543
884,person,0.7434058785438538
885,car,0.9032107591629028
885,car,0.8472753167152405
885,car,0.8168569803237915
885,person,0.8103009462356567
885,person,0.8032611012458801
885,person,0.7463103532791138
885,person,0.7243475317955017
886,car,0.9025928974151611
886,car,0.834740936756134
886,person,0.8209654688835144
886,car,0.8162741661071777
886,person,0.7997242212295532
886,person,0.7791486382484436
886,person,0.7488729357719421
887,car,0.9042320847511292
887,person,0.8403725624084473
887,car,0.8248775601387024
887,car,0.8157955408096313
887,person,0.8150827288627625
887,person,0.8034403324127197
887,person,0.7862569093704224
888,car,0.9036908745765686
888,person,0.8486387133598328
888,person,0.8440021872520447
888,car,0.8239483833312988
888,car,0.8137499690055847
888,person,0.8055620789527893
888,person,0.7461867332458496
889,car,0.9008572697639465
889,person,0.8717630505561829
889,person,0.8283897638320923
889,car,0.8230104446411133
889,person,0.8211551904678345
889,car,0.8122243285179138
889,person,0.7661580443382263
890,car,0.897420346736908
890,person,0.8753184080123901
890,person,0.8160035610198975
890,car,0.8135861158370972
890,car,0.8111057877540588
890,person,0.7816744446754456
890,person,0.7719318270683289
891,car,0.897476315498352
891,person,0.8650001287460327
891,person,0.8213838934898376
891,person,0.8197542428970337
891,car,0.8122305870056152
891,car,0.8088217377662659
891,person,0.8074467778205872
892,car,0.8963899612426758
892,person,0.8694056272506714
892,person,0.839145839214325
892,person,0.8140784502029419
892,car,0.8138157725334167
892,car,0.8101529479026794
892,person,0.8053205013275146
893,car,0.8950676321983337
893,person,0.8748053312301636
893,person,0.8539952039718628
893,person,0.8259773850440979
893,person,0.8242191076278687
893,car,0.8088368773460388
893,car,0.7976672053337097
894,car,0.8973296284675598
894,person,0.8707683682441711
894,person,0.8692412972450256
894,person,0.8363469243049622
894,person,0.8167757391929626
894,car,0.8064611554145813
894,car,0.8036197423934937
895,car,0.896784782409668
895,person,0.8732240796089172
895,person,0.8725011348724365
895,person,0.845390796661377
895,person,0.8175675868988037
895,car,0.8106984496116638
895,car,0.8067213296890259
896,car,0.8895972967147827
896,person,0.8846356272697449
896,person,0.8830099105834961
896,person,0.8133505582809448
896,car,0.8056926131248474
896,person,0.8049874305725098
896,car,0.8035915493965149
897,car,0.8939433693885803
897,person,0.8825162053108215
897,person,0.8801106214523315
897,car,0.8282049298286438
897,person,0.8136357069015503
897,car,0.8018887639045715
897,person,0.7912916541099548
898,car,0.8930394649505615
898,person,0.8864081501960754
898,person,0.8701375722885132
898,car,0.8179976344108582
898,person,0.810190737247467
898,person,0.8070654273033142
898,car,0.801986575126648
899,person,0.8962697386741638
899,car,0.8916335701942444
899,person,0.8594522476196289
899,car,0.8133097290992737
899,car,0.798995852470398
899,person,0.7950559258460999
899,person,0.7835193872451782
900,car,0.8928983807563782
900,person,0.8909450769424438
900,person,0.8505203127861023
900,car,0.8263741135597229
900,car,0.8035746216773987
900,person,0.7737373113632202
900,person,0.7715548872947693
901,person,0.8974543213844299
901,car,0.8904469013214111
901,car,0.8419119119644165
901,person,0.8389607071876526
901,car,0.8070381283760071
901,person,0.7871366143226624
901,person,0.7512058615684509
902,car,0.8955729603767395
902,person,0.8724026679992676
902,car,0.8369128704071045
902,person,0.8240509033203125
902,car,0.8090460896492004
902,person,0.7840437293052673
902,person,0.7387859225273132
903,car,0.8941956162452698
903,person,0.8614622950553894
903,car,0.8367635607719421
903,person,0.8215872645378113
903,car,0.8120152354240417
903,person,0.7702050805091858
903,person,0.7687006592750549
904,car,0.8962384462356567
904,person,0.8501493334770203
904,car,0.8342462778091431
904,person,0.828118622303009
904,car,0.8073999881744385
904,person,0.762646496295929
904,person,0.7391844987869263
905,car,0.8962954878807068
905,person,0.8404554724693298
905,car,0.8288771510124207
905,person,0.8216411471366882
905,car,0.8049315810203552
905,person,0.7860519289970398
905,person,0.7671300172805786
906,car,0.8950037360191345
906,person,0.8648800849914551
906,car,0.8343908190727234
906,person,0.8118012547492981
906,car,0.8046300411224365
906,person,0.7991237044334412
906,person,0.7916380167007446
907,car,0.8932741284370422
907,person,0.8621730804443359
907,car,0.8475308418273926
907,person,0.8092140555381775
907,person,0.8073842525482178
907,car,0.8047363758087158
907,person,0.7975178956985474
907,tennis racket,0.26536405086517334
908,car,0.8946352005004883
908,person,0.864403247833252
908,car,0.8381455540657043
908,person,0.8305284976959229
908,person,0.8091958165168762
908,car,0.8068075180053711
908,person,0.7885106801986694
909,car,0.897986650466919
909,person,0.8465020060539246
909,car,0.8439373970031738
909,person,0.8319191932678223
909,person,0.8294045925140381
909,car,0.7990639805793762
909,person,0.791908323764801
910,car,0.8949587941169739
910,person,0.832700788974762
910,car,0.8318063616752625
910,person,0.8303368091583252
910,person,0.826411247253418
910,person,0.8044373393058777
910,car,0.7987423539161682
911,car,0.8943843841552734
911,person,0.8592833876609802
911,person,0.8324365615844727
911,car,0.830796480178833
911,person,0.820202112197876
911,person,0.8106095194816589
911,car,0.8004729151725769
912,car,0.8933834433555603
912,person,0.852523684501648
912,person,0.8370506167411804
912,car,0.8262600898742676
912,car,0.8017541170120239
912,person,0.8007972240447998
912,person,0.7855952382087708
913,car,0.8936628699302673
913,person,0.8550011515617371
913,person,0.8460049629211426
913,car,0.8207361698150635
913,person,0.8031092882156372
913,car,0.8002882599830627
913,person,0.7934817671775818
914,car,0.8939172625541687
914,person,0.8661422729492188
914,car,0.8289198875427246
914,person,0.8245706558227539
914,person,0.8188077211380005
914,person,0.8096213936805725
914,car,0.8032138347625732
915,car,0.8911728262901306
915,person,0.8732266426086426
915,car,0.8200984001159668
915,person,0.813775360584259
915,car,0.8058769702911377
915,person,0.8043704628944397
915,person,0.8010388612747192
916,car,0.8928859233856201
916,person,0.8787435293197632
916,car,0.8306940793991089
916,car,0.8083838224411011
916,person,0.8022505640983582
916,person,0.8004235625267029
916,person,0.7163992524147034
917,car,0.8911565542221069
917,person,0.8839036226272583
917,car,0.8306575417518616
917,person,0.8128111958503723
917,car,0.7983450889587402
917,person,0.7982924580574036
917,person,0.6844527721405029
918,car,0.8924164772033691
918,person,0.873418390750885
918,car,0.8263493776321411
918,person,0.8195284008979797
918,car,0.8017802834510803
918,person,0.8001716136932373
918,person,0.32568132877349854
919,car,0.8921826481819153
919,person,0.8582813739776611
919,car,0.8253580927848816
919,person,0.8149616718292236
919,person,0.8061150312423706
919,car,0.8003531694412231
920,car,0.8845258355140686
920,person,0.8448394536972046
920,car,0.8227173686027527
920,car,0.7956715822219849
920,person,0.7810155153274536
920,person,0.7675349712371826
921,car,0.8904106020927429
921,person,0.8358415961265564
921,car,0.8285588026046753
921,car,0.7977791428565979
921,person,0.7582952380180359
921,person,0.7578348517417908
922,car,0.8934140801429749
922,person,0.8430991172790527
922,car,0.8280966281890869
922,car,0.8015285134315491
922,person,0.7604828476905823
922,person,0.7437381744384766
923,car,0.8937404155731201
923,car,0.8287950158119202
923,person,0.8162621855735779
923,car,0.8027365207672119
923,person,0.7838928699493408
923,person,0.7555013298988342
924,car,0.893571674823761
924,car,0.8253509402275085
924,car,0.8040202856063843
924,person,0.7818083167076111
924,person,0.7798144817352295
924,person,0.7781680226325989
925,car,0.8937510848045349
925,car,0.8238958716392517
925,car,0.8071218132972717
925,person,0.79625403881073
925,person,0.790601372718811
925,person,0.7886512875556946
926,car,0.8882668018341064
926,car,0.8286944031715393
926,person,0.8227882981300354
926,car,0.8080129623413086
926,person,0.789663553237915
926,person,0.787452757358551
927,car,0.8901889324188232
927,car,0.8298264741897583
927,person,0.81386798620224
927,car,0.8104231953620911
927,person,0.8064114451408386
927,person,0.7856147885322571
928,car,0.8931492567062378
928,car,0.8154123425483704
928,person,0.8142682909965515
928,car,0.8142217993736267
928,person,0.8054053783416748
928,person,0.8042776584625244
929,car,0.8921259045600891
929,person,0.8130475282669067
929,car,0.8114069104194641
929,person,0.8022904992103577
929,car,0.797931969165802
929,person,0.7929728627204895
930,car,0.8935590386390686
930,person,0.8193139433860779
930,car,0.8183385133743286
930,person,0.8091382384300232
930,car,0.7988552451133728
930,person,0.7956763505935669
931,car,0.8904388546943665
931,person,0.828144371509552
931,person,0.8229820132255554
931,person,0.822028398513794
931,car,0.8160679340362549
931,car,0.7939703464508057
932,car,0.8924182057380676
932,person,0.8426882028579712
932,car,0.8278319239616394
932,person,0.8251643180847168
932,person,0.8095521926879883
932,car,0.7890455722808838
933,car,0.8917223811149597
933,person,0.8797004818916321
933,car,0.8267470002174377
933,person,0.820388913154602
933,person,0.8174668550491333
933,car,0.7910569906234741
934,person,0.8942724466323853
934,car,0.8903446197509766
934,person,0.8265947103500366
934,car,0.8161462545394897
934,person,0.8121559023857117
934,car,0.7905145287513733
935,person,0.9035609364509583
935,car,0.890762209892273
935,car,0.8321865797042847
935,person,0.8241101503372192
935,person,0.8094500303268433
935,car,0.7984013557434082
936,person,0.8955510854721069
936,car,0.8917474746704102
936,person,0.8240053057670593
936,car,0.8159663081169128
936,car,0.7956820130348206
936,person,0.7949546575546265
937,person,0.8950509428977966
937,car,0.8888593316078186
937,person,0.8220540881156921
937,car,0.8127208352088928
937,person,0.8090578317642212
937,car,0.7952064275741577
938,person,0.8886910676956177
938,car,0.8881759643554688
938,person,0.83050137758255
938,car,0.8119724988937378
938,car,0.8023535013198853
938,person,0.7877561450004578
939,person,0.8929923176765442
939,car,0.883600115776062
939,person,0.8343191742897034
939,car,0.8175573945045471
939,car,0.800594687461853
939,person,0.7661839723587036
940,car,0.8882299661636353
940,person,0.8879863619804382
940,car,0.8126440048217773
940,car,0.8070275783538818
940,person,0.7997329831123352
940,person,0.7376551032066345
941,car,0.8900133371353149
941,person,0.8759223222732544
941,car,0.8207688927650452
941,car,0.8005280494689941
941,person,0.7881600260734558
941,person,0.7542493343353271
942,car,0.8885526657104492
942,person,0.8671395182609558
942,car,0.822149932384491
942,car,0.8043831586837769
942,person,0.7914406657218933
942,person,0.784443199634552
943,car,0.8949306011199951
943,person,0.8596091866493225
943,car,0.8341103792190552
943,car,0.8072991967201233
943,person,0.7877539396286011
943,person,0.7629342675209045
944,car,0.8910272121429443
944,person,0.8589951395988464
944,car,0.8369753360748291
944,car,0.7909906506538391
944,person,0.7883695960044861
944,person,0.7679266333580017
945,car,0.8926358819007874
945,person,0.8402817249298096
945,car,0.8357752561569214
945,car,0.7934329509735107
945,person,0.781361997127533
945,person,0.7740915417671204
946,car,0.8924126029014587
946,car,0.8339318633079529
946,person,0.8206695318222046
946,person,0.813645601272583
946,car,0.7921300530433655
946,person,0.785876989364624
947,car,0.8957195281982422
947,car,0.8304380178451538
947,person,0.8220534920692444
947,person,0.8156412243843079
947,person,0.7908137440681458
947,car,0.7858492732048035
948,car,0.8962182402610779
948,car,0.8325393199920654
948,person,0.819227933883667
948,person,0.8048169612884521
948,car,0.787686288356781
948,person,0.7811363935470581
949,car,0.8957776427268982
949,car,0.8278070092201233
949,person,0.8225840926170349
949,person,0.8145196437835693
949,person,0.7962396740913391
949,car,0.7867660522460938
950,car,0.8980002403259277
950,car,0.8297967910766602
950,person,0.8165102005004883
950,person,0.7966194152832031
950,person,0.7926915884017944
950,car,0.7898908853530884
951,car,0.8982477188110352
951,car,0.8370685577392578
951,person,0.8208146095275879
951,person,0.8039061427116394
951,car,0.795319139957428
951,person,0.7641891837120056
952,car,0.8985180854797363
952,person,0.833558976650238
952,car,0.8334840536117554
952,person,0.8106272220611572
952,car,0.792356014251709
952,person,0.7611165046691895
953,car,0.8960893750190735
953,person,0.8441770076751709
953,car,0.8401219248771667
953,car,0.7952917814254761
953,person,0.7948521375656128
953,person,0.7886559367179871
954,car,0.8975352048873901
954,person,0.8587226271629333
954,car,0.8318135142326355
954,person,0.8107369542121887
954,car,0.7923812866210938
954,person,0.7775132060050964
955,car,0.8967763185501099
955,person,0.8598836660385132
955,car,0.8362438678741455
955,person,0.8344602584838867
955,person,0.7915778756141663
955,car,0.7906860113143921
956,car,0.8961762189865112
956,person,0.865627110004425
956,car,0.831778347492218
956,person,0.8210201859474182
956,car,0.7928745746612549
956,person,0.77631014585495
957,car,0.8965004682540894
957,person,0.8732994794845581
957,car,0.8346459865570068
957,person,0.812208890914917
957,car,0.7911702990531921
957,person,0.7622763514518738
958,car,0.8915435075759888
958,person,0.8738804459571838
958,car,0.8295746445655823
958,person,0.8117727041244507
958,car,0.8031582236289978
958,person,0.7600336670875549
959,car,0.8917429447174072
959,person,0.8790804743766785
959,car,0.832968533039093
959,car,0.8064025044441223
959,person,0.7651658654212952
959,person,0.7625248432159424
960,car,0.8906533718109131
960,person,0.8890904188156128
960,car,0.8304632306098938
960,car,0.807370662689209
960,person,0.8068048357963562
960,person,0.7635414004325867
961,car,0.8918502330780029
961,person,0.8863925337791443
961,car,0.8358445763587952
961,car,0.8115653991699219
961,person,0.8085539937019348
961,person,0.7690292596817017
962,car,0.8908482193946838
962,person,0.8816344141960144
962,car,0.8335991501808167
962,person,0.8195793032646179
962,car,0.8108704686164856
962,person,0.7861250042915344
962,car,0.2639540731906891
963,car,0.8911864757537842
963,person,0.8776484727859497
963,car,0.8336229920387268
963,car,0.8133553862571716
963,person,0.7919510006904602
963,person,0.7726300358772278
963,car,0.25276535749435425
964,car,0.8902721405029297
964,person,0.8448594808578491
964,car,0.8335991501808167
964,car,0.8155497908592224
964,person,0.8054370284080505
964,person,0.7658595442771912
964,car,0.2548343539237976
965,car,0.8880631327629089
965,person,0.8337427973747253
965,car,0.8327150344848633
965,person,0.8272799849510193
965,car,0.816131055355072
965,person,0.7598486542701721
965,car,0.3036228120326996
966,car,0.8916676044464111
966,person,0.8288751840591431
966,person,0.8272774815559387
966,car,0.8227472901344299
966,car,0.8187705278396606
966,person,0.7786887288093567
967,car,0.8908791542053223
967,car,0.8290375471115112
967,car,0.828009307384491
967,person,0.8279487490653992
967,person,0.7870110869407654
967,person,0.7513006925582886
967,car,0.2765292823314667
967,car,0.25995513796806335
968,car,0.8931422233581543
968,car,0.8344318270683289
968,car,0.8340221643447876
968,person,0.8238208889961243
968,person,0.7478229999542236
968,person,0.7284260392189026
968,car,0.29426607489585876
969,car,0.8931102752685547
969,car,0.8343459963798523
969,car,0.8322826623916626
969,person,0.8196890354156494
969,person,0.7926385402679443
969,person,0.7812248468399048
969,car,0.2838449776172638
970,car,0.8937735557556152
970,car,0.8368747234344482
970,car,0.830909252166748
970,person,0.8252452611923218
970,person,0.8099082112312317
970,person,0.7991317510604858
970,car,0.3028343617916107
970,car,0.2838932275772095
971,car,0.8920244574546814
971,car,0.8376272916793823
971,car,0.8350923657417297
971,person,0.8211420178413391
971,person,0.8066361546516418
971,person,0.7948116064071655
971,car,0.296816349029541
971,car,0.255572110414505
972,car,0.8915005326271057
972,car,0.8359147310256958
972,car,0.8349558115005493
972,person,0.8061414361000061
972,person,0.8028610944747925
972,person,0.7986168265342712
972,car,0.27334141731262207
973,car,0.8909047842025757
973,person,0.83072429895401
973,car,0.8289909958839417
973,car,0.8261978030204773
973,person,0.8019448518753052
973,person,0.7916672825813293
974,car,0.8888505697250366
974,person,0.844317615032196
974,car,0.8320328593254089
974,car,0.8265902400016785
974,person,0.7900357842445374
974,person,0.7893586754798889
974,car,0.25954538583755493
975,car,0.8906316161155701
975,person,0.8697106838226318
975,car,0.8353944420814514
975,car,0.8300284743309021
975,person,0.7790557742118835
975,person,0.7775283455848694
975,car,0.25437453389167786
976,person,0.8957444429397583
976,car,0.8942343592643738
976,car,0.8326913118362427
976,car,0.8320063352584839
976,person,0.7738669514656067
976,person,0.7599933743476868
977,person,0.9043371677398682
977,car,0.8879062533378601
977,car,0.8322574496269226
977,car,0.8179290890693665
977,person,0.7763698697090149
977,person,0.7536562085151672
978,person,0.9039381146430969
978,car,0.8877907395362854
978,car,0.8330772519111633
978,car,0.8136494755744934
978,person,0.7833793759346008
978,person,0.7711374163627625
979,person,0.897441565990448
979,car,0.8912451863288879
979,car,0.8402372002601624
979,car,0.8095371723175049
979,person,0.7977568507194519
979,person,0.7932350039482117
980,person,0.8941349983215332
980,car,0.8871304392814636
980,car,0.8497939109802246
980,car,0.8144167065620422
980,person,0.8022403717041016
980,person,0.7708128690719604
981,car,0.8899450898170471
981,person,0.8854299783706665
981,car,0.83111572265625
981,car,0.8155274391174316
981,person,0.7868546843528748
981,person,0.7706989645957947
982,car,0.8905704617500305
982,person,0.8862285614013672
982,car,0.8364109396934509
982,car,0.8180938959121704
982,person,0.782954752445221
982,person,0.7560346126556396
983,car,0.8899279832839966
983,person,0.8759730458259583
983,car,0.8367728590965271
983,car,0.8196849226951599
983,person,0.7894026637077332
983,person,0.7228701710700989
984,car,0.8909841775894165
984,person,0.858337938785553
984,car,0.8422329425811768
984,car,0.8129505515098572
984,person,0.7980358600616455
984,person,0.7486540675163269
985,car,0.891777753829956
985,person,0.8634743094444275
985,car,0.8453037142753601
985,car,0.817366898059845
985,person,0.8081158995628357
985,person,0.7679535150527954
985,person,0.3366032540798187
986,car,0.8904829621315002
986,person,0.8436464667320251
986,car,0.8357311487197876
986,car,0.8153980374336243
986,person,0.7987910509109497
986,person,0.7370448112487793
987,car,0.8918325304985046
987,car,0.8455225229263306
987,person,0.819441020488739
987,car,0.814278781414032
987,person,0.8019711971282959
987,person,0.7536906599998474
987,bicycle,0.3325444757938385
988,car,0.8946260809898376
988,car,0.84324049949646
988,car,0.8184145092964172
988,person,0.812291145324707
988,person,0.8030273914337158
988,person,0.759979784488678
988,bicycle,0.42141756415367126
989,car,0.8938838243484497
989,car,0.8395832777023315
989,person,0.8220584392547607
989,car,0.8190469741821289
989,person,0.8146978616714478
989,person,0.7441753149032593
989,bicycle,0.37443915009498596
990,car,0.8916584849357605
990,car,0.8350651860237122
990,person,0.8253596425056458
990,car,0.8209245800971985
990,person,0.8117840886116028
990,person,0.7540038228034973
990,car,0.2733900249004364
991,car,0.8948515057563782
991,car,0.845928430557251
991,car,0.8236002326011658
991,person,0.8023098111152649
991,person,0.7807034850120544
991,person,0.7495741248130798
991,car,0.2741711437702179
992,car,0.8951064348220825
992,car,0.8404108285903931
992,car,0.8188984990119934
992,person,0.8113347887992859
992,person,0.7552974820137024
992,person,0.7508907914161682
993,car,0.8965384364128113
993,car,0.8386728763580322
993,person,0.831953763961792
993,car,0.8206987977027893
993,person,0.7733472585678101
993,person,0.7436363697052002
994,car,0.8960844874382019
994,car,0.8394383192062378
994,person,0.8336693644523621
994,car,0.8184130787849426
994,person,0.7695954442024231
994,person,0.721733808517456
994,car,0.25900042057037354
995,car,0.8968810439109802
995,person,0.8707759380340576
995,car,0.8369684219360352
995,car,0.8236696720123291
995,person,0.7761627435684204
995,person,0.7359493374824524
995,car,0.27520960569381714
996,car,0.8937884569168091
996,person,0.8767708539962769
996,car,0.8380025029182434
996,car,0.8206391930580139
996,person,0.779670000076294
996,person,0.727907657623291
997,car,0.8952736258506775
997,person,0.8817257285118103
997,car,0.832416832447052
997,car,0.8300585150718689
997,person,0.772296130657196
997,person,0.7418296933174133
997,car,0.2760060727596283
997,car,0.25517332553863525
998,car,0.8953246474266052
998,person,0.8793807029724121
998,car,0.8379279971122742
998,car,0.8356488347053528
998,person,0.7750898003578186
998,person,0.7714725136756897
998,car,0.27752038836479187
