frame,track_id,class,x1,y1,x2,y2
1,0,car,1519,392,1839,544
1,1,car,836,482,1117,655
1,2,car,1707,382,1918,518
1,3,person,1441,354,1499,495
1,4,person,1565,401,1617,551
1,5,car,1842,361,1919,412
2,0,car,1518,392,1838,544
2,1,car,836,482,1117,655
2,2,car,1706,382,1918,518
2,3,person,1440,355,1498,496
2,4,person,1565,402,1617,551
2,5,car,1842,361,1919,414
3,0,car,1519,392,1839,544
3,1,car,837,482,1117,655
3,2,car,1707,382,1918,518
3,3,person,1440,355,1499,497
3,4,person,1565,402,1617,551
3,5,car,1843,361,1919,413
4,0,car,1518,392,1838,544
4,1,car,836,482,1117,655
4,2,car,1706,382,1918,518
4,3,person,1440,356,1498,498
4,4,person,1563,402,1617,552
4,5,car,1842,361,1919,415
5,0,car,1518,392,1838,544
5,1,car,837,481,1117,655
5,2,car,1707,383,1918,518
5,3,person,1440,357,1498,499
5,4,person,1564,402,1617,552
5,5,car,1842,361,1919,425
6,0,car,1518,392,1838,544
6,1,car,837,481,1117,655
6,2,car,1707,382,1918,518
6,3,person,1441,358,1499,499
6,4,person,1565,403,1617,552
6,5,car,1842,361,1919,424
7,0,car,1518,392,1838,544
7,1,car,837,481,1117,655
7,2,car,1707,383,1918,518
7,3,person,1442,359,1499,500
7,4,person,1565,404,1616,552
7,5,car,1842,361,1919,424
8,0,car,1518,392,1839,544
8,1,car,836,482,1117,655
8,2,car,1707,382,1918,519
8,3,person,1443,359,1499,500
8,4,person,1564,405,1617,552
8,5,car,1842,361,1919,424
9,0,car,1519,394,1838,539
9,1,car,836,482,1117,655
9,2,car,1707,382,1918,520
9,3,person,1446,359,1500,500
9,4,person,1565,406,1617,554
9,5,car,1841,361,1919,424
10,0,car,1518,392,1838,544
10,1,car,836,482,1117,656
10,2,car,1706,383,1918,520
10,3,person,1447,360,1501,501
10,4,person,1565,406,1616,554
10,5,car,1841,361,1919,423
11,0,car,1518,392,1839,544
11,1,car,836,482,1117,655
11,2,car,1706,382,1918,520
11,3,person,1449,360,1502,501
11,4,person,1562,407,1616,553
11,5,car,1842,361,1919,422
12,0,car,1518,392,1839,545
12,1,car,836,482,1117,655
12,2,car,1707,383,1918,520
12,3,person,1450,360,1503,501
12,4,person,1561,407,1616,555
12,5,car,1841,361,1919,422
13,0,car,1517,392,1839,546
13,1,car,836,482,1117,656
13,2,car,1707,383,1918,520
13,3,person,1451,360,1504,501
13,4,person,1561,407,1615,555
13,5,car,1841,361,1919,424
14,0,car,1518,392,1838,546
14,1,car,836,483,1117,656
14,2,car,1706,384,1919,522
14,3,person,1451,360,1505,501
14,4,person,1556,407,1615,556
14,5,car,1841,361,1919,423
15,0,car,1518,392,1839,546
15,1,car,836,483,1117,656
15,2,car,1706,383,1919,523
15,3,person,1451,361,1505,502
15,4,person,1558,408,1615,556
15,5,car,1842,362,1919,424
16,0,car,1518,392,1839,547
16,1,car,836,482,1117,657
16,2,car,1707,384,1919,523
16,3,person,1451,362,1505,502
16,4,person,1557,410,1615,556
16,5,car,1843,362,1919,424
17,0,car,1518,392,1839,547
17,1,car,836,483,1117,657
17,2,car,1708,383,1918,520
17,3,person,1451,362,1507,502
17,4,person,1554,410,1616,556
17,5,car,1843,362,1919,412
18,0,car,1519,392,1839,547
18,1,car,836,483,1118,657
18,2,car,1708,383,1918,521
18,3,person,1452,362,1507,503
18,4,person,1554,411,1616,556
18,5,car,1844,362,1919,410
19,0,car,1519,392,1839,547
19,1,car,836,482,1118,657
19,2,car,1706,383,1919,521
19,3,person,1452,362,1506,503
19,4,person,1550,409,1616,556
19,5,car,1847,365,1919,413
19,6,person,1876,452,1919,567
20,0,car,1520,392,1839,546
20,1,car,836,483,1118,657
20,2,car,1706,383,1918,521
20,3,person,1452,362,1507,503
20,4,person,1551,410,1616,556
20,5,car,1847,364,1919,412
20,6,person,1871,433,1919,567
21,0,car,1520,393,1839,546
21,1,car,836,483,1118,657
21,2,car,1706,383,1918,521
21,3,person,1453,362,1508,504
21,4,person,1551,410,1616,556
21,5,car,1847,364,1919,411
21,6,person,1868,431,1919,566
22,0,car,1519,392,1839,546
22,1,car,837,483,1117,657
22,2,car,1706,383,1917,520
22,3,person,1452,362,1507,504
22,4,person,1551,411,1616,555
22,5,car,1846,364,1919,412
22,6,person,1866,424,1919,566
23,0,car,1520,393,1839,546
23,1,car,836,483,1118,657
23,2,car,1707,384,1918,519
23,3,person,1453,363,1507,505
23,4,person,1549,410,1616,555
23,5,car,1850,364,1919,423
23,6,person,1865,424,1919,567
24,0,car,1520,393,1839,546
24,1,car,837,483,1117,657
24,2,car,1707,384,1918,518
24,3,person,1453,363,1507,506
24,4,person,1549,410,1616,555
24,5,car,1848,365,1919,425
24,6,person,1864,423,1919,568
25,0,car,1519,393,1839,546
25,1,car,837,483,1117,657
25,2,car,1707,384,1917,518
25,3,person,1453,363,1507,507
25,4,person,1549,411,1616,556
25,5,car,1849,365,1919,425
25,6,person,1864,424,1919,570
26,0,car,1519,393,1839,546
26,1,car,836,482,1118,657
26,2,car,1707,383,1918,518
26,3,person,1453,365,1507,507
26,4,person,1551,410,1617,556
26,6,person,1863,423,1919,570
27,0,car,1519,393,1839,546
27,1,car,836,482,1118,657
27,2,car,1707,383,1918,518
27,3,person,1453,365,1506,507
27,4,person,1551,409,1616,556
27,5,car,1849,366,1919,428
27,6,person,1863,421,1919,569
28,0,car,1519,393,1839,546
28,1,car,837,482,1118,657
28,2,car,1707,382,1918,517
28,3,person,1453,366,1504,507
28,4,person,1551,409,1616,556
28,6,person,1864,419,1919,569
29,0,car,1519,393,1839,546
29,1,car,837,482,1118,657
29,2,car,1707,383,1918,517
29,3,person,1452,366,1504,509
29,4,person,1553,409,1616,556
29,5,car,1848,367,1919,430
29,6,person,1864,419,1919,568
29,7,car,1845,363,1919,411
30,0,car,1519,393,1839,546
30,1,car,837,482,1117,657
30,2,car,1707,382,1918,516
30,3,person,1452,367,1504,509
30,4,person,1554,409,1615,557
30,5,car,1846,365,1919,429
30,6,person,1863,419,1919,568
30,7,car,1844,362,1919,410
31,0,car,1519,393,1839,545
31,1,car,837,482,1117,657
31,2,car,1707,381,1918,515
31,3,person,1451,367,1503,509
31,4,person,1555,410,1615,557
31,6,person,1861,419,1915,567
32,0,car,1519,393,1838,545
32,1,car,836,482,1117,657
32,2,car,1707,381,1917,514
32,3,person,1450,367,1503,509
32,4,person,1555,409,1615,556
32,6,person,1861,421,1908,569
33,0,car,1519,393,1838,545
33,1,car,836,483,1117,656
33,2,car,1706,382,1917,514
33,3,person,1449,367,1503,509
33,4,person,1554,410,1614,556
33,6,person,1859,421,1904,570
34,0,car,1520,392,1838,544
34,1,car,836,482,1117,656
34,2,car,1706,382,1918,512
34,3,person,1448,367,1502,509
34,4,person,1555,410,1613,556
34,6,person,1856,422,1903,571
35,0,car,1519,392,1838,544
35,1,car,836,482,1117,656
35,2,car,1706,381,1918,507
35,3,person,1447,367,1500,509
35,4,person,1553,411,1612,556
35,6,person,1850,422,1901,571
36,0,car,1520,392,1838,544
36,1,car,837,482,1117,656
36,2,car,1706,382,1918,501
36,3,person,1446,367,1500,510
36,4,person,1550,411,1611,557
36,6,person,1847,426,1898,569
37,0,car,1520,392,1838,544
37,1,car,836,482,1117,656
37,2,car,1706,382,1919,491
37,3,person,1445,367,1500,509
37,4,person,1546,412,1610,557
37,6,person,1834,426,1896,573
37,8,person,1882,443,1919,591
38,0,car,1520,392,1837,545
38,1,car,837,482,1117,656
38,2,car,1706,382,1918,489
38,3,person,1444,367,1500,509
38,4,person,1544,412,1609,557
38,6,person,1829,428,1893,574
38,8,person,1879,439,1919,592
39,0,car,1520,392,1837,545
39,1,car,837,482,1117,656
39,2,car,1706,383,1918,487
39,3,person,1443,367,1500,509
39,4,person,1543,410,1609,557
39,6,person,1822,430,1891,572
39,8,person,1879,438,1919,591
40,0,car,1520,392,1836,544
40,1,car,837,482,1117,656
40,2,car,1707,382,1918,486
40,3,person,1443,367,1500,509
40,4,person,1541,411,1607,557
40,6,person,1818,430,1890,570
40,8,person,1879,436,1919,591
41,0,car,1520,392,1837,544
41,1,car,837,482,1117,656
41,2,car,1706,382,1918,487
41,3,person,1443,367,1499,510
41,4,person,1540,412,1606,558
41,6,person,1816,432,1890,572
41,8,person,1879,432,1919,591
42,0,car,1520,392,1837,545
42,1,car,837,482,1117,656
42,2,car,1706,382,1918,488
42,3,person,1442,367,1500,510
42,4,person,1543,413,1606,558
42,6,person,1814,428,1889,573
42,8,person,1879,436,1919,591
43,0,car,1520,392,1838,545
43,1,car,837,482,1117,656
43,2,car,1706,383,1919,487
43,3,person,1442,367,1500,511
43,4,person,1543,411,1604,558
43,6,person,1813,431,1890,573
43,8,person,1879,436,1919,591
44,0,car,1520,392,1837,544
44,1,car,837,482,1117,656
44,2,car,1707,383,1918,487
44,3,person,1442,368,1500,511
44,4,person,1543,412,1604,559
44,6,person,1812,432,1890,572
44,8,person,1878,437,1919,592
45,0,car,1520,393,1834,543
45,1,car,837,482,1117,656
45,2,car,1707,382,1918,484
45,3,person,1443,368,1499,513
45,4,person,1543,413,1603,558
45,6,person,1812,433,1887,572
45,8,person,1877,436,1919,592
46,0,car,1520,394,1832,543
46,1,car,837,483,1117,656
46,2,car,1707,383,1918,484
46,3,person,1443,368,1499,513
46,4,person,1542,414,1602,559
46,6,person,1812,433,1881,572
46,8,person,1874,435,1919,593
47,0,car,1517,394,1830,542
47,1,car,837,483,1118,656
47,2,car,1706,382,1918,483
47,3,person,1444,368,1499,514
47,4,person,1542,413,1602,559
47,6,person,1812,430,1876,573
47,8,person,1869,435,1918,593
48,0,car,1519,393,1828,543
48,1,car,837,483,1117,656
48,2,car,1709,382,1920,481
48,3,person,1444,368,1499,514
48,4,person,1542,412,1602,559
48,6,person,1812,428,1867,572
48,8,person,1864,434,1915,593
49,0,car,1516,395,1825,541
49,1,car,837,482,1118,657
49,2,car,1708,382,1920,478
49,3,person,1445,368,1499,515
49,4,person,1542,412,1601,559
49,6,person,1812,426,1865,573
49,8,person,1859,434,1911,592
50,0,car,1517,394,1822,542
50,1,car,837,483,1118,657
50,2,car,1708,382,1920,476
50,3,person,1446,369,1500,515
50,4,person,1542,411,1601,559
50,6,person,1811,424,1856,572
50,8,person,1848,433,1908,593
51,0,car,1517,394,1819,542
51,1,car,837,483,1118,657
51,2,car,1709,383,1920,488
51,3,person,1446,369,1500,515
51,4,person,1542,411,1601,559
51,6,person,1809,422,1850,574
51,8,person,1839,436,1908,593
52,0,car,1515,394,1818,541
52,1,car,838,483,1118,657
52,2,car,1707,383,1919,505
52,3,person,1447,371,1499,515
52,4,person,1543,410,1601,559
52,6,person,1807,422,1852,573
52,8,person,1831,436,1906,593
53,0,car,1516,393,1816,541
53,1,car,838,483,1117,657
53,2,car,1706,383,1919,506
53,3,person,1447,372,1500,514
53,4,person,1542,410,1600,560
53,6,person,1805,421,1845,576
53,8,person,1821,436,1907,593
54,0,car,1516,393,1815,541
54,1,car,837,483,1118,657
54,2,car,1706,383,1919,513
54,3,person,1448,371,1501,515
54,4,person,1542,410,1600,559
54,6,person,1798,422,1843,573
54,8,person,1819,435,1907,593
55,0,car,1516,394,1814,541
55,1,car,837,483,1118,657
55,2,car,1707,384,1919,513
55,3,person,1450,371,1501,517
55,4,person,1541,410,1600,559
55,6,person,1788,419,1841,569
55,8,person,1816,435,1907,592
56,0,car,1518,394,1813,542
56,1,car,837,483,1118,657
56,2,car,1708,384,1919,514
56,3,person,1451,372,1502,516
56,4,person,1537,412,1601,559
56,6,person,1779,419,1841,568
56,8,person,1812,435,1907,592
57,0,car,1518,395,1808,542
57,1,car,837,483,1118,657
57,2,car,1708,384,1919,512
57,3,person,1450,372,1504,516
57,4,person,1535,413,1600,559
57,6,person,1768,421,1840,567
57,8,person,1811,436,1907,593
58,0,car,1517,394,1807,542
58,1,car,838,483,1118,657
58,2,car,1708,383,1919,516
58,3,person,1450,373,1505,516
58,4,person,1538,412,1599,560
58,6,person,1763,420,1839,567
58,8,person,1811,439,1906,592
59,0,car,1518,394,1805,541
59,1,car,837,483,1118,657
59,2,car,1708,383,1919,518
59,3,person,1449,373,1505,516
59,4,person,1536,414,1592,559
59,6,person,1761,420,1837,567
59,8,person,1812,439,1904,594
60,0,car,1518,394,1798,541
60,1,car,837,483,1118,657
60,2,car,1706,383,1919,519
60,3,person,1449,374,1506,516
60,4,person,1536,414,1587,559
60,6,person,1758,421,1835,574
60,8,person,1813,440,1900,594
61,0,car,1518,393,1795,541
61,1,car,838,483,1117,656
61,2,car,1707,382,1919,521
61,3,person,1448,374,1506,516
61,4,person,1537,413,1583,559
61,6,person,1758,423,1834,573
61,8,person,1813,439,1895,592
62,0,car,1518,393,1792,541
62,1,car,837,483,1118,656
62,2,car,1707,382,1919,521
62,3,person,1448,374,1507,517
62,4,person,1535,414,1583,560
62,6,person,1758,426,1832,574
62,8,person,1813,437,1888,592
63,0,car,1518,393,1788,541
63,1,car,837,483,1118,656
63,2,car,1707,383,1919,521
63,3,person,1449,374,1507,517
63,4,person,1534,413,1581,560
63,6,person,1760,425,1832,574
63,8,person,1813,437,1884,592
64,0,car,1516,393,1784,541
64,1,car,837,482,1118,656
64,2,car,1708,383,1919,521
64,3,person,1449,374,1508,517
64,4,person,1533,413,1579,560
64,6,person,1759,425,1832,571
64,8,person,1812,433,1877,590
65,0,car,1515,393,1779,541
65,1,car,837,482,1117,656
65,2,car,1708,383,1919,521
65,3,person,1451,375,1509,518
65,4,person,1532,415,1578,562
65,6,person,1759,423,1830,573
65,8,person,1812,434,1871,592
66,0,car,1517,393,1777,541
66,1,car,837,483,1118,656
66,2,car,1708,381,1918,521
66,3,person,1451,375,1508,519
66,4,person,1529,415,1578,563
66,6,person,1758,423,1828,575
66,8,person,1813,433,1864,593
67,0,car,1517,393,1777,541
67,1,car,837,482,1118,656
67,2,car,1707,381,1917,519
67,3,person,1453,375,1508,519
67,4,person,1528,414,1577,564
67,6,person,1759,421,1822,570
67,8,person,1812,433,1858,592
67,9,car,1842,361,1919,413
68,0,car,1518,393,1777,541
68,1,car,837,482,1118,656
68,2,car,1707,382,1917,519
68,3,person,1453,375,1508,521
68,4,person,1529,414,1577,562
68,6,person,1757,424,1819,571
68,8,person,1809,433,1851,593
68,9,car,1843,361,1919,410
69,0,car,1518,393,1775,541
69,1,car,837,482,1118,655
69,2,car,1706,382,1920,518
69,3,person,1453,375,1507,521
69,4,person,1530,414,1576,561
69,6,person,1757,422,1807,569
69,8,person,1804,434,1850,594
69,9,car,1843,361,1919,410
70,0,car,1518,393,1773,541
70,1,car,837,481,1118,655
70,2,car,1705,381,1917,518
70,3,person,1454,376,1507,522
70,4,person,1529,415,1576,563
70,6,person,1758,422,1806,571
70,8,person,1797,434,1848,595
70,9,car,1843,361,1919,406
70,12,person,1881,469,1919,616
71,0,car,1524,393,1776,541
71,1,car,837,481,1118,655
71,2,car,1706,380,1919,519
71,3,person,1454,376,1506,522
71,4,person,1528,413,1576,563
71,6,person,1755,422,1798,570
71,8,person,1792,436,1846,595
71,9,car,1843,361,1919,407
71,12,person,1880,457,1919,617
72,0,car,1518,394,1775,541
72,1,car,837,482,1118,655
72,2,car,1705,381,1920,518
72,3,person,1453,377,1506,523
72,4,person,1524,414,1577,562
72,6,person,1754,422,1794,568
72,8,person,1781,433,1845,595
72,9,car,1843,361,1919,413
72,12,person,1879,458,1919,616
73,0,car,1519,392,1771,540
73,1,car,837,481,1118,655
73,2,car,1707,382,1919,517
73,3,person,1453,376,1505,525
73,4,person,1521,415,1577,565
73,6,person,1749,421,1792,570
73,8,person,1776,435,1844,592
73,9,car,1843,361,1919,409
73,12,person,1879,458,1919,616
74,0,car,1519,393,1771,541
74,1,car,837,481,1118,655
74,2,car,1705,383,1918,518
74,3,person,1453,377,1505,525
74,4,person,1519,417,1577,564
74,6,person,1741,422,1788,571
74,8,person,1767,436,1844,593
74,9,car,1843,361,1919,412
74,12,person,1879,458,1919,616
75,0,car,1516,394,1767,541
75,1,car,837,481,1118,655
75,2,car,1705,383,1919,519
75,3,person,1453,378,1505,525
75,4,person,1516,416,1576,565
75,6,person,1736,422,1787,572
75,8,person,1765,435,1843,594
75,9,car,1842,361,1919,417
75,12,person,1879,456,1919,617
76,0,car,1515,394,1759,541
76,1,car,837,481,1118,655
76,2,car,1706,383,1918,518
76,3,person,1453,378,1505,525
76,4,person,1517,417,1576,567
76,6,person,1727,423,1784,572
76,8,person,1763,434,1844,594
76,9,car,1843,361,1919,412
76,12,person,1879,457,1919,616
77,0,car,1520,394,1755,541
77,1,car,837,481,1117,656
77,2,car,1704,383,1918,519
77,3,person,1452,379,1505,525
77,4,person,1513,417,1573,566
77,6,person,1724,425,1783,573
77,8,person,1761,438,1843,596
77,9,car,1842,361,1919,419
77,12,person,1878,459,1919,617
78,0,car,1519,394,1752,541
78,1,car,837,481,1117,656
78,2,car,1704,383,1918,518
78,3,person,1451,379,1504,525
78,4,person,1512,417,1574,566
78,6,person,1719,428,1783,572
78,8,person,1759,440,1843,597
78,9,car,1843,361,1919,419
78,12,person,1877,460,1919,617
79,0,car,1515,393,1752,540
79,1,car,837,481,1118,656
79,2,car,1705,383,1918,517
79,3,person,1451,380,1505,525
79,4,person,1512,418,1572,560
79,6,person,1715,429,1781,572
79,8,person,1760,442,1843,596
79,9,car,1843,361,1919,415
79,12,person,1875,461,1919,617
80,0,car,1517,393,1749,541
80,1,car,837,483,1118,656
80,2,car,1705,383,1918,517
80,3,person,1450,380,1504,525
80,4,person,1509,418,1571,561
80,6,person,1710,433,1779,572
80,8,person,1757,443,1837,595
80,9,car,1842,361,1919,421
80,12,person,1872,461,1919,618
81,0,car,1521,395,1745,542
81,1,car,837,482,1117,656
81,2,car,1703,383,1919,518
81,3,person,1450,380,1505,525
81,4,person,1510,419,1563,561
81,6,person,1708,431,1777,573
81,8,person,1757,442,1831,596
81,9,car,1842,361,1919,421
81,12,person,1868,460,1918,618
82,0,car,1522,394,1744,542
82,1,car,837,482,1118,656
82,2,car,1714,385,1920,519
82,3,person,1450,381,1504,524
82,4,person,1510,421,1562,563
82,6,person,1707,431,1776,573
82,8,person,1757,443,1825,596
82,9,car,1844,362,1919,423
82,12,person,1864,459,1915,620
83,0,car,1523,394,1747,542
83,1,car,837,483,1118,657
83,2,car,1703,383,1918,518
83,3,person,1449,382,1504,525
83,4,person,1511,422,1559,563
83,6,person,1707,432,1773,573
83,8,person,1757,440,1820,597
83,9,car,1845,363,1919,426
83,12,person,1856,459,1908,619
83,13,car,1844,369,1919,413
84,0,car,1525,394,1746,542
84,1,car,837,483,1118,657
84,2,car,1703,383,1918,517
84,3,person,1449,382,1504,525
84,4,person,1509,422,1558,570
84,6,person,1706,430,1771,572
84,8,person,1758,440,1814,595
84,9,car,1844,363,1919,424
84,12,person,1847,458,1907,618
84,13,car,1845,369,1919,413
85,0,car,1524,395,1740,542
85,1,car,837,483,1118,657
85,2,car,1706,383,1919,519
85,3,person,1448,383,1502,526
85,4,person,1507,423,1556,571
85,6,person,1707,428,1763,575
85,8,person,1757,440,1808,596
85,9,car,1846,363,1919,426
85,12,person,1836,460,1905,619
85,13,car,1845,371,1919,413
85,14,car,1524,395,1837,548
86,0,car,1523,395,1734,542
86,1,car,837,483,1118,657
86,2,car,1706,382,1919,516
86,3,person,1448,384,1501,526
86,4,person,1508,423,1554,570
86,6,person,1707,427,1757,574
86,8,person,1755,436,1800,596
86,9,car,1845,363,1919,424
86,12,person,1828,461,1905,619
86,13,car,1844,372,1919,410
86,14,car,1523,395,1837,546
87,0,car,1524,395,1729,541
87,1,car,837,483,1118,658
87,2,car,1706,382,1919,514
87,3,person,1448,383,1500,527
87,4,person,1507,423,1552,569
87,6,person,1707,423,1752,576
87,8,person,1752,436,1797,596
87,9,car,1846,363,1919,426
87,12,person,1819,462,1906,620
87,13,car,1843,371,1919,412
87,14,car,1524,395,1841,543
88,1,car,838,483,1118,658
88,2,car,1706,383,1920,514
88,3,person,1448,384,1499,529
88,4,person,1508,422,1551,570
88,6,person,1708,427,1750,576
88,8,person,1751,436,1796,597
88,9,car,1846,364,1919,429
88,12,person,1818,465,1906,621
88,13,car,1843,373,1919,412
88,14,car,1522,395,1841,543
89,1,car,838,483,1118,658
89,2,car,1704,383,1918,517
89,3,person,1448,384,1498,529
89,4,person,1504,423,1549,572
89,6,person,1705,426,1748,576
89,8,person,1748,438,1794,596
89,9,car,1847,364,1919,430
89,12,person,1815,474,1906,622
89,13,car,1844,371,1919,413
89,14,car,1523,393,1843,540
90,1,car,838,483,1118,658
90,2,car,1704,384,1918,517
90,3,person,1448,385,1499,530
90,4,person,1504,425,1549,571
90,6,person,1703,425,1745,577
90,8,person,1739,435,1793,597
90,9,car,1846,364,1919,430
90,12,person,1815,482,1905,621
90,13,car,1844,371,1919,414
90,14,car,1522,393,1843,538
91,1,car,838,483,1118,658
91,2,car,1704,385,1918,517
91,3,person,1448,386,1499,531
91,4,person,1501,427,1548,571
91,6,person,1697,426,1740,576
91,8,person,1729,435,1791,598
91,9,car,1845,365,1919,427
91,12,person,1811,481,1905,621
91,14,car,1524,393,1851,534
92,0,car,1524,393,1761,531
92,1,car,838,483,1118,658
92,2,car,1701,384,1918,520
92,3,person,1448,387,1500,532
92,4,person,1496,430,1547,571
92,6,person,1691,424,1739,577
92,8,person,1719,439,1789,597
92,9,car,1846,364,1919,427
92,12,person,1812,475,1904,621
92,14,car,1525,392,1870,534
93,1,car,838,484,1118,658
93,2,car,1702,385,1918,521
93,3,person,1448,387,1500,532
93,4,person,1492,429,1546,573
93,6,person,1685,426,1737,577
93,8,person,1710,437,1788,598
93,9,car,1845,365,1919,425
93,12,person,1811,476,1902,621
93,13,car,1845,372,1919,411
93,14,car,1526,394,1844,538
94,1,car,838,484,1118,658
94,2,car,1701,384,1918,523
94,3,person,1448,389,1500,533
94,4,person,1492,429,1546,574
94,6,person,1675,427,1734,573
94,8,person,1707,437,1788,599
94,9,car,1846,366,1919,423
94,12,person,1811,473,1900,621
94,13,car,1846,373,1918,410
94,14,car,1524,394,1842,535
95,1,car,838,484,1119,658
95,2,car,1701,384,1918,524
95,3,person,1448,387,1502,533
95,4,person,1487,428,1545,575
95,6,person,1664,424,1732,573
95,8,person,1701,441,1788,598
95,9,car,1845,364,1919,426
95,12,person,1809,472,1894,621
95,13,car,1844,371,1919,412
95,14,car,1524,394,1842,541
96,1,car,838,484,1119,658
96,2,car,1700,384,1918,524
96,3,person,1448,387,1501,534
96,4,person,1490,425,1546,575
96,6,person,1660,426,1732,572
96,8,person,1696,438,1789,598
96,9,car,1845,365,1919,427
96,12,person,1810,471,1889,622
96,13,car,1844,370,1919,413
96,14,car,1521,395,1836,542
97,1,car,838,483,1119,658
97,2,car,1701,384,1918,524
97,3,person,1449,387,1501,534
97,4,person,1490,425,1547,574
97,6,person,1652,428,1731,572
97,8,person,1697,442,1788,598
97,9,car,1845,365,1919,427
97,12,person,1810,472,1885,622
97,13,car,1844,369,1919,413
97,14,car,1523,394,1833,539
98,1,car,837,483,1119,658
98,2,car,1702,383,1918,523
98,3,person,1449,388,1502,533
98,4,person,1489,424,1545,574
98,6,person,1650,430,1730,572
98,8,person,1695,440,1788,598
98,9,car,1846,364,1919,427
98,12,person,1811,471,1878,622
98,13,car,1843,370,1919,414
98,14,car,1522,395,1829,537
99,1,car,838,483,1118,658
99,2,car,1702,384,1918,523
99,3,person,1449,388,1502,533
99,4,person,1487,426,1543,574
99,6,person,1649,429,1728,573
99,8,person,1695,443,1785,598
99,9,car,1845,365,1919,426
99,12,person,1812,472,1872,622
99,13,car,1844,372,1919,413
99,14,car,1523,395,1826,535
100,1,car,837,483,1118,658
100,2,car,1700,383,1918,522
100,3,person,1451,386,1503,533
100,4,person,1487,426,1542,575
100,6,person,1648,432,1724,573
100,8,person,1694,442,1784,598
100,9,car,1845,364,1919,424
100,12,person,1811,472,1864,622
100,13,car,1844,371,1919,413
100,14,car,1523,394,1825,537
101,1,car,837,483,1118,658
101,2,car,1705,384,1918,523
101,3,person,1448,387,1502,533
101,4,person,1486,428,1540,576
101,6,person,1647,430,1722,573
101,8,person,1695,441,1780,598
101,12,person,1810,471,1856,623
101,13,car,1843,370,1919,413
101,14,car,1521,393,1822,540
102,1,car,836,483,1118,658
102,2,car,1705,383,1918,523
102,3,person,1448,387,1504,533
102,4,person,1484,427,1540,577
102,6,person,1646,428,1721,573
102,8,person,1695,441,1777,598
102,9,car,1844,364,1919,406
102,12,person,1809,472,1854,623
102,13,car,1841,370,1919,413
102,14,car,1521,393,1819,541
103,1,car,837,483,1118,658
103,2,car,1703,383,1917,524
103,3,person,1448,387,1507,532
103,4,person,1482,429,1540,578
103,6,person,1647,427,1718,573
103,8,person,1695,442,1773,598
103,12,person,1806,473,1851,624
103,13,car,1825,371,1919,436
103,14,car,1519,393,1816,540
104,1,car,837,483,1119,658
104,2,car,1702,383,1915,522
104,3,person,1447,387,1506,533
104,4,person,1481,429,1533,577
104,6,person,1646,425,1716,573
104,8,person,1695,442,1768,598
104,12,person,1797,472,1849,623
104,14,car,1520,393,1815,538
105,1,car,837,483,1119,658
105,2,car,1702,383,1915,523
105,3,person,1447,389,1502,533
105,4,person,1476,430,1525,576
105,6,person,1646,426,1713,574
105,8,person,1695,438,1762,597
105,12,person,1791,473,1847,625
105,14,car,1519,393,1811,534
106,1,car,837,483,1118,657
106,2,car,1703,382,1914,522
106,3,person,1447,388,1509,527
106,4,person,1474,431,1523,573
106,6,person,1647,425,1711,574
106,8,person,1694,435,1757,597
106,12,person,1783,468,1844,625
106,14,car,1518,392,1812,533
107,1,car,837,483,1118,657
107,2,car,1703,382,1913,522
107,3,person,1447,389,1505,526
107,4,person,1473,432,1518,574
107,6,person,1645,423,1707,575
107,8,person,1694,435,1752,597
107,12,person,1775,467,1843,623
107,13,car,1846,363,1919,546
107,14,car,1517,394,1815,530
108,1,car,837,483,1117,657
108,2,car,1704,383,1911,521
108,3,person,1447,389,1505,528
108,4,person,1469,431,1516,579
108,6,person,1646,427,1696,574
108,8,person,1694,437,1744,598
108,12,person,1774,465,1842,624
108,13,car,1845,361,1919,548
108,14,car,1519,392,1808,531
109,1,car,837,483,1117,657
109,2,car,1703,382,1908,520
109,3,person,1447,390,1502,528
109,4,person,1470,430,1514,580
109,6,person,1645,428,1687,574
109,8,person,1692,437,1740,600
109,9,car,1845,362,1919,432
109,12,person,1769,466,1841,625
109,13,car,1846,361,1919,546
109,14,car,1520,392,1807,533
109,15,person,1889,409,1919,549
110,1,car,837,483,1117,658
110,2,car,1703,383,1911,521
110,3,person,1446,391,1497,535
110,4,person,1464,431,1512,581
110,6,person,1644,424,1685,575
110,8,person,1688,436,1737,602
110,9,car,1845,364,1919,429
110,12,person,1767,466,1840,626
110,14,car,1518,394,1806,542
110,15,person,1885,406,1919,551
111,1,car,837,483,1118,658
111,2,car,1703,384,1914,521
111,3,person,1445,392,1496,536
111,4,person,1462,428,1511,579
111,6,person,1643,427,1684,576
111,8,person,1686,437,1736,602
111,9,car,1845,364,1919,427
111,12,person,1767,467,1840,624
111,14,car,1518,394,1806,546
111,15,person,1883,407,1919,553
112,1,car,837,483,1119,658
112,2,car,1703,383,1915,520
112,3,person,1444,391,1494,536
112,4,person,1452,429,1511,580
112,6,person,1635,425,1682,574
112,8,person,1681,440,1735,604
112,9,car,1846,364,1919,426
112,12,person,1767,465,1840,626
112,14,car,1518,394,1808,547
112,15,person,1880,414,1919,551
113,1,car,838,483,1118,658
113,2,car,1703,383,1916,519
113,3,person,1441,392,1492,538
113,4,person,1448,431,1509,580
113,6,person,1625,427,1681,575
113,8,person,1677,439,1731,604
113,9,car,1846,365,1919,425
113,12,person,1767,464,1839,627
113,14,car,1518,394,1816,544
113,15,person,1878,415,1919,552
114,1,car,837,483,1119,658
114,2,car,1704,384,1911,519
114,3,person,1441,391,1493,538
114,4,person,1446,435,1509,579
114,6,person,1617,431,1678,577
114,8,person,1667,442,1732,604
114,9,car,1848,365,1919,424
114,12,person,1767,467,1839,627
114,14,car,1517,397,1836,538
114,15,person,1874,415,1919,552
115,1,car,837,483,1119,658
115,2,car,1704,383,1912,519
115,3,person,1441,393,1491,538
115,4,person,1443,436,1509,579
115,6,person,1610,432,1678,578
115,8,person,1661,440,1729,603
115,9,car,1848,366,1919,425
115,12,person,1767,467,1836,628
115,14,car,1517,397,1839,538
115,15,person,1874,413,1919,553
116,1,car,838,483,1118,658
116,2,car,1703,384,1910,519
116,3,person,1443,394,1490,528
116,4,person,1442,431,1508,581
116,6,person,1605,432,1677,578
116,8,person,1656,442,1728,605
116,9,car,1848,367,1919,425
116,12,person,1767,467,1831,628
116,14,car,1517,397,1839,537
116,15,person,1875,413,1919,562
117,1,car,838,483,1118,658
117,2,car,1704,383,1912,519
117,3,person,1442,393,1489,535
117,4,person,1441,431,1507,581
117,6,person,1600,433,1676,578
117,8,person,1652,440,1727,604
117,9,car,1848,366,1919,425
117,12,person,1767,463,1825,627
117,14,car,1517,397,1840,536
117,15,person,1876,414,1919,560
118,1,car,838,483,1118,658
118,2,car,1705,383,1916,519
118,4,person,1440,433,1506,583
118,6,person,1599,433,1675,579
118,8,person,1648,443,1725,606
118,9,car,1848,367,1919,425
118,12,person,1767,466,1819,628
118,14,car,1517,397,1841,538
118,15,person,1876,413,1919,565
118,17,person,1444,396,1488,490
119,1,car,838,484,1118,658
119,2,car,1703,384,1911,519
119,3,person,1441,397,1487,527
119,4,person,1439,435,1506,584
119,6,person,1599,432,1673,579
119,8,person,1649,446,1724,607
119,9,car,1848,370,1919,428
119,12,person,1765,467,1813,628
119,14,car,1517,398,1840,539
119,15,person,1875,416,1918,558
120,1,car,838,484,1119,658
120,2,car,1704,384,1913,519
120,3,person,1441,396,1486,513
120,4,person,1439,435,1504,584
120,6,person,1598,430,1671,580
120,8,person,1649,448,1723,608
120,9,car,1848,369,1919,427
120,12,person,1761,467,1807,628
120,14,car,1517,397,1841,538
120,15,person,1877,414,1916,564
121,1,car,838,484,1119,658
121,2,car,1705,383,1913,519
121,3,person,1438,397,1485,537
121,4,person,1439,436,1503,584
121,6,person,1598,429,1668,579
121,8,person,1649,449,1720,609
121,9,car,1849,370,1919,426
121,12,person,1757,465,1804,629
121,14,car,1517,398,1840,539
121,15,person,1875,417,1912,555
121,17,person,1438,397,1485,489
122,1,car,838,484,1119,659
122,2,car,1706,383,1917,519
122,4,person,1438,435,1496,584
122,6,person,1598,430,1665,579
122,8,person,1647,451,1718,608
122,12,person,1753,467,1801,629
122,14,car,1518,397,1840,538
122,15,person,1874,416,1910,560
122,17,person,1437,397,1485,510
122,18,person,1896,422,1918,563
123,1,car,839,484,1119,658
123,2,car,1705,383,1915,518
123,4,person,1437,436,1492,584
123,6,person,1598,429,1664,579
123,8,person,1648,449,1715,608
123,9,car,1849,368,1919,427
123,12,person,1748,467,1797,627
123,14,car,1519,396,1839,539
123,15,person,1873,417,1908,559
123,17,person,1436,397,1485,485
123,19,person,1889,423,1919,577
124,1,car,839,484,1119,659
124,2,car,1705,383,1916,518
124,4,person,1437,436,1487,583
124,6,person,1598,428,1663,579
124,8,person,1647,449,1709,607
124,9,car,1810,374,1918,418
124,12,person,1739,468,1797,628
124,14,car,1519,396,1840,541
124,15,person,1872,419,1906,553
124,17,person,1433,397,1484,485
124,18,person,1897,424,1919,565
124,19,person,1888,423,1919,576
125,1,car,838,484,1118,658
125,2,car,1704,382,1916,518
125,4,person,1437,436,1484,582
125,6,person,1598,428,1657,578
125,8,person,1647,447,1702,607
125,12,person,1731,471,1796,629
125,14,car,1519,398,1841,540
125,15,person,1863,419,1905,552
125,17,person,1429,396,1484,481
125,19,person,1888,425,1919,575
126,1,car,839,484,1119,658
126,2,car,1704,382,1916,516
126,4,person,1435,436,1482,582
126,6,person,1599,430,1652,578
126,8,person,1645,446,1698,607
126,9,car,1766,375,1918,441
126,12,person,1722,472,1796,629
126,14,car,1519,398,1841,540
126,15,person,1861,419,1902,552
126,17,person,1425,396,1484,477
126,19,person,1888,425,1919,575
127,1,car,839,484,1119,659
127,2,car,1713,384,1918,514
127,4,person,1430,441,1479,584
127,6,person,1598,431,1641,579
127,8,person,1645,450,1695,608
127,9,car,1722,376,1919,481
127,12,person,1714,471,1796,630
127,13,person,1872,420,1913,571
127,14,car,1519,399,1841,542
127,15,person,1860,419,1902,553
127,17,person,1423,397,1482,481
127,19,person,1887,427,1919,575
128,1,car,838,484,1118,659
128,2,car,1713,384,1918,513
128,4,person,1427,439,1476,584
128,6,person,1595,429,1635,579
128,8,person,1642,446,1690,608
128,12,person,1711,469,1795,630
128,14,car,1519,398,1840,542
128,15,person,1851,418,1901,559
128,17,person,1421,397,1481,483
128,19,person,1887,429,1919,575
129,1,car,839,484,1119,658
129,2,car,1711,384,1917,512
129,4,person,1423,440,1473,584
129,6,person,1592,427,1632,578
129,8,person,1638,447,1686,609
129,12,person,1710,469,1795,631
129,14,car,1518,398,1840,543
129,15,person,1850,418,1898,555
129,17,person,1421,397,1480,484
129,19,person,1883,429,1919,574
130,1,car,839,484,1119,658
130,2,car,1711,384,1917,513
130,4,person,1417,440,1470,586
130,6,person,1589,427,1631,578
130,8,person,1635,447,1680,608
130,12,person,1710,471,1795,631
130,14,car,1518,398,1840,543
130,15,person,1844,419,1897,555
130,17,person,1419,398,1480,487
130,19,person,1882,430,1919,574
131,1,car,840,484,1119,658
131,2,car,1709,384,1916,515
131,4,person,1409,441,1468,586
131,6,person,1577,428,1629,578
131,8,person,1630,446,1680,608
131,12,person,1710,471,1795,631
131,14,car,1517,397,1839,541
131,15,person,1841,420,1897,554
131,17,person,1419,398,1478,485
131,19,person,1882,429,1919,574
132,1,car,840,484,1119,658
132,2,car,1710,384,1916,517
132,4,person,1404,438,1466,586
132,6,person,1570,427,1626,578
132,8,person,1622,440,1678,608
132,12,person,1709,470,1794,631
132,14,car,1517,397,1839,541
132,15,person,1837,421,1895,556
132,17,person,1421,398,1478,485
132,19,person,1877,431,1919,575
133,1,car,840,484,1119,658
133,2,car,1705,382,1920,512
133,4,person,1399,440,1466,586
133,6,person,1561,429,1625,578
133,8,person,1614,438,1676,608
133,12,person,1709,472,1794,631
133,14,car,1517,396,1839,542
133,15,person,1836,420,1890,556
133,17,person,1422,398,1478,492
133,19,person,1875,430,1919,576
134,1,car,839,483,1119,658
134,2,car,1705,383,1919,510
134,4,person,1398,437,1466,586
134,6,person,1553,431,1624,579
134,8,person,1601,439,1676,606
134,12,person,1708,470,1792,630
134,14,car,1518,397,1839,541
134,15,person,1836,419,1888,557
134,17,person,1421,398,1475,485
134,19,person,1868,427,1919,576
135,1,car,839,483,1120,658
135,2,car,1705,383,1920,510
135,4,person,1398,437,1466,587
135,6,person,1548,432,1625,580
135,8,person,1599,443,1676,607
135,9,car,1713,384,1894,553
135,12,person,1709,468,1789,631
135,14,car,1518,397,1839,541
135,15,person,1836,420,1886,562
135,17,person,1421,398,1474,485
135,19,person,1861,431,1918,575
136,1,car,839,483,1119,658
136,2,car,1706,383,1919,507
136,3,person,1422,397,1474,538
136,4,person,1399,443,1465,588
136,6,person,1546,432,1623,582
136,8,person,1590,444,1676,609
136,9,car,1711,384,1913,557
136,12,person,1709,468,1786,632
136,14,car,1518,397,1839,541
136,15,person,1834,421,1884,564
136,17,person,1421,398,1473,497
136,19,person,1857,432,1919,576
137,1,car,838,483,1119,657
137,2,car,1706,383,1919,499
137,3,person,1420,399,1471,522
137,4,person,1396,443,1464,589
137,6,person,1543,433,1623,580
137,8,person,1588,443,1676,606
137,9,car,1710,384,1920,558
137,12,person,1708,468,1781,631
137,14,car,1518,396,1839,541
137,15,person,1832,423,1883,569
137,19,person,1844,432,1917,578
138,1,car,839,483,1118,657
138,2,car,1707,384,1919,490
138,3,person,1419,399,1470,545
138,4,person,1397,439,1463,589
138,6,person,1544,432,1620,580
138,8,person,1587,441,1676,606
138,9,car,1704,385,1919,538
138,12,person,1708,468,1776,630
138,14,car,1518,396,1839,541
138,15,person,1834,422,1880,570
138,17,person,1419,399,1470,489
138,19,person,1844,432,1916,579
139,1,car,839,483,1119,657
139,2,car,1707,384,1919,486
139,3,person,1418,399,1469,545
139,4,person,1397,439,1463,589
139,6,person,1544,431,1617,579
139,8,person,1585,438,1676,606
139,9,car,1712,384,1919,564
139,12,person,1708,466,1770,630
139,14,car,1518,396,1838,542
139,15,person,1833,415,1878,565
139,19,person,1844,432,1916,577
140,1,car,838,483,1119,657
140,2,car,1706,384,1920,486
140,3,person,1416,399,1468,546
140,4,person,1396,440,1459,588
140,6,person,1543,433,1614,579
140,8,person,1583,438,1675,606
140,9,car,1703,386,1919,562
140,12,person,1708,467,1763,631
140,14,car,1517,397,1837,543
140,15,person,1832,417,1874,563
140,19,person,1841,433,1917,577
141,1,car,839,483,1119,657
141,2,car,1705,385,1919,484
141,3,person,1414,400,1468,551
141,4,person,1396,440,1458,589
141,6,person,1542,434,1611,579
141,8,person,1581,446,1674,606
141,9,car,1712,384,1918,564
141,12,person,1707,468,1755,634
141,14,car,1517,396,1836,542
141,15,person,1833,417,1872,560
141,19,person,1841,433,1916,579
142,1,car,839,483,1119,658
142,2,car,1706,385,1919,485
142,3,person,1415,401,1467,553
142,4,person,1397,440,1459,589
142,6,person,1543,440,1610,579
142,8,person,1581,444,1670,606
142,12,person,1706,467,1749,633
142,14,car,1518,396,1836,542
142,15,person,1833,415,1870,559
142,19,person,1841,431,1915,579
143,1,car,839,483,1119,657
143,2,car,1706,385,1919,487
143,3,person,1416,401,1465,552
143,4,person,1396,439,1452,589
143,6,person,1543,431,1606,579
143,8,person,1581,438,1668,607
143,12,person,1703,467,1746,635
143,14,car,1518,396,1835,544
143,15,person,1832,414,1867,568
143,18,person,1900,465,1919,637
143,19,person,1841,426,1912,579
144,1,car,839,483,1119,658
144,2,car,1706,385,1919,498
144,3,person,1421,401,1464,552
144,4,person,1394,439,1442,589
144,6,person,1543,433,1603,580
144,8,person,1582,445,1665,606
144,12,person,1702,468,1745,637
144,13,person,1886,429,1918,639
144,14,car,1517,396,1834,543
144,18,person,1893,515,1919,638
144,19,person,1842,423,1910,576
144,21,car,1847,364,1919,409
145,1,car,839,483,1119,657
145,2,car,1706,385,1919,502
145,3,person,1419,401,1464,553
145,4,person,1392,440,1440,589
145,6,person,1542,435,1601,580
145,8,person,1581,444,1659,607
145,9,car,1714,384,1920,549
145,12,person,1689,468,1743,636
145,14,car,1517,395,1835,542
145,18,person,1880,503,1919,637
145,19,person,1840,430,1905,576
146,1,car,839,483,1119,658
146,2,car,1705,385,1919,498
146,3,person,1416,402,1462,550
146,4,person,1391,440,1437,589
146,6,person,1541,432,1590,579
146,8,person,1582,444,1653,607
146,9,car,1713,383,1920,555
146,12,person,1681,470,1741,635
146,13,person,1873,441,1919,635
146,14,car,1517,396,1831,542
146,18,person,1874,506,1919,637
146,19,person,1840,429,1902,577
147,1,car,840,483,1119,658
147,2,car,1706,385,1920,502
147,3,person,1415,403,1462,551
147,4,person,1388,440,1435,590
147,6,person,1542,437,1583,578
147,8,person,1583,446,1649,606
147,12,person,1672,470,1741,637
147,14,car,1517,396,1830,541
147,18,person,1871,510,1919,635
147,19,person,1840,431,1896,577
147,21,car,1847,364,1919,411
148,1,car,840,483,1119,658
148,2,car,1706,385,1920,512
148,3,person,1417,402,1461,551
148,4,person,1387,440,1434,591
148,6,person,1539,436,1580,580
148,8,person,1583,449,1645,608
148,12,person,1668,471,1740,635
148,14,car,1517,396,1831,539
148,18,person,1869,502,1919,636
148,19,person,1838,434,1892,577
149,1,car,840,483,1119,658
149,2,car,1705,385,1920,515
149,3,person,1416,402,1459,551
149,4,person,1382,439,1430,593
149,6,person,1536,438,1580,583
149,8,person,1582,448,1636,606
149,12,person,1664,472,1740,635
149,14,car,1517,396,1827,538
149,18,person,1869,494,1919,635
149,19,person,1836,432,1887,578
150,1,car,840,483,1120,658
150,2,car,1705,385,1920,508
150,3,person,1415,403,1458,551
150,4,person,1378,439,1431,595
150,6,person,1531,435,1575,584
150,8,person,1582,451,1629,607
150,12,person,1662,473,1738,636
150,14,car,1518,396,1827,539
150,18,person,1869,477,1919,636
150,19,person,1826,428,1885,577
151,1,car,840,483,1120,658
151,2,car,1705,385,1920,504
151,3,person,1415,403,1456,550
151,4,person,1377,441,1429,596
151,6,person,1525,437,1573,583
151,8,person,1582,452,1627,609
151,12,person,1660,478,1738,635
151,14,car,1519,396,1827,540
151,15,person,1836,432,1880,578
151,18,person,1867,475,1919,638
151,19,person,1819,428,1884,576
152,1,car,840,484,1120,658
152,2,car,1705,386,1919,508
152,3,person,1413,405,1456,551
152,4,person,1369,440,1430,595
152,6,person,1516,435,1573,582
152,8,person,1578,453,1624,610
152,12,person,1657,480,1737,635
152,14,car,1520,396,1826,539
152,15,person,1834,432,1880,580
152,18,person,1868,478,1919,637
153,1,car,840,484,1120,658
153,2,car,1705,385,1920,508
153,3,person,1412,405,1454,552
153,4,person,1370,445,1423,597
153,6,person,1510,437,1572,583
153,8,person,1573,451,1620,611
153,12,person,1657,479,1736,636
153,13,person,1887,500,1919,665
153,14,car,1518,396,1825,538
153,15,person,1834,434,1878,580
153,18,person,1871,481,1919,636
153,19,person,1816,431,1880,579
154,1,car,840,484,1120,658
154,2,car,1705,385,1919,499
154,3,person,1410,407,1453,553
154,4,person,1365,444,1423,597
154,6,person,1506,439,1571,583
154,8,person,1567,450,1620,612
154,12,person,1656,478,1733,637
154,13,person,1877,507,1919,665
154,14,car,1518,396,1823,539
154,15,person,1830,432,1880,582
154,18,person,1872,475,1916,635
155,1,car,839,484,1119,658
155,2,car,1704,386,1919,508
155,3,person,1408,405,1452,554
155,4,person,1365,446,1420,599
155,6,person,1500,439,1569,586
155,8,person,1560,451,1617,612
155,12,person,1657,477,1730,637
155,13,person,1869,487,1919,665
155,14,car,1517,397,1822,539
155,18,person,1869,473,1914,633
155,19,person,1820,427,1878,581
156,1,car,840,484,1120,658
156,2,car,1706,386,1919,499
156,3,person,1409,408,1451,553
156,4,person,1365,445,1420,600
156,6,person,1499,439,1569,588
156,8,person,1553,452,1616,611
156,12,person,1657,479,1727,637
156,13,person,1863,484,1919,662
156,14,car,1519,397,1820,540
156,18,person,1864,472,1912,632
156,19,person,1813,428,1878,581
157,1,car,840,484,1120,658
157,2,car,1706,385,1919,494
157,3,person,1406,408,1449,553
157,4,person,1364,447,1420,602
157,6,person,1497,438,1568,589
157,8,person,1549,452,1616,610
157,12,person,1657,478,1722,637
157,13,person,1860,503,1919,663
157,14,car,1523,397,1819,540
157,18,person,1863,470,1908,631
157,19,person,1809,426,1872,582
158,1,car,839,484,1120,658
158,2,car,1706,384,1918,491
158,3,person,1401,408,1449,554
158,4,person,1364,448,1420,603
158,6,person,1495,437,1567,589
158,8,person,1548,453,1616,610
158,12,person,1657,477,1715,638
158,13,person,1859,480,1919,663
158,14,car,1524,397,1818,540
158,18,person,1858,488,1909,640
158,19,person,1806,431,1869,582
158,21,car,1849,378,1919,434
159,1,car,839,484,1120,658
159,2,car,1708,385,1918,493
159,3,person,1400,407,1448,555
159,4,person,1364,447,1418,604
159,6,person,1496,438,1563,589
159,8,person,1545,454,1616,611
159,12,person,1656,476,1710,637
159,13,person,1856,488,1919,664
159,14,car,1525,397,1817,541
159,18,person,1855,481,1909,634
159,19,person,1805,432,1866,583
159,21,car,1848,377,1919,435
160,1,car,839,484,1120,658
160,2,car,1707,384,1918,497
160,3,person,1397,407,1447,553
160,4,person,1362,449,1418,603
160,6,person,1496,438,1563,588
160,8,person,1542,456,1616,610
160,12,person,1654,473,1702,637
160,13,person,1856,497,1919,664
160,14,car,1525,396,1815,542
160,18,person,1854,489,1898,628
160,19,person,1804,433,1862,582
161,1,car,840,484,1120,658
161,2,car,1706,385,1919,500
161,3,person,1394,407,1447,554
161,4,person,1360,448,1412,602
161,6,person,1496,439,1560,589
161,8,person,1539,455,1615,612
161,12,person,1651,471,1699,637
161,13,person,1855,507,1919,664
161,14,car,1525,395,1815,543
161,18,person,1847,481,1898,630
161,19,person,1801,433,1859,583
162,1,car,840,484,1120,658
162,2,car,1706,384,1919,502
162,3,person,1392,406,1446,553
162,4,person,1360,448,1409,602
162,6,person,1495,437,1554,588
162,8,person,1538,454,1613,613
162,12,person,1648,473,1696,638
162,13,person,1856,506,1919,665
162,14,car,1525,394,1813,543
162,18,person,1837,487,1893,630
162,19,person,1801,432,1854,583
163,1,car,840,484,1120,658
163,2,car,1705,384,1919,497
163,3,person,1387,407,1447,552
163,4,person,1360,449,1406,571
163,6,person,1494,437,1541,589
163,8,person,1539,453,1611,614
163,12,person,1643,475,1694,639
163,13,person,1856,507,1919,664
163,14,car,1524,394,1812,544
163,18,person,1823,482,1888,633
163,19,person,1799,430,1851,583
164,1,car,840,484,1120,658
164,2,car,1705,384,1919,493
164,3,person,1386,407,1444,552
164,4,person,1359,448,1404,601
164,6,person,1491,437,1539,588
164,8,person,1539,453,1607,614
164,12,person,1638,475,1691,638
164,13,person,1856,499,1919,663
164,14,car,1524,394,1811,543
164,18,person,1810,475,1895,631
164,19,person,1800,431,1849,582
165,1,car,840,484,1120,658
165,2,car,1706,384,1919,489
165,3,person,1387,407,1443,551
165,4,person,1357,447,1403,602
165,6,person,1489,436,1537,588
165,8,person,1539,454,1601,614
165,9,car,1715,384,1919,532
165,12,person,1629,474,1688,638
165,13,person,1855,505,1919,663
165,14,car,1524,394,1809,544
165,18,person,1808,485,1882,630
165,19,person,1798,432,1846,584
166,1,car,840,484,1120,658
166,2,car,1706,385,1920,482
166,3,person,1384,407,1442,553
166,4,person,1355,446,1399,602
166,6,person,1485,436,1534,587
166,8,person,1538,451,1595,614
166,12,person,1618,474,1686,638
166,13,person,1855,505,1918,662
166,14,car,1522,394,1807,544
166,18,person,1805,483,1880,631
166,19,person,1798,432,1843,584
167,1,car,840,483,1120,658
167,2,car,1707,384,1918,483
167,3,person,1382,407,1441,553
167,4,person,1353,447,1398,602
167,6,person,1484,436,1532,588
167,8,person,1537,450,1590,614
167,12,person,1610,475,1685,638
167,13,person,1854,500,1918,663
167,14,car,1522,394,1803,543
167,18,person,1802,480,1875,633
167,19,person,1797,430,1841,583
168,1,car,840,484,1120,658
168,2,car,1707,384,1918,480
168,3,person,1380,407,1438,553
168,4,person,1349,447,1395,601
168,6,person,1477,436,1528,588
168,8,person,1536,452,1586,613
168,12,person,1604,481,1684,638
168,13,person,1853,502,1915,664
168,14,car,1522,393,1802,542
168,18,person,1801,479,1871,631
168,19,person,1796,431,1840,583
169,1,car,840,483,1119,658
169,2,car,1708,384,1918,480
169,3,person,1379,408,1434,554
169,4,person,1345,447,1393,605
169,6,person,1467,436,1525,589
169,8,person,1533,452,1582,614
169,12,person,1601,484,1684,638
169,13,person,1851,502,1911,664
169,14,car,1520,393,1801,542
169,18,person,1800,472,1867,632
170,1,car,840,484,1119,657
170,2,car,1708,384,1919,483
170,3,person,1378,407,1431,554
170,4,person,1335,449,1392,603
170,6,person,1457,438,1523,589
170,8,person,1529,452,1579,614
170,12,person,1599,482,1686,639
170,13,person,1847,499,1904,663
170,14,car,1521,393,1799,542
170,18,person,1800,469,1862,630
170,22,person,1767,429,1835,579
171,1,car,840,483,1119,657
171,2,car,1708,384,1918,486
171,3,person,1377,407,1429,556
171,4,person,1330,451,1392,603
171,6,person,1452,439,1524,589
171,8,person,1526,451,1578,614
171,12,person,1598,482,1685,640
171,13,person,1841,505,1899,664
171,14,car,1519,393,1795,542
171,18,person,1800,449,1856,630
171,19,person,1789,433,1834,578
172,1,car,840,484,1119,657
172,2,car,1708,384,1918,490
172,3,person,1375,408,1430,557
172,4,person,1327,451,1391,603
172,6,person,1447,439,1524,588
172,8,person,1524,452,1575,613
172,12,person,1598,483,1684,638
172,13,person,1833,502,1897,664
172,14,car,1520,393,1790,543
172,15,person,1851,463,1908,585
172,18,person,1800,456,1852,630
172,19,person,1783,435,1833,578
172,22,person,1790,437,1838,628
173,1,car,840,483,1120,657
173,2,car,1707,385,1920,498
173,3,person,1374,409,1429,555
173,4,person,1326,452,1391,602
173,6,person,1445,441,1526,589
173,8,person,1521,452,1574,613
173,12,person,1598,482,1683,638
173,13,person,1820,506,1896,664
173,14,car,1519,393,1786,544
173,18,person,1797,451,1847,630
173,22,person,1791,439,1840,581
174,1,car,840,483,1120,657
174,2,car,1708,385,1920,501
174,3,person,1374,408,1427,561
174,4,person,1326,452,1391,604
174,6,person,1441,444,1525,589
174,8,person,1511,450,1572,613
174,12,person,1598,482,1683,638
174,13,person,1811,507,1895,663
174,14,car,1518,393,1783,545
174,15,person,1844,465,1902,602
174,18,person,1800,472,1846,630
175,1,car,840,483,1120,657
175,2,car,1707,384,1919,508
175,3,person,1373,409,1426,557
175,4,person,1327,453,1388,606
175,6,person,1443,444,1518,590
175,8,person,1503,450,1570,613
175,12,person,1597,478,1681,638
175,13,person,1808,504,1890,663
175,14,car,1519,393,1781,543
175,15,person,1841,465,1900,613
175,18,person,1800,478,1842,629
175,19,person,1758,432,1819,579
176,1,car,840,483,1120,657
176,2,car,1709,383,1920,512
176,3,person,1371,410,1424,557
176,4,person,1328,454,1387,606
176,6,person,1443,444,1515,590
176,8,person,1496,454,1567,612
176,12,person,1598,478,1678,639
176,13,person,1807,502,1888,663
176,14,car,1519,393,1778,543
176,15,person,1839,463,1897,612
176,18,person,1795,480,1840,629
176,19,person,1757,432,1817,580
177,1,car,840,483,1120,657
177,2,car,1710,383,1920,514
177,3,person,1371,410,1424,559
177,4,person,1326,453,1389,608
177,6,person,1441,444,1514,590
177,8,person,1486,454,1566,612
177,12,person,1597,487,1674,638
177,13,person,1802,504,1888,663
177,14,car,1519,393,1777,543
177,15,person,1835,463,1892,611
177,18,person,1791,478,1838,627
177,19,person,1756,431,1809,579
178,1,car,841,483,1120,657
178,2,car,1710,383,1920,517
178,3,person,1371,409,1423,561
178,4,person,1327,453,1387,608
178,6,person,1440,444,1511,590
178,8,person,1482,454,1565,612
178,12,person,1597,487,1668,638
178,13,person,1802,508,1886,662
178,14,car,1519,393,1773,543
178,15,person,1824,463,1890,611
178,18,person,1784,481,1831,631
178,19,person,1756,431,1795,580
179,1,car,841,483,1120,657
179,2,car,1710,383,1920,515
179,3,person,1371,410,1423,562
179,4,person,1327,454,1385,608
179,6,person,1440,442,1511,590
179,8,person,1480,454,1565,613
179,12,person,1598,488,1665,640
179,13,person,1801,508,1885,662
179,14,car,1520,393,1773,543
179,18,person,1778,476,1827,632
179,19,person,1756,429,1794,581
180,1,car,841,483,1120,657
180,2,car,1709,382,1918,516
180,3,person,1371,410,1423,563
180,4,person,1326,453,1384,608
180,6,person,1440,441,1508,591
180,8,person,1480,456,1564,614
180,12,person,1598,490,1660,638
180,13,person,1801,508,1884,663
180,14,car,1520,393,1770,544
180,18,person,1770,464,1825,633
180,19,person,1756,431,1794,579
181,1,car,842,483,1120,657
181,2,car,1709,382,1918,516
181,3,person,1372,409,1423,563
181,4,person,1326,453,1381,609
181,6,person,1440,442,1504,591
181,8,person,1480,455,1564,615
181,12,person,1597,487,1653,638
181,13,person,1797,509,1882,664
181,14,car,1521,394,1770,544
181,18,person,1759,484,1822,633
181,19,person,1754,435,1792,580
181,21,car,1849,365,1919,403
181,23,person,1832,464,1879,538
182,1,car,842,483,1120,657
182,2,car,1709,382,1918,517
182,3,person,1372,409,1420,564
182,4,person,1319,452,1375,608
182,6,person,1440,441,1502,590
182,8,person,1480,455,1564,616
182,12,person,1595,488,1647,638
182,13,person,1798,508,1880,664
182,14,car,1522,394,1773,544
182,18,person,1744,474,1820,633
182,21,car,1849,365,1919,404
182,23,person,1826,464,1875,531
183,1,car,841,483,1120,657
183,2,car,1708,382,1918,520
183,3,person,1372,409,1420,564
183,4,person,1319,454,1371,609
183,6,person,1437,442,1492,591
183,8,person,1477,452,1562,616
183,12,person,1590,482,1641,640
183,13,person,1798,509,1875,663
183,14,car,1522,394,1773,545
183,18,person,1738,471,1820,634
184,1,car,842,483,1120,657
184,2,car,1709,383,1917,519
184,3,person,1372,409,1420,565
184,4,person,1317,454,1368,610
184,6,person,1435,443,1488,591
184,8,person,1477,454,1560,617
184,12,person,1584,478,1640,642
184,13,person,1798,506,1866,663
184,14,car,1521,394,1774,544
184,15,person,1820,463,1870,567
184,18,person,1734,450,1818,635
184,23,person,1823,464,1872,537
185,1,car,843,483,1120,657
185,2,car,1709,384,1918,519
185,3,person,1372,409,1419,565
185,4,person,1317,455,1367,607
185,6,person,1432,443,1488,592
185,8,person,1479,452,1557,617
185,12,person,1587,482,1639,644
185,13,person,1799,507,1860,662
185,14,car,1520,394,1772,544
185,18,person,1731,439,1817,634
185,23,person,1821,462,1868,543
186,1,car,843,483,1120,657
186,2,car,1710,384,1915,520
186,3,person,1372,409,1419,565
186,4,person,1316,456,1366,610
186,6,person,1427,443,1487,593
186,8,person,1478,453,1554,618
186,12,person,1580,478,1636,645
186,13,person,1799,506,1873,663
186,14,car,1520,394,1771,545
186,15,person,1814,464,1864,531
186,18,person,1731,438,1815,633
186,23,person,1810,464,1865,552
187,1,car,843,484,1120,657
187,2,car,1711,383,1913,520
187,3,person,1371,409,1418,567
187,4,person,1313,456,1364,611
187,6,person,1425,444,1485,595
187,8,person,1478,454,1551,618
187,12,person,1574,484,1636,645
187,13,person,1798,504,1852,664
187,14,car,1521,394,1768,545
187,18,person,1729,440,1811,632
187,23,person,1810,465,1861,546
187,24,person,1880,440,1919,577
188,1,car,843,483,1120,658
188,2,car,1709,383,1915,522
188,3,person,1370,410,1418,567
188,4,person,1312,453,1363,615
188,6,person,1423,445,1482,596
188,8,person,1477,454,1547,618
188,12,person,1568,486,1632,644
188,13,person,1797,506,1852,663
188,14,car,1521,394,1766,545
188,18,person,1729,466,1806,633
188,21,car,1848,368,1919,401
188,23,person,1804,465,1859,554
188,24,person,1881,441,1919,576
189,1,car,842,483,1120,658
189,2,car,1709,383,1918,523
189,3,person,1369,412,1415,564
189,4,person,1310,454,1360,613
189,6,person,1419,444,1480,598
189,8,person,1477,453,1541,619
189,12,person,1566,487,1630,644
189,13,person,1794,503,1852,665
189,14,car,1519,394,1761,545
189,18,person,1729,480,1799,633
189,23,person,1807,467,1858,584
189,24,person,1880,443,1919,576
190,1,car,843,483,1120,658
190,2,car,1708,382,1918,523
190,3,person,1367,412,1415,565
190,4,person,1310,457,1360,615
190,6,person,1416,446,1479,598
190,8,person,1477,453,1535,618
190,12,person,1563,485,1629,644
190,13,person,1786,506,1850,668
190,14,car,1519,394,1760,545
190,18,person,1729,480,1797,633
190,19,person,1754,433,1804,577
190,23,person,1803,467,1856,570
190,24,person,1880,442,1919,576
191,1,car,843,484,1120,658
191,2,car,1709,383,1919,524
191,3,person,1367,412,1415,565
191,4,person,1307,457,1357,617
191,6,person,1412,447,1479,597
191,8,person,1476,454,1532,618
191,12,person,1559,486,1628,645
191,13,person,1776,506,1847,668
191,14,car,1520,394,1759,545
191,18,person,1729,474,1793,632
191,19,person,1755,437,1803,571
191,23,person,1801,468,1853,568
191,24,person,1879,439,1919,576
192,1,car,843,484,1120,658
192,2,car,1709,383,1920,524
192,3,person,1367,412,1413,565
192,4,person,1303,458,1355,616
192,6,person,1410,448,1478,598
192,8,person,1473,454,1527,619
192,12,person,1557,486,1627,646
192,13,person,1766,507,1844,666
192,14,car,1521,394,1757,545
192,18,person,1728,435,1782,633
192,19,person,1754,439,1802,591
192,23,person,1797,466,1852,611
192,24,person,1877,438,1919,577
193,1,car,843,484,1120,658
193,2,car,1709,383,1920,526
193,3,person,1366,413,1412,565
193,4,person,1302,458,1355,618
193,6,person,1410,448,1477,602
193,8,person,1471,454,1525,621
193,12,person,1555,485,1627,646
193,13,person,1761,508,1845,665
193,14,car,1521,394,1756,544
193,18,person,1724,441,1771,632
193,19,person,1756,441,1800,594
193,23,person,1796,466,1851,610
193,24,person,1879,435,1919,577
194,1,car,843,483,1120,658
194,2,car,1708,385,1918,514
194,3,person,1364,414,1411,565
194,4,person,1299,460,1358,616
194,6,person,1409,448,1473,603
194,8,person,1473,454,1523,622
194,12,person,1554,486,1627,647
194,13,person,1759,508,1844,665
194,14,car,1521,394,1754,543
194,18,person,1721,439,1768,632
194,19,person,1754,438,1801,588
194,24,person,1878,433,1919,577
195,1,car,843,483,1120,658
195,2,car,1708,384,1918,512
195,3,person,1362,414,1412,565
195,4,person,1297,460,1354,617
195,6,person,1407,449,1471,603
195,8,person,1472,454,1522,623
195,12,person,1554,487,1624,646
195,13,person,1758,508,1844,666
195,14,car,1521,393,1752,543
195,18,person,1716,449,1763,632
195,19,person,1751,435,1801,588
195,24,person,1874,434,1919,577
196,1,car,843,483,1120,657
196,2,car,1707,384,1918,513
196,3,person,1359,415,1412,567
196,4,person,1293,458,1350,619
196,6,person,1408,448,1471,603
196,8,person,1466,455,1518,624
196,12,person,1555,490,1624,647
196,13,person,1757,510,1843,668
196,14,car,1521,393,1756,543
196,18,person,1711,471,1761,632
196,19,person,1749,434,1796,590
196,21,car,1848,367,1919,400
196,24,person,1869,436,1918,578
197,1,car,843,483,1120,657
197,2,car,1707,385,1918,512
197,3,person,1360,416,1409,567
197,4,person,1292,457,1351,619
197,6,person,1411,449,1469,602
197,8,person,1460,454,1515,623
197,12,person,1554,490,1619,647
197,13,person,1757,511,1844,668
197,14,car,1521,393,1755,544
197,18,person,1697,473,1759,631
197,19,person,1749,435,1796,589
197,21,car,1850,366,1919,405
197,24,person,1868,437,1917,580
198,1,car,843,483,1120,657
198,2,car,1708,384,1918,512
198,3,person,1356,417,1409,568
198,4,person,1290,456,1347,620
198,6,person,1407,448,1466,601
198,8,person,1454,456,1513,625
198,12,person,1554,496,1614,647
198,13,person,1756,510,1840,668
198,14,car,1521,393,1754,543
198,18,person,1684,472,1759,631
198,19,person,1746,437,1793,584
198,21,car,1850,366,1919,406
198,24,person,1866,439,1917,580
199,1,car,843,483,1121,657
199,2,car,1708,384,1918,512
199,3,person,1355,417,1407,569
199,4,person,1288,454,1346,620
199,6,person,1408,448,1463,602
199,8,person,1446,456,1512,624
199,12,person,1553,494,1608,647
199,13,person,1755,510,1836,668
199,14,car,1521,393,1759,544
199,18,person,1671,471,1759,630
199,19,person,1744,436,1792,586
199,21,car,1847,365,1919,407
199,24,person,1863,438,1917,579
200,1,car,843,483,1120,657
200,2,car,1709,384,1918,510
200,3,person,1353,418,1408,569
200,4,person,1286,457,1344,618
200,6,person,1405,448,1460,603
200,8,person,1444,456,1510,623
200,12,person,1552,492,1602,647
200,13,person,1755,508,1833,668
200,14,car,1521,393,1759,546
200,18,person,1664,459,1759,631
200,19,person,1739,438,1791,588
200,21,car,1847,365,1919,407
200,24,person,1859,437,1915,579
201,1,car,842,483,1120,657
201,2,car,1708,385,1918,508
201,3,person,1355,418,1408,571
201,4,person,1280,460,1337,616
201,6,person,1405,447,1456,603
201,8,person,1440,456,1509,623
201,12,person,1550,495,1598,646
201,13,person,1755,508,1829,668
201,14,car,1521,392,1759,543
201,18,person,1661,448,1760,631
201,19,person,1739,437,1790,588
201,21,car,1845,365,1919,406
201,24,person,1852,436,1913,580
202,1,car,842,483,1120,657
202,2,car,1709,384,1918,509
202,3,person,1356,418,1407,571
202,4,person,1279,462,1334,620
202,6,person,1403,447,1454,602
202,8,person,1441,456,1509,624
202,12,person,1546,488,1595,647
202,13,person,1756,508,1825,668
202,14,car,1521,392,1749,543
202,18,person,1657,465,1757,630
202,19,person,1736,438,1782,587
202,21,car,1844,365,1919,404
202,24,person,1851,437,1910,581
203,1,car,842,483,1120,657
203,2,car,1708,385,1920,512
203,3,person,1356,419,1408,571
203,4,person,1277,462,1333,621
203,6,person,1402,447,1450,601
203,8,person,1439,457,1508,623
203,12,person,1543,485,1593,647
203,13,person,1755,510,1825,668
203,14,car,1521,393,1744,534
203,18,person,1658,473,1757,631
203,19,person,1740,436,1780,585
203,21,car,1846,365,1919,405
203,24,person,1853,437,1909,580
204,1,car,842,483,1120,657
204,2,car,1707,384,1920,512
204,3,person,1356,419,1407,570
204,4,person,1274,463,1333,620
204,6,person,1397,446,1448,602
204,8,person,1437,458,1507,623
204,12,person,1541,481,1592,647
204,13,person,1754,508,1825,667
204,14,car,1521,393,1747,523
204,18,person,1657,475,1755,630
204,19,person,1740,435,1780,581
204,21,car,1845,365,1919,404
204,24,person,1849,437,1907,581
205,1,car,842,483,1120,657
205,2,car,1708,384,1919,511
205,3,person,1356,420,1404,569
205,4,person,1271,463,1332,620
205,6,person,1394,448,1446,604
205,8,person,1436,458,1506,624
205,12,person,1535,488,1589,646
205,13,person,1751,507,1808,668
205,14,car,1521,392,1740,523
205,18,person,1657,473,1752,630
205,19,person,1738,436,1776,578
205,24,person,1849,437,1906,581
205,26,car,1522,393,1845,529
206,1,car,841,484,1120,657
206,2,car,1709,384,1918,512
206,3,person,1354,418,1403,569
206,4,person,1270,465,1331,620
206,6,person,1386,449,1443,601
206,8,person,1437,461,1504,625
206,12,person,1527,484,1586,647
206,13,person,1748,505,1813,668
206,14,car,1521,392,1741,522
206,18,person,1657,472,1746,629
206,21,car,1844,365,1919,403
206,24,person,1851,440,1902,578
206,26,car,1523,392,1847,529
206,27,handbag,1772,555,1828,607
206,29,person,1707,431,1745,577
207,1,car,841,483,1120,657
207,2,car,1709,384,1918,514
207,3,person,1353,418,1400,569
207,4,person,1266,466,1328,622
207,6,person,1381,450,1443,605
207,8,person,1436,460,1500,624
207,12,person,1521,483,1586,647
207,13,person,1744,499,1822,667
207,18,person,1657,474,1742,627
207,24,person,1851,438,1900,578
207,26,car,1522,393,1846,532
207,29,person,1706,431,1742,576
208,1,car,842,483,1120,657
208,2,car,1709,385,1918,518
208,3,person,1351,418,1399,570
208,4,person,1264,467,1327,623
208,6,person,1374,450,1440,603
208,8,person,1436,460,1494,624
208,12,person,1515,480,1584,647
208,18,person,1650,471,1737,626
208,24,person,1849,439,1898,581
208,26,car,1520,393,1844,535
208,29,person,1706,434,1742,576
209,1,car,842,483,1121,657
209,2,car,1708,385,1918,514
209,3,person,1348,419,1401,572
209,4,person,1259,466,1327,624
209,6,person,1371,451,1439,604
209,8,person,1436,461,1489,624
209,12,person,1510,481,1584,648
209,18,person,1644,471,1726,625
209,24,person,1849,438,1894,581
209,26,car,1520,393,1844,538
209,27,person,1775,547,1825,655
209,29,person,1704,433,1737,570
209,30,person,1734,494,1793,668
210,1,car,842,483,1120,657
210,2,car,1709,385,1918,515
210,3,person,1347,419,1400,574
210,4,person,1257,467,1327,624
210,6,person,1368,451,1438,604
210,8,person,1435,461,1484,624
210,12,person,1505,482,1582,648
210,18,person,1637,476,1717,627
210,24,person,1846,439,1890,581
210,26,car,1520,393,1844,548
210,27,person,1774,551,1825,656
210,29,person,1701,434,1738,573
210,30,person,1723,503,1790,668
211,1,car,843,483,1121,657
211,2,car,1710,384,1918,513
211,3,person,1346,419,1397,571
211,4,person,1255,468,1325,625
211,6,person,1365,454,1437,605
211,8,person,1435,459,1480,624
211,12,person,1503,485,1583,649
211,18,person,1631,474,1705,627
211,24,person,1846,438,1888,582
211,26,car,1519,393,1844,533
211,29,person,1698,435,1735,573
211,30,person,1714,508,1787,669
212,1,car,843,483,1121,657
212,2,car,1710,384,1918,519
212,3,person,1345,420,1395,575
212,4,person,1254,468,1325,627
212,6,person,1366,454,1437,606
212,8,person,1432,459,1477,624
212,12,person,1503,488,1581,650
212,18,person,1630,469,1698,627
212,21,car,1850,365,1919,402
212,24,person,1843,438,1888,582
212,26,car,1519,393,1845,530
212,29,person,1695,435,1733,576
212,30,person,1709,505,1785,670
213,1,car,843,483,1121,657
213,2,car,1712,384,1918,521
213,3,person,1344,420,1394,571
213,4,person,1255,468,1324,627
213,6,person,1365,453,1436,608
213,8,person,1427,458,1475,625
213,12,person,1503,489,1580,650
213,13,person,1707,508,1811,667
213,18,person,1626,464,1696,630
213,21,car,1850,365,1919,402
213,24,person,1841,447,1886,583
213,25,car,1846,376,1919,404
213,26,car,1520,393,1845,530
213,29,person,1689,434,1731,577
213,30,person,1703,505,1784,670
214,1,car,843,483,1121,657
214,2,car,1711,384,1918,521
214,3,person,1343,421,1392,571
214,4,person,1253,469,1322,628
214,6,person,1366,454,1434,609
214,8,person,1424,457,1473,625
214,12,person,1503,490,1580,651
214,13,person,1704,508,1820,663
214,18,person,1622,466,1691,631
214,21,car,1850,365,1919,402
214,24,person,1836,447,1885,583
214,25,car,1841,376,1919,404
214,26,car,1520,393,1843,533
214,29,person,1687,432,1731,569
214,30,person,1701,505,1784,670
215,1,car,843,483,1121,656
215,2,car,1710,384,1918,523
215,3,person,1341,421,1392,570
215,4,person,1252,468,1321,628
215,6,person,1364,454,1430,609
215,8,person,1418,459,1469,627
215,12,person,1501,489,1579,651
215,13,person,1702,509,1820,663
215,18,person,1620,470,1689,631
215,21,car,1849,365,1919,402
215,24,person,1831,443,1884,583
215,25,car,1817,377,1919,404
215,26,car,1520,393,1841,535
215,29,person,1682,433,1727,571
215,30,person,1699,508,1783,670
216,1,car,843,483,1121,657
216,2,car,1708,384,1918,533
216,3,person,1341,421,1391,573
216,4,person,1250,469,1317,629
216,6,person,1366,458,1424,609
216,8,person,1412,460,1468,626
216,12,person,1501,490,1578,653
216,13,person,1699,492,1816,668
216,18,person,1615,480,1688,632
216,21,car,1849,365,1919,404
216,24,person,1826,443,1882,583
216,25,car,1811,377,1919,405
216,26,car,1520,393,1842,537
216,29,person,1675,430,1724,573
216,30,person,1697,511,1783,669
217,1,car,843,483,1121,657
217,2,car,1707,384,1918,520
217,3,person,1341,423,1390,575
217,4,person,1248,467,1317,629
217,6,person,1365,459,1420,609
217,8,person,1406,462,1467,627
217,12,person,1503,488,1576,653
217,13,person,1702,504,1815,665
217,18,person,1612,479,1688,632
217,24,person,1818,438,1880,583
217,26,car,1520,393,1842,536
217,28,person,1724,440,1759,521
217,29,person,1675,428,1727,573
217,30,person,1698,507,1783,670
218,1,car,843,483,1121,657
218,2,car,1708,384,1918,525
218,3,person,1340,422,1387,575
218,4,person,1245,468,1314,628
218,6,person,1362,459,1418,612
218,8,person,1399,459,1465,627
218,12,person,1503,488,1576,654
218,18,person,1605,479,1688,631
218,21,car,1849,366,1919,399
218,24,person,1815,439,1878,584
218,26,car,1520,393,1842,540
218,29,person,1671,429,1721,573
218,30,person,1698,506,1782,670
219,1,car,844,483,1120,657
219,2,car,1707,384,1918,519
219,3,person,1338,424,1384,581
219,4,person,1242,470,1313,628
219,6,person,1358,458,1416,612
219,8,person,1388,461,1465,628
219,12,person,1503,489,1573,653
219,13,person,1732,548,1814,655
219,18,person,1601,479,1687,633
219,19,person,1725,445,1765,540
219,21,car,1849,367,1919,402
219,24,person,1813,440,1878,584
219,25,car,1850,368,1919,433
219,26,car,1521,395,1841,544
219,28,person,1724,441,1757,518
219,29,person,1671,432,1718,574
219,30,person,1698,507,1778,670
220,1,car,843,483,1120,657
220,2,car,1706,384,1918,519
220,3,person,1338,424,1383,582
220,4,person,1241,469,1306,629
220,6,person,1358,459,1414,612
220,8,person,1384,467,1463,629
220,12,person,1504,489,1568,653
220,13,person,1723,550,1811,654
220,18,person,1599,482,1687,632
220,19,person,1724,453,1762,545
220,21,car,1850,368,1919,402
220,24,person,1813,439,1878,584
220,25,car,1850,370,1919,436
220,26,car,1520,396,1839,547
220,29,person,1670,431,1715,574
220,30,person,1700,509,1776,670
221,1,car,843,483,1120,657
221,2,car,1714,385,1919,518
221,3,person,1338,424,1380,580
221,4,person,1238,469,1298,630
221,6,person,1356,458,1413,612
221,8,person,1382,466,1462,630
221,12,person,1503,488,1566,653
221,13,person,1739,556,1809,652
221,18,person,1600,480,1684,633
221,19,person,1722,449,1761,548
221,21,car,1850,368,1919,402
221,24,person,1811,440,1878,585
221,25,car,1850,370,1919,437
221,26,car,1520,396,1838,546
221,29,person,1667,431,1716,576
221,30,person,1698,507,1772,671
222,1,car,843,483,1120,657
222,2,car,1711,385,1918,515
222,3,person,1337,425,1379,578
222,4,person,1237,469,1295,631
222,6,person,1356,461,1412,610
222,8,person,1379,468,1462,630
222,12,person,1503,487,1561,653
222,13,person,1736,555,1807,656
222,18,person,1599,481,1680,633
222,19,person,1718,443,1757,553
222,21,car,1849,368,1919,402
222,24,person,1808,439,1878,585
222,25,car,1849,371,1919,436
222,26,car,1520,395,1837,545
222,29,person,1670,435,1709,577
222,30,person,1698,507,1768,672
223,1,car,844,483,1120,658
223,2,car,1706,384,1918,536
223,3,person,1336,425,1379,583
223,4,person,1231,469,1294,629
223,6,person,1354,461,1410,611
223,8,person,1379,469,1461,632
223,12,person,1502,487,1557,653
223,13,person,1741,553,1807,652
223,18,person,1598,483,1675,633
223,19,person,1714,443,1755,553
223,24,person,1808,436,1877,584
223,25,car,1849,370,1919,434
223,26,car,1520,396,1834,543
223,29,person,1666,435,1708,580
223,30,person,1699,505,1760,671
224,1,car,844,483,1120,658
224,2,car,1707,386,1916,531
224,3,person,1337,427,1376,536
224,4,person,1231,471,1292,633
224,6,person,1347,461,1407,613
224,8,person,1379,467,1461,631
224,12,person,1498,488,1552,653
224,13,person,1738,554,1807,652
224,18,person,1598,487,1667,634
224,19,person,1709,445,1753,556
224,21,car,1849,368,1919,402
224,24,person,1806,434,1875,585
224,25,car,1848,371,1919,430
224,26,car,1521,395,1833,544
224,29,person,1666,435,1705,578
224,30,person,1695,504,1759,670
225,1,car,844,483,1120,658
225,2,car,1713,385,1915,521
225,3,person,1336,426,1376,525
225,4,person,1228,472,1291,636
225,6,person,1347,460,1407,616
225,8,person,1383,465,1459,630
225,12,person,1495,488,1549,656
225,13,person,1736,550,1806,652
225,18,person,1599,486,1658,634
225,19,person,1705,445,1752,557
225,24,person,1804,435,1872,585
225,25,car,1849,372,1919,432
225,26,car,1522,395,1830,541
225,29,person,1665,434,1705,578
225,30,person,1696,498,1748,671
225,33,car,1710,385,1918,482
226,1,car,844,483,1121,658
226,2,car,1712,385,1914,519
226,4,person,1224,472,1290,637
226,6,person,1347,459,1405,622
226,8,person,1383,467,1458,633
226,12,person,1492,488,1549,657
226,13,person,1732,549,1804,652
226,18,person,1597,484,1650,634
226,24,person,1803,435,1869,585
226,26,car,1523,395,1828,538
226,29,person,1662,432,1703,579
226,30,person,1676,466,1747,674
226,33,car,1763,380,1919,532
227,1,car,844,483,1121,658
227,2,car,1713,385,1915,522
227,4,person,1222,471,1287,636
227,6,person,1347,461,1402,621
227,8,person,1381,466,1457,632
227,12,person,1489,488,1547,658
227,13,person,1730,550,1801,654
227,18,person,1590,483,1640,634
227,19,person,1704,447,1748,556
227,24,person,1803,435,1866,584
227,26,car,1523,395,1824,536
227,29,person,1661,435,1699,583
227,30,person,1682,448,1746,672
227,33,car,1773,379,1919,529
227,35,person,1334,426,1377,559
228,1,car,844,483,1121,658
228,2,car,1712,385,1911,519
228,3,person,1334,427,1376,532
228,4,person,1222,474,1284,637
228,6,person,1343,463,1401,619
228,8,person,1375,465,1454,635
228,12,person,1486,490,1544,660
228,13,person,1728,549,1796,653
228,18,person,1577,484,1633,635
228,19,person,1702,448,1744,552
228,21,car,1849,369,1919,403
228,24,person,1803,435,1861,585
228,25,car,1849,370,1919,425
228,26,car,1521,395,1822,539
228,29,person,1660,432,1698,580
228,30,person,1687,457,1744,674
228,33,car,1710,385,1915,479
229,1,car,844,483,1120,658
229,2,car,1712,386,1912,523
229,3,person,1333,427,1377,518
229,4,person,1220,476,1283,637
229,6,person,1342,463,1399,617
229,8,person,1374,465,1449,634
229,12,person,1483,491,1543,659
229,13,person,1726,547,1791,654
229,18,person,1567,481,1630,635
229,19,person,1699,445,1743,549
229,24,person,1804,436,1858,583
229,25,car,1849,372,1919,430
229,26,car,1522,394,1819,537
229,29,person,1657,433,1696,578
229,36,person,1872,412,1918,559
229,37,person,1686,500,1737,673
230,1,car,844,483,1120,658
230,2,car,1709,385,1918,556
230,4,person,1218,475,1282,638
230,6,person,1337,463,1395,618
230,8,person,1374,462,1446,634
230,12,person,1480,490,1540,659
230,13,person,1724,547,1788,652
230,18,person,1562,482,1627,634
230,24,person,1801,438,1853,584
230,26,car,1521,394,1816,539
230,29,person,1646,431,1694,578
230,30,person,1679,449,1742,673
230,33,car,1710,384,1918,497
230,37,person,1677,509,1736,673
231,1,car,844,483,1120,658
231,2,car,1709,384,1918,558
231,4,person,1216,475,1280,638
231,6,person,1334,463,1393,619
231,8,person,1374,463,1439,633
231,12,person,1476,491,1538,659
231,18,person,1556,480,1627,633
231,24,person,1798,438,1851,584
231,26,car,1520,396,1817,540
231,29,person,1638,433,1693,578
231,33,car,1709,384,1918,498
231,36,person,1872,413,1917,560
231,37,person,1666,504,1733,673
232,1,car,844,483,1120,658
232,2,car,1709,384,1918,549
232,4,person,1215,477,1280,639
232,6,person,1334,464,1393,616
232,8,person,1373,462,1435,632
232,12,person,1474,491,1536,661
232,18,person,1550,479,1627,633
232,21,car,1850,367,1919,399
232,24,person,1799,437,1849,582
232,25,car,1851,376,1919,438
232,26,car,1521,395,1817,539
232,29,person,1632,433,1691,577
232,36,person,1874,413,1916,560
232,37,person,1662,505,1731,671
233,1,car,844,483,1120,658
233,2,car,1710,386,1907,480
233,4,person,1214,478,1278,639
233,6,person,1331,464,1392,622
233,8,person,1371,465,1430,632
233,12,person,1471,492,1536,662
233,18,person,1538,479,1627,633
233,21,car,1849,367,1919,400
233,24,person,1794,437,1851,585
233,25,car,1850,371,1919,435
233,26,car,1521,396,1817,537
233,29,person,1631,433,1687,580
233,33,car,1709,385,1918,520
233,36,person,1872,411,1916,559
233,37,person,1656,501,1730,673
234,1,car,844,483,1120,658
234,4,person,1212,477,1276,639
234,6,person,1330,465,1390,621
234,8,person,1372,464,1422,633
234,12,person,1469,493,1535,663
234,18,person,1535,479,1629,632
234,21,car,1849,366,1919,398
234,24,person,1795,436,1847,585
234,25,car,1850,373,1919,437
234,26,car,1521,392,1817,535
234,29,person,1629,433,1687,576
234,33,car,1715,385,1899,516
234,36,person,1873,414,1918,564
234,37,person,1656,503,1730,671
235,1,car,844,483,1121,658
235,4,person,1212,478,1274,639
235,6,person,1329,463,1387,621
235,8,person,1371,464,1418,634
235,12,person,1468,495,1533,663
235,18,person,1532,481,1628,632
235,19,person,1694,445,1738,536
235,24,person,1790,436,1849,586
235,26,car,1521,394,1816,535
235,29,person,1627,431,1686,577
235,33,car,1709,384,1918,518
235,36,person,1873,416,1915,562
235,37,person,1654,501,1730,672
236,1,car,843,483,1120,658
236,3,person,1321,429,1368,511
236,4,person,1209,478,1272,639
236,6,person,1329,467,1385,621
236,8,person,1372,466,1416,633
236,12,person,1467,495,1532,663
236,18,person,1530,483,1627,633
236,19,person,1694,444,1735,539
236,24,person,1782,436,1849,586
236,26,car,1522,392,1813,536
236,29,person,1628,429,1681,579
236,33,car,1710,384,1918,517
236,35,person,1319,429,1367,576
236,36,person,1864,419,1917,564
236,37,person,1652,498,1730,672
237,1,car,843,483,1120,658
237,4,person,1208,478,1270,641
237,6,person,1330,466,1381,621
237,8,person,1367,465,1414,637
237,12,person,1467,495,1529,662
237,18,person,1529,479,1625,632
237,19,person,1691,443,1734,540
237,24,person,1776,438,1847,582
237,26,car,1521,393,1815,537
237,29,person,1625,430,1681,582
237,30,person,1657,507,1759,656
237,33,car,1710,384,1918,515
237,35,person,1315,428,1363,581
237,36,person,1858,417,1916,565
237,37,person,1653,501,1730,673
238,1,car,843,483,1121,657
238,4,person,1208,479,1268,641
238,6,person,1330,469,1374,622
238,8,person,1360,466,1415,638
238,12,person,1466,494,1527,662
238,18,person,1526,479,1623,632
238,19,person,1691,441,1733,538
238,24,person,1777,439,1845,583
238,26,car,1522,393,1813,537
238,29,person,1624,428,1678,583
238,30,person,1657,498,1760,652
238,33,car,1712,384,1918,514
238,35,person,1315,430,1361,576
238,36,person,1855,415,1906,563
238,37,person,1651,498,1728,672
239,1,car,842,483,1121,657
239,4,person,1204,478,1266,641
239,6,person,1326,466,1371,622
239,8,person,1354,467,1417,639
239,12,person,1466,493,1526,663
239,18,person,1523,474,1616,632
239,19,person,1689,441,1732,543
239,21,car,1850,364,1919,405
239,24,person,1775,441,1841,584
239,26,car,1522,393,1813,536
239,29,person,1625,431,1675,576
239,30,person,1659,506,1760,648
239,33,car,1711,384,1918,509
239,35,person,1314,431,1360,578
239,36,person,1849,416,1904,563
239,37,person,1650,503,1727,672
240,1,car,843,483,1121,657
240,4,person,1203,479,1262,642
240,6,person,1328,469,1368,622
240,8,person,1348,467,1420,638
240,12,person,1465,493,1518,662
240,18,person,1523,468,1608,631
240,19,person,1688,440,1730,544
240,24,person,1771,439,1839,586
240,26,car,1522,393,1812,537
240,29,person,1625,431,1673,576
240,30,person,1659,509,1758,648
240,33,car,1710,384,1918,503
240,35,person,1309,432,1361,578
240,36,person,1847,415,1904,563
240,37,person,1650,508,1723,672
241,1,car,843,483,1121,657
241,4,person,1205,479,1261,641
241,6,person,1324,470,1366,622
241,8,person,1338,471,1420,638
241,12,person,1465,494,1517,661
241,18,person,1525,466,1603,630
241,19,person,1686,441,1728,547
241,21,car,1850,364,1919,404
241,24,person,1770,443,1838,587
241,26,car,1521,393,1811,535
241,29,person,1625,431,1671,576
241,30,person,1651,509,1755,672
241,33,car,1712,385,1919,492
241,35,person,1299,432,1356,591
241,36,person,1843,416,1904,563
241,37,person,1651,509,1721,672
242,1,car,843,483,1121,657
242,4,person,1201,479,1259,642
242,6,person,1321,473,1365,622
242,8,person,1343,469,1421,638
242,12,person,1461,493,1512,662
242,18,person,1525,471,1593,630
242,19,person,1684,445,1726,551
242,24,person,1769,443,1838,587
242,26,car,1522,393,1812,537
242,29,person,1626,434,1669,577
242,30,person,1668,506,1753,648
242,33,car,1710,385,1919,492
242,35,person,1298,433,1357,589
242,36,person,1841,416,1904,563
242,37,person,1650,507,1716,673
243,1,car,843,483,1121,657
243,4,person,1202,479,1256,642
243,6,person,1316,473,1364,620
243,8,person,1341,469,1420,641
243,12,person,1460,494,1507,662
243,18,person,1523,472,1583,629
243,19,person,1682,447,1723,553
243,24,person,1769,442,1834,587
243,26,car,1521,393,1812,539
243,29,person,1624,433,1668,578
243,30,person,1651,508,1744,657
243,33,car,1709,386,1919,493
243,35,person,1298,439,1358,606
243,36,person,1840,418,1904,565
243,37,person,1650,505,1714,673
244,1,car,843,483,1121,658
244,4,person,1199,479,1254,645
244,6,person,1316,472,1362,620
244,8,person,1338,471,1420,642
244,12,person,1456,496,1505,663
244,18,person,1524,470,1574,631
244,19,person,1679,445,1723,552
244,24,person,1769,441,1831,586
244,26,car,1521,394,1811,539
244,29,person,1624,435,1666,578
244,30,person,1649,509,1735,673
244,33,car,1709,384,1918,497
244,35,person,1297,441,1353,605
244,36,person,1840,416,1903,566
244,37,person,1647,507,1707,674
245,1,car,843,483,1120,658
245,4,person,1193,480,1252,645
245,6,person,1311,471,1358,623
245,8,person,1338,473,1415,643
245,12,person,1453,497,1503,664
245,18,person,1519,468,1565,631
245,19,person,1678,446,1720,554
245,21,car,1849,366,1919,400
245,24,person,1769,440,1828,586
245,26,car,1522,394,1808,540
245,29,person,1623,433,1663,578
245,30,person,1645,498,1723,673
245,33,car,1709,384,1919,505
245,35,person,1296,455,1360,621
245,36,person,1840,414,1903,565
245,37,person,1645,503,1701,675
246,1,car,843,483,1120,658
246,4,person,1189,480,1251,646
246,8,person,1337,473,1414,643
246,12,person,1450,496,1504,664
246,18,person,1500,467,1561,633
246,19,person,1675,446,1721,558
246,24,person,1769,440,1826,586
246,26,car,1522,394,1804,537
246,29,person,1619,433,1660,578
246,30,person,1638,498,1716,673
246,33,car,1710,384,1919,511
246,35,person,1288,469,1358,622
246,36,person,1839,413,1901,565
247,1,car,843,483,1121,657
247,4,person,1184,481,1251,647
247,8,person,1331,473,1409,644
247,12,person,1447,495,1502,664
247,18,person,1511,465,1559,633
247,19,person,1676,446,1720,555
247,24,person,1769,440,1823,586
247,26,car,1522,394,1795,538
247,29,person,1615,431,1656,576
247,30,person,1639,500,1712,673
247,33,car,1709,384,1920,519
247,35,person,1285,476,1355,621
247,36,person,1838,415,1895,565
248,1,car,843,483,1122,657
248,4,person,1184,482,1250,649
248,8,person,1332,475,1405,643
248,12,person,1440,496,1500,664
248,18,person,1503,469,1558,633
248,19,person,1675,448,1719,560
248,24,person,1770,445,1818,585
248,26,car,1522,394,1789,541
248,29,person,1612,431,1655,576
248,30,person,1634,500,1705,674
248,33,car,1709,383,1918,525
248,35,person,1280,474,1354,622
248,36,person,1838,415,1889,565
249,1,car,843,483,1122,657
249,2,car,1709,385,1920,483
249,4,person,1185,484,1250,650
249,8,person,1332,476,1399,643
249,12,person,1430,498,1499,665
249,18,person,1493,475,1557,631
249,19,person,1672,448,1720,587
249,24,person,1770,441,1817,584
249,26,car,1522,394,1787,542
249,29,person,1607,435,1653,575
249,30,person,1633,507,1696,676
249,33,car,1707,385,1920,524
249,35,person,1277,473,1351,623
249,36,person,1833,416,1886,564
250,1,car,843,483,1123,657
250,4,person,1187,486,1249,651
250,8,person,1332,477,1391,645
250,12,person,1423,499,1498,666
250,18,person,1491,475,1557,631
250,19,person,1672,446,1718,592
250,24,person,1769,445,1813,585
250,26,car,1522,394,1787,539
250,29,person,1602,435,1651,576
250,30,person,1625,509,1693,675
250,33,car,1712,383,1919,522
250,35,person,1276,474,1350,625
250,36,person,1833,416,1882,564
250,39,person,1634,463,1676,563
251,1,car,843,483,1123,658
251,4,person,1187,486,1249,651
251,8,person,1333,477,1386,644
251,12,person,1417,500,1495,667
251,18,person,1487,475,1556,631
251,19,person,1668,445,1717,596
251,24,person,1766,444,1812,587
251,26,car,1522,395,1783,535
251,29,person,1593,430,1647,578
251,30,person,1615,512,1691,675
251,33,car,1712,383,1919,522
251,35,person,1277,473,1351,627
251,36,person,1833,413,1877,565
252,1,car,843,484,1123,658
252,4,person,1186,488,1248,653
252,8,person,1330,475,1382,646
252,12,person,1413,501,1494,667
252,18,person,1484,477,1555,631
252,19,person,1670,450,1719,592
252,21,car,1849,368,1919,400
252,24,person,1762,444,1810,588
252,26,car,1522,396,1777,535
252,29,person,1586,429,1645,578
252,30,person,1607,512,1688,675
252,33,car,1711,384,1919,523
252,35,person,1276,479,1347,627
252,36,person,1825,415,1874,567
252,37,person,1626,511,1700,654
252,39,person,1627,461,1671,566
252,40,person,1292,439,1340,518
253,1,car,843,483,1123,657
253,4,person,1186,488,1248,653
253,8,person,1329,475,1381,646
253,12,person,1411,501,1494,668
253,18,person,1478,476,1556,632
253,19,person,1668,450,1718,595
253,24,person,1757,442,1811,588
253,26,car,1522,395,1780,532
253,29,person,1584,435,1642,580
253,30,person,1600,507,1685,675
253,33,car,1712,383,1919,523
253,35,person,1279,472,1344,626
253,36,person,1821,410,1873,569
253,37,person,1612,499,1699,654
253,40,person,1288,438,1339,507
254,1,car,843,483,1123,658
254,4,person,1184,487,1247,654
254,8,person,1328,475,1379,644
254,12,person,1410,503,1493,669
254,18,person,1480,475,1554,632
254,19,person,1666,451,1713,602
254,24,person,1753,443,1807,587
254,26,car,1522,395,1779,534
254,29,person,1581,437,1639,581
254,30,person,1599,504,1685,676
254,33,car,1712,383,1919,523
254,35,person,1278,472,1344,626
254,36,person,1816,412,1872,573
254,37,person,1605,494,1701,655
254,40,person,1287,437,1337,503
255,1,car,843,483,1123,658
255,4,person,1181,487,1240,654
255,8,person,1325,475,1377,645
255,12,person,1411,504,1492,669
255,18,person,1480,477,1547,633
255,19,person,1666,452,1710,602
255,24,person,1743,444,1805,589
255,25,car,1850,373,1919,436
255,26,car,1522,396,1778,534
255,29,person,1580,438,1640,582
255,30,person,1599,506,1684,676
255,33,car,1711,384,1919,521
255,35,person,1277,470,1338,627
255,36,person,1815,416,1870,564
255,37,person,1603,499,1702,658
255,40,person,1286,438,1336,503
256,1,car,843,483,1123,658
256,4,person,1178,490,1234,655
256,8,person,1318,477,1375,644
256,12,person,1409,504,1492,669
256,18,person,1471,477,1540,632
256,19,person,1665,452,1707,603
256,24,person,1738,444,1804,590
256,25,car,1850,374,1919,437
256,26,car,1522,396,1774,534
256,29,person,1579,439,1639,583
256,30,person,1596,506,1682,676
256,33,car,1711,384,1919,522
256,35,person,1277,476,1335,627
256,36,person,1811,417,1867,565
256,37,person,1603,501,1702,658
256,40,person,1284,439,1335,513
257,1,car,844,483,1123,658
257,4,person,1175,491,1230,655
257,8,person,1313,478,1373,644
257,12,person,1409,505,1493,670
257,18,person,1470,475,1533,634
257,19,person,1663,456,1705,606
257,24,person,1733,439,1803,590
257,25,car,1849,373,1919,435
257,26,car,1522,397,1773,537
257,29,person,1579,437,1637,582
257,30,person,1597,507,1682,677
257,33,car,1710,384,1918,522
257,35,person,1277,475,1330,627
257,36,person,1807,416,1867,570
257,37,person,1604,501,1698,659
258,1,car,844,483,1123,658
258,4,person,1173,491,1229,656
258,8,person,1307,478,1371,645
258,12,person,1410,503,1490,670
258,18,person,1470,476,1527,633
258,19,person,1661,452,1706,601
258,21,car,1849,372,1918,410
258,24,person,1732,439,1802,589
258,25,car,1849,373,1919,435
258,26,car,1522,396,1774,537
258,29,person,1581,437,1630,584
258,30,person,1598,506,1686,675
258,33,car,1711,384,1919,523
258,35,person,1278,476,1328,628
258,36,person,1806,419,1866,569
258,40,person,1281,438,1333,512
259,1,car,844,483,1123,658
259,4,person,1172,490,1227,657
259,8,person,1299,478,1370,646
259,12,person,1410,503,1487,669
259,18,person,1466,475,1520,635
259,19,person,1660,453,1705,601
259,21,car,1849,372,1918,412
259,24,person,1733,437,1801,591
259,25,car,1849,375,1919,437
259,26,car,1523,395,1781,538
259,29,person,1581,438,1627,584
259,30,person,1597,507,1681,676
259,33,car,1711,384,1919,522
259,35,person,1276,476,1328,629
259,36,person,1797,420,1865,568
259,40,person,1280,439,1332,512
260,1,car,844,483,1123,658
260,4,person,1167,492,1224,660
260,8,person,1295,479,1367,647
260,12,person,1409,501,1483,671
260,18,person,1466,475,1517,635
260,19,person,1660,452,1704,604
260,24,person,1730,437,1800,591
260,25,car,1849,373,1919,435
260,26,car,1522,398,1798,540
260,29,person,1583,440,1629,585
260,30,person,1595,508,1676,676
260,33,car,1711,384,1919,523
260,35,person,1273,477,1325,629
260,36,person,1794,422,1865,568
260,40,person,1279,441,1330,507
261,1,car,844,483,1123,658
261,4,person,1165,492,1224,660
261,8,person,1288,480,1367,647
261,12,person,1409,503,1478,670
261,18,person,1465,475,1515,637
261,19,person,1660,454,1703,606
261,24,person,1729,442,1798,590
261,25,car,1850,372,1919,434
261,26,car,1522,398,1814,541
261,29,person,1585,440,1629,583
261,30,person,1595,508,1673,676
261,33,car,1712,384,1919,522
261,35,person,1269,476,1325,631
261,36,person,1792,422,1865,568
261,40,person,1279,441,1330,510
262,1,car,844,483,1123,658
262,4,person,1162,493,1221,660
262,8,person,1286,478,1364,647
262,12,person,1408,500,1474,671
262,18,person,1461,473,1511,636
262,19,person,1656,450,1701,605
262,24,person,1730,441,1797,589
262,25,car,1850,379,1919,438
262,26,car,1522,398,1831,542
262,29,person,1588,439,1628,585
262,30,person,1596,507,1667,676
262,33,car,1714,384,1919,522
262,35,person,1268,475,1321,638
262,36,person,1791,421,1865,568
262,40,person,1280,441,1329,506
263,1,car,844,483,1123,658
263,4,person,1157,493,1218,664
263,8,person,1279,478,1364,648
263,12,person,1408,503,1470,672
263,18,person,1456,474,1509,635
263,19,person,1655,452,1700,606
263,21,car,1850,370,1919,415
263,24,person,1729,443,1795,589
263,25,car,1850,378,1919,438
263,26,car,1522,397,1829,545
263,29,person,1586,439,1630,594
263,30,person,1596,503,1662,674
263,33,car,1713,384,1919,522
263,35,person,1266,477,1321,636
263,36,person,1791,417,1866,569
264,1,car,844,484,1123,658
264,4,person,1152,495,1216,663
264,8,person,1281,480,1363,649
264,12,person,1403,503,1465,671
264,18,person,1453,476,1506,637
264,19,person,1649,453,1698,606
264,21,car,1849,370,1918,415
264,24,person,1728,445,1794,590
264,25,car,1849,377,1919,438
264,26,car,1522,396,1822,554
264,30,person,1596,501,1655,673
264,33,car,1712,384,1919,523
264,35,person,1261,478,1321,636
264,36,person,1791,421,1866,570
265,1,car,844,484,1123,658
265,4,person,1151,495,1214,663
265,8,person,1284,481,1362,649
265,12,person,1400,500,1457,671
265,18,person,1444,477,1503,637
265,19,person,1647,454,1699,606
265,24,person,1727,443,1791,591
265,25,car,1850,381,1919,438
265,26,car,1521,398,1808,545
265,30,person,1595,494,1652,673
265,33,car,1711,386,1918,522
265,35,person,1257,476,1318,636
265,36,person,1788,418,1863,570
265,40,person,1278,441,1327,512
265,43,person,1570,440,1620,615
266,1,car,844,483,1123,658
266,2,car,1776,386,1919,527
266,4,person,1149,496,1215,665
266,8,person,1283,482,1362,649
266,12,person,1397,501,1455,672
266,18,person,1440,478,1501,636
266,19,person,1644,453,1698,606
266,21,car,1848,372,1918,417
266,24,person,1728,442,1787,591
266,25,car,1850,374,1919,435
266,26,car,1522,397,1800,543
266,30,person,1591,492,1652,673
266,33,car,1711,385,1918,524
266,35,person,1252,478,1315,633
266,36,person,1786,422,1861,571
266,40,person,1276,441,1324,518
266,43,person,1569,440,1618,618
267,1,car,844,483,1122,658
267,4,person,1144,496,1211,666
267,8,person,1282,481,1360,649
267,12,person,1392,502,1455,674
267,18,person,1437,478,1501,636
267,19,person,1643,452,1698,605
267,21,car,1849,371,1918,411
267,24,person,1728,441,1784,591
267,25,car,1850,372,1919,435
267,26,car,1521,397,1796,542
267,29,person,1578,443,1616,592
267,30,person,1586,496,1650,673
267,33,car,1713,386,1918,523
267,35,person,1249,475,1312,637
267,36,person,1783,425,1861,570
267,40,person,1276,441,1322,516
267,43,person,1570,441,1617,613
268,1,car,844,483,1122,658
268,4,person,1142,498,1209,667
268,8,person,1281,482,1357,650
268,12,person,1387,501,1453,674
268,18,person,1433,478,1502,637
268,19,person,1642,451,1697,606
268,24,person,1728,442,1781,591
268,26,car,1521,397,1786,543
268,29,person,1576,440,1617,598
268,30,person,1588,503,1643,674
268,33,car,1713,385,1918,523
268,35,person,1248,478,1311,635
268,36,person,1785,423,1856,569
268,37,person,1597,499,1650,650
268,40,person,1273,441,1322,515
269,1,car,844,484,1123,658
269,4,person,1140,497,1208,667
269,8,person,1282,482,1357,650
269,12,person,1384,502,1451,676
269,18,person,1432,479,1500,638
269,19,person,1641,450,1696,606
269,24,person,1726,444,1779,593
269,26,car,1523,394,1780,543
269,30,person,1582,508,1649,670
269,33,car,1715,385,1918,524
269,35,person,1248,477,1306,637
269,36,person,1782,419,1852,569
269,37,person,1592,500,1650,648
269,40,person,1273,441,1321,516
270,1,car,844,484,1123,658
270,4,person,1139,498,1203,666
270,8,person,1281,483,1354,650
270,12,person,1383,503,1451,676
270,18,person,1430,482,1500,638
270,19,person,1640,450,1696,607
270,24,person,1725,445,1776,590
270,26,car,1522,394,1777,542
270,30,person,1573,511,1630,675
270,33,car,1712,384,1918,523
270,35,person,1245,477,1305,638
270,36,person,1781,417,1848,567
270,37,person,1585,513,1651,651
270,42,person,1891,420,1919,581
271,1,car,844,484,1123,658
271,4,person,1137,498,1201,666
271,8,person,1282,482,1353,650
271,12,person,1379,505,1448,676
271,18,person,1430,482,1499,638
271,19,person,1640,449,1695,607
271,24,person,1722,446,1775,592
271,26,car,1523,394,1778,541
271,30,person,1564,509,1629,673
271,33,car,1712,384,1918,523
271,35,person,1244,479,1302,638
271,36,person,1780,413,1841,567
271,37,person,1588,511,1652,651
271,42,person,1888,415,1919,583
272,1,car,845,484,1124,658
272,4,person,1134,498,1196,666
272,8,person,1282,484,1348,649
272,12,person,1376,506,1443,676
272,18,person,1426,480,1497,639
272,19,person,1638,450,1694,608
272,24,person,1721,447,1774,593
272,26,car,1523,394,1780,541
272,30,person,1557,505,1628,673
272,33,car,1712,384,1918,523
272,35,person,1243,480,1300,638
272,36,person,1780,412,1836,566
272,37,person,1600,504,1650,647
272,42,person,1886,428,1919,585
273,1,car,845,484,1124,658
273,4,person,1133,499,1195,667
273,8,person,1281,485,1344,649
273,12,person,1375,506,1442,676
273,18,person,1425,482,1495,637
273,19,person,1637,453,1693,608
273,24,person,1722,450,1774,594
273,26,car,1523,395,1783,538
273,30,person,1551,506,1628,673
273,33,car,1713,384,1918,523
273,35,person,1241,481,1299,638
273,36,person,1774,419,1832,566
273,42,person,1884,428,1919,586
274,1,car,844,484,1124,658
274,4,person,1132,500,1192,667
274,8,person,1280,484,1340,650
274,12,person,1372,506,1440,676
274,18,person,1422,483,1490,638
274,19,person,1633,452,1692,609
274,24,person,1719,449,1768,594
274,26,car,1522,396,1847,539
274,30,person,1548,511,1629,673
274,33,car,1714,384,1918,519
274,35,person,1240,478,1295,637
274,36,person,1774,418,1828,568
274,40,person,1268,443,1314,513
274,42,person,1877,431,1919,585
275,1,car,845,484,1125,658
275,4,person,1130,499,1188,667
275,8,person,1279,483,1338,650
275,12,person,1368,508,1441,679
275,18,person,1418,482,1486,638
275,19,person,1631,452,1689,608
275,24,person,1712,447,1764,594
275,26,car,1523,396,1844,538
275,30,person,1550,508,1629,675
275,33,car,1713,384,1918,520
275,35,person,1238,476,1293,637
275,36,person,1774,416,1821,571
275,40,person,1267,445,1312,511
275,42,person,1869,435,1919,586
275,43,person,1560,438,1612,528
276,1,car,845,483,1125,658
276,2,car,1751,386,1917,542
276,4,person,1129,500,1193,666
276,8,person,1276,482,1339,651
276,12,person,1367,509,1442,679
276,18,person,1416,480,1481,638
276,19,person,1631,452,1687,607
276,21,car,1844,379,1919,408
276,24,person,1707,447,1767,594
276,26,car,1522,397,1844,533
276,30,person,1546,510,1628,676
276,33,car,1712,384,1918,515
276,35,person,1237,478,1288,638
276,36,person,1773,415,1817,572
276,40,person,1267,445,1312,512
276,42,person,1861,434,1919,586
276,43,person,1558,439,1609,526
277,1,car,845,483,1124,658
277,4,person,1126,499,1182,665
277,8,person,1276,481,1338,654
277,12,person,1366,510,1439,679
277,18,person,1411,479,1473,636
277,19,person,1629,453,1685,607
277,21,car,1837,379,1919,410
277,24,person,1705,447,1760,594
277,26,car,1523,396,1845,530
277,30,person,1547,511,1626,675
277,33,car,1714,384,1918,514
277,35,person,1235,478,1290,637
277,36,person,1769,411,1815,571
277,40,person,1266,446,1311,515
277,42,person,1861,434,1919,586
277,43,person,1558,439,1606,525
278,1,car,845,483,1124,658
278,2,car,1739,385,1916,547
278,4,person,1125,500,1182,665
278,8,person,1279,483,1335,656
278,12,person,1366,510,1438,679
278,18,person,1410,479,1465,637
278,19,person,1626,453,1686,608
278,21,car,1792,380,1919,414
278,24,person,1702,448,1758,594
278,26,car,1524,396,1844,532
278,30,person,1547,507,1625,676
278,33,car,1712,384,1918,513
278,35,person,1234,479,1286,637
278,36,person,1768,411,1813,570
278,40,person,1265,446,1309,517
278,42,person,1852,434,1919,587
278,43,person,1557,440,1605,528
279,1,car,845,483,1123,658
279,4,person,1119,501,1183,667
279,8,person,1277,483,1335,657
279,12,person,1367,512,1438,678
279,18,person,1407,477,1458,638
279,19,person,1624,455,1683,608
279,21,car,1830,381,1919,415
279,24,person,1699,448,1756,595
279,26,car,1523,396,1845,531
279,30,person,1546,510,1621,676
279,33,car,1712,385,1918,514
279,35,person,1230,480,1283,639
279,36,person,1765,410,1812,569
279,40,person,1263,446,1307,519
279,42,person,1857,434,1919,587
279,43,person,1554,442,1603,535
279,44,car,1851,369,1919,412
280,1,car,845,483,1125,658
280,4,person,1107,502,1184,667
280,8,person,1275,483,1333,660
280,12,person,1366,512,1436,678
280,18,person,1404,477,1453,637
280,19,person,1623,454,1681,610
280,21,car,1804,382,1919,417
280,24,person,1698,449,1757,595
280,26,car,1523,396,1844,531
280,30,person,1546,514,1619,676
280,33,car,1712,385,1918,514
280,35,person,1231,480,1280,638
280,36,person,1763,412,1811,568
280,40,person,1262,446,1307,522
280,42,person,1854,435,1919,588
280,44,car,1851,370,1919,407
281,1,car,845,483,1123,658
281,4,person,1103,502,1182,669
281,8,person,1269,485,1330,658
281,12,person,1366,511,1432,679
281,18,person,1401,477,1450,640
281,19,person,1619,455,1681,609
281,21,car,1792,382,1919,419
281,24,person,1697,451,1757,597
281,26,car,1523,395,1839,534
281,30,person,1543,513,1615,677
281,33,car,1713,385,1918,514
281,35,person,1225,481,1280,638
281,36,person,1763,412,1810,568
281,40,person,1260,447,1305,522
281,42,person,1853,435,1919,588
281,43,person,1551,465,1599,531
281,44,car,1852,370,1919,408
282,1,car,845,483,1122,658
282,4,person,1102,504,1181,669
282,8,person,1263,485,1328,659
282,12,person,1367,510,1425,679
282,18,person,1397,477,1446,640
282,19,person,1617,453,1682,614
282,21,car,1786,382,1919,418
282,24,person,1696,453,1756,597
282,26,car,1523,395,1837,534
282,30,person,1543,512,1610,677
282,33,car,1712,384,1918,516
282,35,person,1216,483,1278,638
282,36,person,1761,416,1809,567
282,40,person,1258,448,1304,522
282,42,person,1853,435,1919,588
282,43,person,1549,459,1597,532
282,44,car,1852,370,1919,407
283,1,car,845,483,1121,658
283,4,person,1102,505,1179,671
283,8,person,1259,487,1324,659
283,12,person,1366,508,1420,680
283,18,person,1396,478,1444,638
283,19,person,1615,452,1680,615
283,21,car,1805,382,1919,416
283,24,person,1694,454,1753,597
283,25,car,1852,371,1919,427
283,26,car,1524,395,1836,532
283,30,person,1543,511,1605,676
283,33,car,1712,384,1918,516
283,35,person,1208,486,1278,639
283,36,person,1758,417,1808,568
283,40,person,1253,448,1302,521
283,42,person,1854,434,1916,587
283,44,car,1851,369,1919,404
284,1,car,845,483,1119,658
284,4,person,1102,505,1176,672
284,8,person,1252,487,1321,660
284,12,person,1363,509,1412,679
284,18,person,1391,479,1439,640
284,19,person,1615,453,1678,615
284,21,car,1812,381,1919,413
284,24,person,1693,456,1749,597
284,25,car,1851,370,1919,425
284,26,car,1523,395,1835,544
284,30,person,1539,510,1599,676
284,33,car,1710,384,1918,517
284,35,person,1202,484,1276,639
284,36,person,1755,417,1807,571
284,40,person,1252,449,1301,522
284,42,person,1851,435,1912,588
284,44,car,1850,369,1919,408
285,1,car,845,483,1117,658
285,4,person,1099,506,1174,673
285,8,person,1251,487,1317,662
285,12,person,1360,509,1407,680
285,18,person,1390,480,1438,641
285,19,person,1611,454,1678,617
285,21,car,1833,382,1919,411
285,24,person,1692,455,1746,596
285,25,car,1851,370,1919,424
285,26,car,1522,397,1837,545
285,30,person,1535,508,1596,675
285,33,car,1711,385,1918,515
285,35,person,1198,485,1275,639
285,36,person,1754,417,1807,573
285,40,person,1250,451,1300,526
285,42,person,1855,435,1909,587
285,44,car,1850,369,1919,407
286,1,car,846,483,1114,658
286,4,person,1100,504,1173,673
286,8,person,1248,489,1316,662
286,12,person,1358,509,1406,679
286,18,person,1388,481,1438,639
286,19,person,1611,454,1675,616
286,24,person,1693,456,1742,597
286,25,car,1850,371,1919,424
286,26,car,1522,397,1838,546
286,30,person,1534,510,1596,677
286,33,car,1710,385,1918,515
286,35,person,1198,484,1274,640
286,36,person,1752,417,1806,574
286,40,person,1249,451,1298,526
286,42,person,1855,436,1906,588
286,44,car,1849,369,1919,407
287,1,car,846,483,1113,658
287,4,person,1099,504,1170,674
287,8,person,1249,490,1313,663
287,12,person,1354,509,1401,679
287,18,person,1383,483,1438,637
287,19,person,1609,454,1672,616
287,24,person,1692,454,1739,596
287,25,car,1850,371,1919,426
287,26,car,1522,397,1839,545
287,30,person,1534,512,1586,678
287,33,car,1710,385,1918,514
287,35,person,1197,485,1274,641
287,36,person,1751,417,1806,575
287,40,person,1248,451,1298,527
287,42,person,1853,436,1902,588
287,44,car,1849,370,1919,407
288,1,car,846,483,1111,658
288,4,person,1099,506,1168,674
288,8,person,1248,490,1311,664
288,12,person,1350,509,1400,680
288,18,person,1381,484,1437,639
288,19,person,1607,454,1671,617
288,24,person,1691,453,1739,596
288,25,car,1850,371,1919,431
288,26,car,1523,398,1838,541
288,30,person,1530,515,1586,677
288,33,car,1710,387,1920,527
288,35,person,1197,485,1271,642
288,36,person,1743,417,1805,574
288,40,person,1245,451,1298,528
288,42,person,1849,437,1900,587
288,44,car,1849,370,1919,404
289,1,car,847,483,1110,658
289,4,person,1098,506,1161,673
289,8,person,1248,490,1309,663
289,12,person,1345,510,1397,680
289,18,person,1377,485,1437,639
289,19,person,1609,455,1668,617
289,24,person,1689,451,1733,596
289,25,car,1850,371,1919,428
289,26,car,1522,398,1837,540
289,30,person,1528,511,1583,677
289,33,car,1711,386,1920,528
289,35,person,1195,485,1271,643
289,36,person,1740,416,1807,574
289,40,person,1241,451,1295,527
289,42,person,1848,436,1898,588
290,1,car,846,483,1110,658
290,4,person,1096,505,1153,674
290,8,person,1246,491,1307,664
290,12,person,1336,511,1397,680
290,18,person,1369,483,1434,639
290,19,person,1611,455,1666,618
290,24,person,1686,447,1734,595
290,25,car,1851,372,1919,429
290,26,car,1523,397,1827,541
290,30,person,1519,513,1579,677
290,33,car,1710,385,1919,523
290,35,person,1194,485,1269,644
290,36,person,1739,422,1803,574
290,40,person,1239,451,1295,531
290,42,person,1845,436,1894,588
291,1,car,846,483,1108,658
291,4,person,1095,505,1147,673
291,8,person,1247,492,1303,665
291,12,person,1328,511,1395,680
291,18,person,1370,483,1432,640
291,19,person,1611,455,1665,618
291,24,person,1683,452,1731,596
291,26,car,1523,397,1829,540
291,30,person,1512,515,1578,676
291,33,car,1709,385,1918,521
291,35,person,1194,484,1267,643
291,36,person,1738,421,1798,573
291,40,person,1239,451,1294,535
291,42,person,1841,436,1895,588
292,1,car,846,483,1107,659
292,4,person,1093,505,1139,674
292,8,person,1246,493,1300,665
292,12,person,1321,513,1394,681
292,18,person,1369,487,1428,642
292,19,person,1612,457,1664,619
292,24,person,1678,454,1729,596
292,26,car,1523,397,1831,539
292,30,person,1501,514,1577,677
292,33,car,1709,385,1918,525
292,35,person,1194,486,1264,645
292,36,person,1736,420,1793,574
292,40,person,1239,450,1293,534
292,42,person,1834,436,1891,587
293,1,car,846,483,1105,658
293,4,person,1090,507,1138,676
293,8,person,1246,495,1296,664
293,12,person,1312,513,1394,682
293,18,person,1366,489,1423,642
293,19,person,1613,458,1662,619
293,24,person,1671,454,1727,596
293,26,car,1523,397,1849,536
293,30,person,1496,513,1576,676
293,33,car,1709,385,1918,525
293,35,person,1195,484,1263,644
293,36,person,1734,419,1789,576
293,40,person,1237,451,1293,538
293,42,person,1825,439,1889,587
294,1,car,846,483,1104,658
294,4,person,1087,508,1136,678
294,8,person,1243,494,1294,666
294,12,person,1311,515,1392,680
294,19,person,1612,457,1660,620
294,24,person,1663,454,1725,597
294,26,car,1523,397,1852,537
294,30,person,1495,515,1576,677
294,33,car,1710,385,1918,524
294,35,person,1194,485,1256,644
294,36,person,1731,419,1787,573
294,40,person,1237,451,1292,536
294,42,person,1818,442,1888,588
294,46,person,1365,484,1412,641
295,1,car,846,483,1102,658
295,4,person,1086,509,1135,679
295,8,person,1241,497,1294,667
295,12,person,1309,516,1392,681
295,19,person,1613,458,1658,621
295,24,person,1658,457,1724,597
295,26,car,1523,396,1850,539
295,30,person,1493,516,1576,677
295,33,car,1710,385,1918,524
295,35,person,1194,485,1250,644
295,36,person,1729,418,1784,574
295,40,person,1236,451,1293,539
295,42,person,1809,447,1887,589
295,46,person,1363,483,1406,636
296,1,car,846,484,1098,658
296,4,person,1080,510,1131,680
296,8,person,1240,500,1291,667
296,12,person,1308,515,1393,683
296,19,person,1610,458,1656,620
296,24,person,1652,455,1723,597
296,26,car,1525,396,1848,540
296,30,person,1490,513,1576,676
296,33,car,1709,385,1918,523
296,35,person,1193,488,1248,644
296,36,person,1724,418,1782,575
296,40,person,1236,453,1292,540
296,42,person,1807,450,1886,589
296,46,person,1359,482,1399,639
297,1,car,845,484,1098,658
297,4,person,1071,509,1129,683
297,8,person,1236,497,1291,666
297,12,person,1306,514,1391,682
297,19,person,1608,461,1654,621
297,24,person,1650,454,1723,597
297,26,car,1527,396,1849,539
297,30,person,1490,512,1575,677
297,33,car,1709,385,1918,522
297,35,person,1189,488,1245,647
297,36,person,1722,417,1780,574
297,40,person,1234,452,1291,536
297,42,person,1806,442,1886,589
297,46,person,1355,482,1394,633
298,1,car,846,483,1093,658
298,4,person,1065,510,1127,682
298,8,person,1235,500,1289,667
298,12,person,1306,514,1390,682
298,19,person,1608,463,1653,620
298,24,person,1649,454,1722,597
298,25,car,1850,372,1919,435
298,26,car,1528,396,1850,540
298,30,person,1490,510,1575,677
298,33,car,1708,385,1919,523
298,35,person,1187,487,1242,647
298,36,person,1720,417,1778,573
298,40,person,1233,453,1291,537
298,42,person,1807,437,1886,590
298,46,person,1349,483,1391,633
299,1,car,846,484,1091,658
299,4,person,1063,513,1125,683
299,8,person,1230,502,1287,666
299,12,person,1306,511,1390,684
299,19,person,1605,462,1652,620
299,24,person,1648,453,1723,597
299,25,car,1849,372,1919,434
299,26,car,1529,396,1846,538
299,30,person,1489,507,1572,677
299,33,car,1707,385,1919,524
299,35,person,1182,487,1240,648
299,36,person,1717,417,1777,572
299,40,person,1232,455,1292,541
299,42,person,1805,444,1885,590
299,46,person,1345,481,1390,642
300,1,car,845,483,1090,658
300,4,person,1057,515,1126,684
300,8,person,1225,497,1285,666
300,12,person,1306,511,1388,683
300,19,person,1602,461,1650,620
300,24,person,1647,451,1723,598
300,25,car,1850,372,1919,436
300,26,car,1526,396,1846,542
300,30,person,1489,511,1569,677
300,33,car,1710,386,1919,524
300,35,person,1178,486,1238,649
300,36,person,1713,417,1777,572
300,40,person,1232,455,1292,544
300,42,person,1802,444,1885,590
300,46,person,1343,483,1389,642
301,1,car,845,483,1088,658
301,4,person,1055,516,1125,684
301,8,person,1218,501,1283,668
301,12,person,1306,511,1386,681
301,19,person,1598,461,1649,620
301,24,person,1648,448,1718,597
301,25,car,1849,373,1919,437
301,26,car,1526,395,1849,539
301,30,person,1486,514,1565,678
301,33,car,1719,385,1918,523
301,35,person,1174,487,1238,651
301,36,person,1709,416,1778,573
301,40,person,1232,455,1292,544
301,42,person,1803,442,1885,589
301,46,person,1343,480,1387,647
302,1,car,846,483,1088,658
302,4,person,1053,515,1124,685
302,8,person,1211,500,1282,668
302,12,person,1306,514,1381,683
302,19,person,1597,461,1647,620
302,24,person,1648,449,1716,597
302,25,car,1850,372,1919,436
302,26,car,1523,395,1842,537
302,30,person,1486,513,1560,678
302,33,car,1719,385,1918,522
302,35,person,1171,490,1236,653
302,36,person,1708,416,1779,572
302,40,person,1231,457,1291,547
302,42,person,1802,441,1883,589
302,45,person,1505,470,1568,588
302,46,person,1343,499,1386,645
303,1,car,845,483,1087,658
303,4,person,1053,516,1123,685
303,8,person,1208,499,1281,668
303,12,person,1306,510,1376,684
303,19,person,1593,462,1645,620
303,24,person,1646,449,1714,597
303,25,car,1850,372,1919,435
303,26,car,1525,395,1839,537
303,30,person,1485,512,1554,678
303,33,car,1714,384,1918,523
303,35,person,1169,491,1232,652
303,36,person,1706,417,1779,573
303,40,person,1230,458,1287,547
303,42,person,1803,439,1881,588
303,45,person,1497,465,1566,589
303,46,person,1336,487,1385,643
304,1,car,845,483,1117,660
304,4,person,1056,544,1119,685
304,8,person,1204,503,1280,668
304,12,person,1304,509,1372,685
304,19,person,1588,462,1644,620
304,24,person,1646,450,1709,598
304,25,car,1850,372,1919,435
304,26,car,1530,395,1835,539
304,30,person,1484,511,1553,678
304,33,car,1715,384,1918,523
304,35,person,1165,492,1230,654
304,36,person,1705,416,1779,573
304,40,person,1230,458,1287,548
304,42,person,1802,435,1877,589
304,46,person,1335,489,1384,646
305,1,car,845,483,1116,660
305,8,person,1205,504,1279,669
305,12,person,1302,510,1367,684
305,19,person,1581,462,1642,620
305,24,person,1647,449,1706,597
305,26,car,1528,395,1830,539
305,30,person,1480,510,1551,677
305,33,car,1713,385,1918,523
305,35,person,1163,493,1228,653
305,36,person,1702,419,1780,573
305,40,person,1230,460,1286,549
305,42,person,1801,435,1873,589
305,45,person,1505,446,1559,589
305,46,person,1335,509,1382,647
306,1,car,845,483,1117,659
306,8,person,1201,496,1278,670
306,12,person,1300,511,1361,684
306,19,person,1575,461,1642,621
306,24,person,1646,450,1698,597
306,26,car,1526,395,1824,540
306,30,person,1476,509,1546,677
306,33,car,1713,384,1918,522
306,35,person,1160,493,1225,653
306,36,person,1699,418,1776,572
306,40,person,1231,459,1286,551
306,42,person,1802,434,1869,586
306,45,person,1501,447,1552,585
306,46,person,1332,513,1382,647
306,47,person,1043,519,1100,687
307,1,car,845,483,1119,659
307,8,person,1203,496,1279,671
307,12,person,1298,514,1355,684
307,19,person,1572,462,1641,621
307,24,person,1645,449,1694,598
307,26,car,1525,396,1824,540
307,30,person,1480,511,1530,678
307,33,car,1713,385,1918,525
307,35,person,1159,491,1224,656
307,36,person,1697,417,1775,573
307,40,person,1231,459,1285,552
307,42,person,1802,435,1862,586
307,46,person,1328,503,1381,647
307,47,person,1041,516,1096,687
308,1,car,845,483,1125,659
308,8,person,1201,498,1279,671
308,12,person,1294,518,1349,685
308,19,person,1569,461,1640,621
308,24,person,1642,449,1689,597
308,26,car,1525,396,1818,538
308,30,person,1477,507,1530,678
308,33,car,1714,385,1918,525
308,35,person,1157,492,1222,655
308,36,person,1697,418,1775,573
308,40,person,1230,459,1285,554
308,42,person,1802,434,1858,587
308,46,person,1316,491,1378,646
308,47,person,1038,517,1095,685
308,48,person,1498,447,1546,553
309,1,car,845,483,1126,659
309,8,person,1199,499,1276,670
309,12,person,1289,518,1344,686
309,19,person,1568,462,1640,621
309,24,person,1640,449,1685,598
309,26,car,1525,396,1816,537
309,30,person,1475,502,1529,680
309,33,car,1711,384,1918,522
309,35,person,1155,493,1219,654
309,36,person,1696,417,1773,572
309,40,person,1226,458,1285,556
309,42,person,1801,436,1853,586
309,46,person,1318,486,1369,646
309,47,person,1037,518,1091,685
309,48,person,1497,446,1544,551
310,1,car,844,483,1125,660
310,8,person,1199,498,1274,672
310,12,person,1285,515,1343,688
310,19,person,1570,464,1639,622
310,24,person,1635,448,1683,598
310,26,car,1524,397,1816,534
310,30,person,1470,508,1527,681
310,33,car,1711,384,1918,522
310,35,person,1154,492,1217,655
310,36,person,1696,416,1767,570
310,40,person,1224,457,1284,570
310,42,person,1800,438,1849,585
310,46,person,1315,488,1365,627
310,47,person,1035,520,1090,684
310,48,person,1496,447,1540,544
311,1,car,844,483,1126,659
311,8,person,1198,497,1271,670
311,12,person,1284,515,1341,689
311,19,person,1570,462,1638,622
311,24,person,1627,450,1681,598
311,26,car,1523,396,1816,532
311,30,person,1462,508,1525,680
311,33,car,1710,384,1918,522
311,35,person,1153,493,1215,655
311,36,person,1695,416,1757,570
311,40,person,1223,457,1284,558
311,42,person,1799,439,1844,587
311,46,person,1308,483,1365,644
311,47,person,1033,520,1088,684
311,48,person,1495,446,1538,544
311,50,handbag,1508,582,1536,636
312,1,car,844,483,1125,659
312,8,person,1200,499,1269,669
312,12,person,1279,516,1340,690
312,19,person,1569,463,1637,622
312,24,person,1624,449,1679,596
312,26,car,1524,396,1815,527
312,30,person,1455,511,1523,679
312,33,car,1711,384,1918,522
312,35,person,1152,493,1211,655
312,36,person,1695,415,1754,569
312,40,person,1223,456,1283,603
312,42,person,1798,438,1844,589
312,46,person,1301,482,1355,609
312,47,person,1029,518,1089,684
312,48,person,1493,448,1537,545
313,1,car,846,482,1126,658
313,8,person,1200,501,1266,668
313,12,person,1274,519,1338,689
313,19,person,1569,462,1635,622
313,24,person,1624,449,1677,595
313,26,car,1524,394,1818,523
313,30,person,1450,509,1524,679
313,33,car,1711,384,1918,521
313,35,person,1152,490,1207,655
313,36,person,1695,416,1751,568
313,40,person,1228,456,1283,610
313,42,person,1792,439,1843,589
313,46,person,1293,481,1345,606
313,47,person,1015,517,1088,685
313,48,person,1491,449,1533,546
314,1,car,843,483,1128,658
314,8,person,1198,501,1262,669
314,12,person,1272,517,1337,688
314,19,person,1568,462,1633,622
314,24,person,1622,450,1676,596
314,26,car,1524,393,1817,507
314,30,person,1448,509,1521,681
314,33,car,1712,384,1918,521
314,35,person,1149,491,1203,657
314,36,person,1695,416,1751,568
314,40,person,1227,456,1283,613
314,42,person,1782,444,1837,589
314,46,person,1292,481,1345,590
314,47,person,1005,516,1088,686
314,48,person,1489,450,1531,550
315,1,car,843,483,1130,659
315,8,person,1196,495,1258,669
315,12,person,1268,516,1336,690
315,19,person,1568,463,1632,622
315,24,person,1621,452,1675,596
315,26,car,1523,393,1816,507
315,30,person,1446,509,1520,682
315,33,car,1713,384,1918,521
315,35,person,1148,491,1200,656
315,36,person,1694,416,1752,568
315,40,person,1227,456,1284,614
315,42,person,1776,445,1836,589
315,46,person,1294,482,1344,585
315,47,person,999,516,1088,685
315,48,person,1488,451,1530,549
316,1,car,843,483,1129,659
316,8,person,1193,499,1256,670
316,12,person,1265,521,1336,690
316,19,person,1568,463,1630,622
316,24,person,1620,453,1672,596
316,26,car,1524,393,1817,505
316,30,person,1446,509,1521,682
316,33,car,1714,384,1918,521
316,35,person,1146,492,1197,656
316,36,person,1694,416,1749,569
316,40,person,1226,456,1286,617
316,42,person,1768,444,1836,589
316,46,person,1290,481,1343,586
316,47,person,998,515,1086,686
316,48,person,1487,451,1529,558
317,1,car,843,483,1126,659
317,8,person,1192,497,1255,668
317,12,person,1262,517,1335,691
317,19,person,1568,465,1628,622
317,24,person,1617,452,1671,597
317,26,car,1524,393,1814,505
317,30,person,1445,509,1518,682
317,33,car,1713,384,1918,521
317,35,person,1143,494,1195,655
317,36,person,1694,418,1749,569
317,40,person,1225,457,1284,617
317,42,person,1765,444,1832,589
317,46,person,1288,482,1342,598
317,47,person,997,516,1087,687
317,48,person,1485,452,1527,567
318,1,car,844,483,1125,658
318,8,person,1189,498,1251,669
318,12,person,1259,526,1335,693
318,19,person,1567,463,1625,622
318,24,person,1616,452,1669,597
318,26,car,1523,393,1814,505
318,30,person,1445,511,1517,683
318,33,car,1713,384,1918,521
318,35,person,1140,494,1193,655
318,36,person,1690,418,1751,569
318,40,person,1224,458,1284,615
318,42,person,1763,443,1831,588
318,46,person,1281,481,1342,588
318,47,person,997,515,1086,687
318,48,person,1482,452,1524,591
318,52,person,1282,483,1340,627
318,53,person,1444,480,1501,573
319,1,car,844,483,1124,658
319,8,person,1183,499,1248,672
319,12,person,1259,527,1335,692
319,19,person,1566,464,1620,623
319,24,person,1615,453,1669,597
319,26,car,1523,393,1818,507
319,30,person,1445,515,1518,683
319,33,car,1716,384,1918,522
319,35,person,1133,494,1192,656
319,36,person,1691,419,1748,570
319,40,person,1223,458,1284,616
319,42,person,1762,440,1831,588
319,46,person,1282,483,1342,599
319,47,person,996,519,1084,687
319,48,person,1480,453,1523,593
320,1,car,844,483,1123,658
320,8,person,1182,498,1247,673
320,12,person,1258,527,1333,693
320,19,person,1565,468,1616,623
320,24,person,1612,453,1668,597
320,25,car,1851,369,1919,409
320,26,car,1520,390,1827,530
320,30,person,1444,515,1515,683
320,33,car,1717,384,1918,522
320,35,person,1127,496,1190,656
320,36,person,1690,419,1748,570
320,40,person,1222,460,1283,620
320,42,person,1757,440,1831,588
320,46,person,1281,485,1340,599
320,47,person,995,521,1081,688
320,48,person,1479,454,1521,591
321,1,car,844,483,1123,658
321,8,person,1179,500,1243,678
321,12,person,1258,528,1332,693
321,19,person,1564,467,1613,622
321,24,person,1614,455,1664,594
321,25,car,1851,368,1919,407
321,26,car,1520,390,1829,530
321,30,person,1443,517,1511,682
321,33,car,1716,384,1918,522
321,35,person,1121,495,1187,658
321,36,person,1686,417,1749,572
321,40,person,1221,460,1280,621
321,42,person,1756,441,1832,589
321,46,person,1279,485,1338,606
321,47,person,994,525,1078,688
321,48,person,1477,455,1518,588
321,53,person,1448,483,1494,547
322,1,car,844,483,1124,658
322,8,person,1179,500,1243,676
322,12,person,1259,526,1328,694
322,19,person,1562,464,1612,625
322,24,person,1613,455,1660,597
322,25,car,1851,369,1919,408
322,26,car,1521,390,1836,531
322,30,person,1442,519,1509,682
322,33,car,1717,384,1918,522
322,35,person,1111,495,1186,659
322,36,person,1685,417,1748,572
322,40,person,1218,459,1279,622
322,42,person,1755,442,1830,590
322,46,person,1279,484,1335,608
322,47,person,993,522,1073,688
322,48,person,1475,453,1517,596
322,53,person,1446,483,1491,543
323,1,car,844,483,1123,658
323,8,person,1175,502,1235,679
323,12,person,1259,523,1325,694
323,19,person,1562,465,1610,627
323,24,person,1611,454,1657,599
323,25,car,1851,369,1919,412
323,26,car,1523,391,1841,529
323,30,person,1438,517,1505,682
323,33,car,1715,384,1918,522
323,35,person,1111,498,1187,658
323,36,person,1683,418,1748,572
323,40,person,1218,461,1277,623
323,42,person,1755,442,1829,591
323,47,person,993,521,1065,689
323,48,person,1475,454,1516,601
323,52,person,1283,489,1333,633
323,53,person,1444,484,1490,545
324,1,car,845,484,1122,658
324,8,person,1169,503,1232,680
324,12,person,1258,518,1321,693
324,19,person,1557,467,1608,628
324,24,person,1609,457,1652,600
324,25,car,1850,368,1919,400
324,26,car,1524,392,1839,530
324,30,person,1436,515,1500,683
324,33,car,1715,384,1918,522
324,35,person,1109,499,1186,659
324,36,person,1679,418,1748,574
324,40,person,1217,461,1278,624
324,42,person,1755,443,1827,590
324,47,person,991,523,1058,689
324,48,person,1473,454,1512,604
324,52,person,1283,485,1331,624
325,1,car,844,484,1122,658
325,8,person,1166,504,1230,678
325,12,person,1258,522,1313,694
325,19,person,1553,470,1607,630
325,24,person,1608,457,1650,600
325,25,car,1851,368,1919,400
325,26,car,1524,391,1837,530
325,30,person,1437,517,1495,683
325,33,car,1715,384,1918,522
325,35,person,1106,499,1185,659
325,36,person,1678,418,1748,574
325,40,person,1215,461,1276,624
325,42,person,1754,442,1822,590
325,47,person,989,523,1052,688
325,48,person,1471,455,1510,601
325,52,person,1282,489,1331,639
326,1,car,845,484,1122,658
326,8,person,1159,504,1229,679
326,12,person,1256,517,1308,693
326,19,person,1555,469,1605,630
326,24,person,1605,456,1648,601
326,25,car,1851,369,1919,401
326,26,car,1526,392,1835,530
326,30,person,1433,518,1490,682
326,33,car,1715,384,1918,522
326,35,person,1105,500,1183,660
326,36,person,1676,418,1747,575
326,40,person,1214,461,1272,626
326,42,person,1755,441,1820,590
326,47,person,983,523,1043,688
326,48,person,1470,454,1507,600
326,52,person,1282,490,1331,649
326,54,car,1850,377,1919,408
327,1,car,845,483,1122,659
327,8,person,1154,505,1230,680
327,12,person,1253,517,1301,692
327,19,person,1541,466,1605,631
327,24,person,1603,454,1646,603
327,25,car,1851,368,1919,402
327,26,car,1526,392,1836,530
327,30,person,1434,514,1488,682
327,33,car,1715,384,1918,521
327,35,person,1106,499,1182,659
327,36,person,1678,419,1744,576
327,40,person,1213,464,1269,625
327,42,person,1754,439,1814,590
327,47,person,980,522,1034,689
327,48,person,1469,455,1505,605
327,52,person,1281,485,1331,655
327,54,car,1850,377,1919,408
327,55,car,1851,369,1919,416
327,56,car,1850,369,1919,435
328,1,car,845,484,1120,660
328,8,person,1150,505,1229,680
328,12,person,1247,519,1297,693
328,19,person,1543,465,1600,630
328,24,person,1600,454,1643,603
328,25,car,1850,369,1919,401
328,26,car,1525,394,1839,534
328,30,person,1426,512,1487,682
328,33,car,1715,384,1918,522
328,35,person,1105,499,1177,660
328,36,person,1679,419,1741,576
328,40,person,1211,466,1267,622
328,42,person,1754,438,1811,590
328,47,person,975,523,1031,693
328,48,person,1467,456,1505,605
328,52,person,1279,489,1329,653
328,54,car,1849,377,1919,408
329,1,car,845,483,1118,658
329,8,person,1151,505,1226,681
329,12,person,1245,522,1296,693
329,19,person,1537,467,1599,630
329,24,person,1596,454,1642,603
329,25,car,1851,368,1919,400
329,26,car,1525,394,1840,533
329,30,person,1430,515,1484,683
329,33,car,1716,384,1918,521
329,35,person,1104,497,1176,659
329,36,person,1677,419,1738,576
329,40,person,1209,465,1264,625
329,42,person,1755,437,1802,591
329,47,person,971,524,1028,694
329,48,person,1466,455,1502,603
329,52,person,1278,489,1328,653
329,54,car,1850,377,1919,409
329,55,car,1851,369,1919,421
329,57,person,1418,488,1469,649
330,1,car,845,483,1116,658
330,8,person,1151,506,1224,681
330,12,person,1242,521,1295,694
330,19,person,1537,467,1597,629
330,24,person,1597,455,1640,603
330,25,car,1851,368,1919,401
330,26,car,1525,394,1841,532
330,30,person,1428,517,1482,682
330,33,car,1717,384,1918,522
330,35,person,1105,498,1174,659
330,36,person,1676,418,1737,577
330,40,person,1207,465,1262,626
330,42,person,1754,437,1798,592
330,47,person,965,525,1027,695
330,48,person,1463,455,1500,604
330,52,person,1278,489,1327,652
330,54,car,1850,376,1919,409
330,55,car,1851,368,1919,421
330,57,person,1419,489,1467,648
331,1,car,846,483,1114,657
331,8,person,1151,506,1223,681
331,12,person,1237,524,1294,694
331,19,person,1535,466,1597,631
331,24,person,1594,455,1640,603
331,25,car,1851,367,1919,404
331,26,car,1524,394,1841,531
331,30,person,1421,523,1479,682
331,33,car,1718,384,1918,521
331,35,person,1105,498,1171,659
331,36,person,1673,417,1736,577
331,40,person,1207,465,1260,626
331,42,person,1754,438,1796,591
331,47,person,962,529,1023,697
331,48,person,1462,456,1499,604
331,52,person,1276,488,1327,651
331,54,car,1850,376,1919,409
331,55,car,1851,368,1919,420
331,57,person,1418,488,1469,650
332,1,car,846,484,1114,654
332,8,person,1150,507,1217,681
332,12,person,1229,524,1292,695
332,19,person,1535,465,1597,633
332,24,person,1587,456,1639,601
332,26,car,1524,394,1841,529
332,30,person,1413,521,1477,683
332,33,car,1716,384,1918,522
332,35,person,1104,498,1168,660
332,36,person,1671,418,1735,575
332,40,person,1205,465,1258,628
332,42,person,1752,439,1795,591
332,47,person,960,528,1023,697
332,48,person,1459,458,1497,606
332,52,person,1274,487,1326,652
332,54,car,1850,377,1919,408
332,55,car,1851,368,1919,420
332,57,person,1410,488,1466,655
333,1,car,845,484,1113,653
333,8,person,1149,506,1210,683
333,12,person,1220,522,1286,694
333,19,person,1534,471,1596,633
333,24,person,1577,456,1638,604
333,25,car,1851,367,1919,402
333,26,car,1522,394,1841,529
333,30,person,1405,522,1477,683
333,33,car,1716,384,1918,521
333,35,person,1103,498,1154,664
333,36,person,1664,417,1735,574
333,40,person,1204,465,1258,627
333,42,person,1750,438,1792,592
333,47,person,960,528,1022,697
333,48,person,1458,459,1496,605
333,52,person,1273,487,1326,651
333,54,car,1849,377,1919,408
333,57,person,1404,490,1468,670
334,1,car,845,484,1110,645
334,8,person,1150,506,1204,684
334,12,person,1212,522,1285,695
334,19,person,1534,474,1592,633
334,24,person,1573,455,1639,603
334,26,car,1522,394,1843,530
334,30,person,1400,522,1476,683
334,33,car,1714,383,1918,521
334,35,person,1101,498,1153,665
334,36,person,1666,419,1732,574
334,40,person,1202,466,1258,626
334,42,person,1743,439,1789,591
334,47,person,955,527,1025,698
334,48,person,1455,459,1496,609
334,52,person,1273,487,1325,652
334,54,car,1851,377,1919,407
334,58,person,1409,487,1460,615
335,1,car,845,484,1110,645
335,8,person,1151,507,1201,683
335,12,person,1206,523,1284,695
335,19,person,1533,477,1587,633
335,24,person,1566,459,1636,605
335,26,car,1521,394,1843,530
335,30,person,1397,520,1475,683
335,33,car,1713,383,1918,521
335,35,person,1097,497,1149,662
335,36,person,1667,420,1731,572
335,40,person,1201,467,1258,627
335,42,person,1737,436,1788,590
335,47,person,952,527,1024,700
335,48,person,1454,460,1494,607
335,52,person,1271,488,1323,652
335,54,car,1851,378,1919,408
335,58,person,1405,487,1458,619
336,1,car,844,484,1110,645
336,8,person,1148,507,1196,683
336,12,person,1202,523,1284,696
336,19,person,1534,478,1583,633
336,24,person,1566,457,1635,606
336,26,car,1520,393,1843,529
336,30,person,1395,520,1475,683
336,33,car,1713,383,1918,521
336,35,person,1093,498,1146,664
336,36,person,1665,419,1731,573
336,40,person,1199,468,1256,627
336,42,person,1728,436,1786,589
336,47,person,945,527,1023,700
336,48,person,1452,458,1492,610
336,52,person,1269,490,1322,653
336,54,car,1851,378,1919,408
336,58,person,1401,487,1457,625
337,1,car,845,483,1109,644
337,8,person,1143,507,1195,681
337,12,person,1202,526,1283,696
337,19,person,1534,476,1582,634
337,24,person,1567,456,1634,608
337,26,car,1521,393,1843,531
337,30,person,1393,518,1475,683
337,33,car,1712,383,1918,521
337,35,person,1095,499,1144,668
337,36,person,1660,420,1730,574
337,40,person,1196,468,1254,627
337,42,person,1722,434,1787,589
337,47,person,948,531,1020,699
337,48,person,1450,459,1491,609
337,52,person,1268,490,1320,654
337,54,car,1851,378,1919,407
337,58,person,1397,488,1455,635
338,1,car,844,483,1107,643
338,8,person,1141,508,1190,682
338,12,person,1199,526,1283,698
338,19,person,1534,476,1579,633
338,24,person,1568,455,1631,606
338,26,car,1522,393,1843,531
338,30,person,1391,519,1475,682
338,33,car,1712,383,1918,521
338,35,person,1090,500,1142,670
338,36,person,1659,421,1727,576
338,40,person,1195,468,1251,626
338,42,person,1721,436,1786,589
338,47,person,951,529,1018,699
338,48,person,1448,460,1490,608
338,52,person,1267,490,1319,654
338,58,person,1395,490,1450,639
339,1,car,844,484,1106,646
339,8,person,1136,506,1187,681
339,12,person,1198,529,1282,697
339,19,person,1532,471,1576,632
339,24,person,1566,455,1629,606
339,26,car,1521,393,1843,532
339,30,person,1392,520,1474,682
339,33,car,1712,384,1918,520
339,35,person,1086,500,1143,672
339,36,person,1662,422,1724,577
339,40,person,1193,468,1251,625
339,42,person,1719,436,1786,589
339,47,person,948,529,1013,699
339,48,person,1445,460,1490,606
339,52,person,1265,491,1318,654
339,58,person,1387,490,1444,645
340,1,car,844,484,1106,649
340,8,person,1133,509,1185,682
340,12,person,1197,530,1282,699
340,19,person,1527,471,1573,632
340,24,person,1567,454,1628,607
340,26,car,1521,392,1844,531
340,30,person,1393,519,1472,683
340,33,car,1713,384,1918,521
340,35,person,1085,501,1141,667
340,36,person,1664,422,1724,578
340,40,person,1192,469,1249,623
340,42,person,1713,435,1786,589
340,47,person,936,530,1006,699
340,48,person,1441,460,1489,606
340,52,person,1264,492,1318,655
340,58,person,1379,488,1445,643
341,1,car,845,483,1109,652
341,8,person,1125,509,1185,681
341,12,person,1197,528,1282,699
341,19,person,1527,471,1571,632
341,24,person,1563,454,1624,608
341,26,car,1520,392,1845,530
341,30,person,1392,516,1472,683
341,33,car,1714,384,1918,521
341,35,person,1071,502,1139,673
341,36,person,1664,422,1723,577
341,40,person,1191,469,1249,617
341,42,person,1710,437,1786,590
341,47,person,932,531,1003,700
341,48,person,1439,464,1488,605
341,52,person,1263,493,1317,656
341,58,person,1370,489,1444,647
342,1,car,845,483,1102,651
342,8,person,1116,510,1183,681
342,12,person,1198,528,1281,699
342,19,person,1525,468,1569,632
342,24,person,1563,454,1618,608
342,26,car,1520,393,1845,533
342,30,person,1392,517,1469,683
342,33,car,1713,383,1918,521
342,35,person,1067,503,1136,670
342,36,person,1661,423,1719,576
342,40,person,1191,470,1247,622
342,42,person,1708,436,1786,589
342,47,person,929,531,1000,699
342,48,person,1434,461,1487,605
342,52,person,1262,492,1317,657
342,58,person,1366,489,1444,650
343,1,car,844,483,1119,648
343,8,person,1106,507,1183,681
343,12,person,1197,529,1279,699
343,19,person,1520,472,1568,632
343,24,person,1561,455,1615,609
343,26,car,1520,393,1846,533
343,30,person,1391,517,1465,683
343,33,car,1714,383,1918,521
343,35,person,1067,500,1132,670
343,36,person,1658,422,1717,576
343,40,person,1191,471,1247,597
343,42,person,1709,436,1786,589
343,47,person,925,532,991,699
343,48,person,1433,462,1487,603
343,52,person,1259,492,1316,658
343,58,person,1363,489,1432,648
344,1,car,844,483,1097,647
344,8,person,1099,507,1182,682
344,12,person,1198,527,1276,698
344,19,person,1515,475,1568,632
344,24,person,1560,455,1609,607
344,26,car,1521,392,1845,532
344,30,person,1391,518,1463,683
344,33,car,1714,383,1918,521
344,35,person,1064,502,1130,670
344,36,person,1658,422,1719,577
344,40,person,1191,472,1245,591
344,42,person,1708,434,1785,589
344,47,person,927,529,989,700
344,48,person,1431,461,1486,606
344,52,person,1257,493,1315,657
344,58,person,1364,489,1436,649
345,1,car,845,483,1095,647
345,8,person,1096,511,1180,683
345,12,person,1197,526,1270,698
345,19,person,1507,477,1565,632
345,24,person,1558,455,1607,605
345,26,car,1521,392,1845,535
345,30,person,1391,517,1460,683
345,33,car,1712,383,1918,521
345,35,person,1061,508,1128,674
345,36,person,1655,421,1709,578
345,40,person,1190,472,1244,586
345,42,person,1712,436,1782,591
345,47,person,926,528,989,697
345,48,person,1428,461,1487,606
345,52,person,1258,493,1315,661
345,58,person,1365,489,1437,650
346,1,car,845,483,1092,647
346,8,person,1094,511,1179,682
346,12,person,1197,525,1266,698
346,19,person,1501,475,1564,633
346,24,person,1555,454,1605,608
346,26,car,1521,392,1844,536
346,30,person,1391,518,1454,683
346,33,car,1713,383,1918,521
346,35,person,1061,509,1124,674
346,36,person,1652,421,1707,577
346,40,person,1189,472,1241,572
346,42,person,1711,437,1781,591
346,47,person,925,529,987,697
346,48,person,1426,461,1483,607
346,52,person,1257,493,1313,661
346,58,person,1365,491,1428,651
347,1,car,844,483,1090,648
347,8,person,1094,511,1179,683
347,12,person,1197,526,1262,699
347,19,person,1496,476,1564,633
347,24,person,1555,454,1604,610
347,26,car,1522,392,1844,534
347,30,person,1391,519,1450,683
347,33,car,1713,383,1918,521
347,35,person,1061,509,1121,674
347,36,person,1650,421,1707,576
347,40,person,1189,474,1241,586
347,42,person,1710,436,1779,589
347,47,person,918,529,987,698
347,48,person,1425,461,1477,608
347,52,person,1255,493,1311,660
347,58,person,1364,492,1421,652
348,1,car,845,483,1082,646
348,8,person,1091,510,1178,684
348,12,person,1195,527,1256,699
348,19,person,1492,478,1564,633
348,24,person,1554,454,1603,611
348,26,car,1521,393,1845,535
348,30,person,1391,518,1445,683
348,33,car,1713,383,1918,521
348,35,person,1060,509,1118,675
348,36,person,1651,421,1706,575
348,40,person,1188,474,1239,575
348,42,person,1710,436,1775,589
348,47,person,910,526,984,701
348,48,person,1423,461,1472,610
348,52,person,1253,494,1310,661
348,54,car,1854,376,1919,407
348,58,person,1365,492,1417,653
349,1,car,844,483,1075,647
349,8,person,1088,510,1177,685
349,12,person,1192,527,1249,698
349,19,person,1493,478,1563,634
349,24,person,1552,456,1601,610
349,26,car,1522,393,1844,535
349,30,person,1390,516,1439,683
349,33,car,1713,383,1918,521
349,35,person,1060,510,1114,676
349,36,person,1648,423,1702,576
349,40,person,1186,474,1240,572
349,42,person,1710,436,1769,591
349,47,person,901,525,984,701
349,48,person,1423,461,1470,612
349,52,person,1250,493,1310,661
349,54,car,1854,375,1919,407
349,58,person,1364,493,1412,654
350,1,car,844,483,1073,648
350,8,person,1087,511,1175,685
350,12,person,1186,528,1243,701
350,19,person,1493,477,1563,634
350,24,person,1549,456,1600,609
350,26,car,1523,393,1845,536
350,30,person,1388,516,1438,685
350,33,car,1713,383,1918,520
350,35,person,1059,510,1111,678
350,36,person,1644,423,1699,573
350,40,person,1185,475,1237,570
350,42,person,1710,436,1765,590
350,47,person,896,525,985,702
350,48,person,1421,460,1468,614
350,52,person,1248,494,1311,662
350,54,car,1853,374,1919,409
350,58,person,1365,492,1411,655
351,1,car,844,483,1071,649
351,8,person,1086,509,1173,684
351,12,person,1182,529,1239,703
351,19,person,1493,475,1562,634
351,24,person,1549,456,1599,608
351,26,car,1522,393,1845,535
351,30,person,1387,517,1439,686
351,33,car,1713,383,1918,521
351,35,person,1057,510,1108,677
351,36,person,1636,422,1701,576
351,40,person,1184,475,1236,569
351,42,person,1709,437,1760,590
351,47,person,895,523,985,703
351,48,person,1420,461,1466,615
351,52,person,1247,494,1311,662
351,54,car,1853,374,1919,408
351,58,person,1364,493,1408,655
352,1,car,845,483,1067,649
352,8,person,1086,512,1171,686
352,12,person,1180,529,1237,704
352,19,person,1492,476,1562,635
352,24,person,1547,458,1599,608
352,26,car,1522,393,1845,536
352,30,person,1386,520,1437,686
352,33,car,1713,383,1918,521
352,35,person,1054,509,1104,676
352,36,person,1631,423,1700,575
352,40,person,1183,476,1235,568
352,42,person,1710,437,1755,589
352,47,person,894,520,983,703
352,48,person,1418,462,1461,613
352,52,person,1245,495,1312,663
352,54,car,1852,373,1919,408
352,58,person,1363,493,1405,654
353,1,car,846,483,1066,650
353,8,person,1086,511,1167,686
353,12,person,1176,529,1235,705
353,19,person,1492,477,1561,635
353,24,person,1544,460,1598,606
353,26,car,1523,394,1845,536
353,30,person,1381,522,1438,687
353,33,car,1713,383,1918,521
353,35,person,1053,509,1101,675
353,36,person,1630,421,1700,575
353,40,person,1183,475,1234,570
353,42,person,1707,437,1750,588
353,47,person,894,517,984,704
353,48,person,1416,464,1462,616
353,52,person,1245,495,1315,665
353,54,car,1853,373,1919,408
353,58,person,1363,492,1406,654
354,1,car,845,483,1061,649
354,8,person,1085,511,1165,686
354,12,person,1173,528,1232,706
354,19,person,1492,477,1559,635
354,24,person,1540,460,1598,605
354,26,car,1523,393,1845,534
354,30,person,1376,522,1433,689
354,33,car,1713,383,1918,521
354,35,person,1050,510,1099,676
354,36,person,1629,421,1699,575
354,40,person,1183,476,1232,567
354,42,person,1706,436,1747,591
354,47,person,894,520,984,705
354,48,person,1414,464,1460,612
354,52,person,1246,496,1318,665
354,58,person,1359,490,1405,652
355,1,car,846,483,1062,652
355,8,person,1085,510,1159,687
355,12,person,1168,529,1231,709
355,19,person,1492,478,1557,635
355,24,person,1539,461,1597,607
355,26,car,1523,393,1846,533
355,30,person,1373,524,1432,690
355,33,car,1714,383,1918,521
355,35,person,1046,511,1095,675
355,36,person,1628,422,1699,576
355,40,person,1182,476,1232,573
355,42,person,1706,435,1746,592
355,47,person,893,530,981,705
355,48,person,1414,466,1459,612
355,52,person,1247,495,1320,665
355,58,person,1358,493,1401,652
356,1,car,846,483,1059,652
356,8,person,1084,510,1151,686
356,12,person,1164,533,1230,708
356,19,person,1492,478,1555,635
356,24,person,1539,460,1597,607
356,26,car,1523,393,1846,533
356,30,person,1368,522,1432,688
356,33,car,1714,383,1918,521
356,35,person,1040,511,1094,675
356,36,person,1629,423,1699,576
356,40,person,1182,477,1229,570
356,42,person,1702,437,1745,594
356,47,person,892,531,980,705
356,48,person,1412,468,1458,612
356,52,person,1249,496,1320,666
356,58,person,1357,495,1401,651
357,1,car,846,483,1057,654
357,8,person,1084,507,1146,683
357,12,person,1161,532,1229,707
357,19,person,1491,479,1554,636
357,24,person,1538,462,1597,609
357,26,car,1523,393,1846,533
357,30,person,1365,523,1430,689
357,33,car,1713,383,1918,521
357,35,person,1029,509,1092,676
357,36,person,1629,424,1699,577
357,40,person,1181,477,1227,566
357,42,person,1697,436,1743,593
357,47,person,887,530,980,706
357,48,person,1410,467,1455,611
357,52,person,1251,496,1319,666
357,58,person,1355,494,1400,653
358,1,car,846,483,1055,656
358,8,person,1083,512,1139,687
358,12,person,1159,532,1229,707
358,19,person,1489,478,1548,635
358,24,person,1536,460,1586,609
358,25,car,1850,368,1919,400
358,26,car,1522,393,1845,533
358,30,person,1362,524,1429,691
358,33,car,1715,383,1918,522
358,35,person,1022,508,1092,672
358,36,person,1627,422,1697,579
358,40,person,1179,479,1226,564
358,42,person,1689,435,1740,591
358,47,person,883,528,978,707
358,48,person,1410,468,1454,612
358,52,person,1255,497,1321,667
358,54,car,1851,374,1919,408
358,58,person,1352,493,1398,654
359,1,car,846,483,1051,657
359,8,person,1082,512,1136,690
359,12,person,1157,535,1228,708
359,19,person,1490,477,1544,635
359,24,person,1535,462,1583,610
359,25,car,1850,369,1919,400
359,26,car,1522,393,1845,532
359,30,person,1363,525,1424,691
359,33,car,1714,383,1918,522
359,35,person,1014,515,1090,672
359,36,person,1628,422,1698,579
359,40,person,1177,479,1224,563
359,42,person,1684,435,1740,591
359,47,person,878,529,975,706
359,48,person,1409,471,1453,613
359,52,person,1257,497,1321,667
359,54,car,1852,375,1919,409
359,58,person,1351,493,1397,655
360,1,car,846,483,1048,658
360,8,person,1079,512,1134,688
360,12,person,1154,537,1230,710
360,19,person,1484,478,1541,637
360,24,person,1532,462,1580,610
360,25,car,1850,369,1919,399
360,26,car,1522,393,1845,533
360,30,person,1363,524,1423,692
360,33,car,1714,383,1918,522
360,35,person,1008,514,1090,674
360,36,person,1628,422,1696,580
360,40,person,1174,479,1224,566
360,42,person,1679,438,1740,592
360,47,person,875,521,967,706
360,48,person,1407,471,1451,614
360,52,person,1259,498,1320,668
360,54,car,1853,375,1918,408
360,58,person,1344,492,1397,655
361,1,car,846,482,1050,658
361,8,person,1079,513,1131,690
361,12,person,1152,539,1228,711
361,19,person,1486,478,1539,637
361,24,person,1531,464,1577,612
361,26,car,1522,394,1845,534
361,30,person,1362,528,1423,693
361,33,car,1715,383,1918,522
361,35,person,1007,516,1089,675
361,36,person,1627,424,1692,580
361,40,person,1173,480,1222,572
361,42,person,1676,441,1740,592
361,47,person,877,517,953,707
361,48,person,1404,471,1449,614
361,52,person,1260,498,1320,667
361,58,person,1340,494,1393,654
362,1,car,846,483,1045,657
362,8,person,1073,512,1130,689
362,12,person,1151,536,1228,713
362,19,person,1476,478,1540,642
362,24,person,1530,464,1574,613
362,26,car,1523,393,1845,534
362,30,person,1361,529,1423,693
362,33,car,1714,384,1918,521
362,35,person,1005,516,1097,681
362,36,person,1627,425,1690,579
362,40,person,1171,480,1220,578
362,42,person,1676,440,1740,593
362,47,person,872,515,947,706
362,48,person,1404,471,1448,614
362,52,person,1260,500,1320,667
362,54,car,1853,375,1919,410
362,58,person,1335,495,1390,652
363,1,car,846,483,1043,657
363,8,person,1064,512,1129,691
363,12,person,1152,535,1224,712
363,19,person,1468,477,1540,640
363,24,person,1530,467,1574,613
363,26,car,1523,393,1846,535
363,30,person,1361,529,1422,693
363,33,car,1714,384,1918,521
363,35,person,1003,516,1090,676
363,36,person,1626,420,1685,580
363,40,person,1170,480,1217,586
363,42,person,1675,443,1740,594
363,47,person,864,527,940,706
363,48,person,1404,471,1445,616
363,52,person,1260,498,1322,666
363,58,person,1331,497,1388,654
364,1,car,845,483,1044,657
364,8,person,1058,514,1126,692
364,12,person,1153,533,1221,712
364,19,person,1466,478,1539,642
364,24,person,1529,470,1571,612
364,26,car,1521,396,1846,534
364,30,person,1360,529,1421,693
364,33,car,1714,384,1918,521
364,35,person,1002,515,1084,678
364,36,person,1623,419,1684,579
364,42,person,1674,444,1739,594
364,47,person,864,516,945,710
364,48,person,1400,470,1442,614
364,52,person,1259,498,1323,667
364,58,person,1327,498,1384,655
364,61,person,1168,481,1216,640
365,1,car,845,483,1036,657
365,8,person,1052,513,1122,693
365,12,person,1152,533,1215,712
365,19,person,1465,477,1533,644
365,24,person,1526,470,1570,610
365,26,car,1522,395,1846,538
365,30,person,1359,529,1418,692
365,33,car,1713,383,1918,521
365,35,person,1003,513,1079,675
365,36,person,1620,420,1680,580
365,42,person,1672,444,1739,595
365,47,person,855,530,943,711
365,48,person,1401,470,1438,615
365,52,person,1260,499,1324,668
365,58,person,1325,499,1383,657
365,61,person,1166,483,1216,636
366,1,car,844,483,1033,656
366,8,person,1046,514,1120,691
366,12,person,1151,534,1209,713
366,19,person,1479,479,1534,645
366,24,person,1523,471,1568,612
366,25,car,1851,368,1919,399
366,26,car,1521,395,1846,536
366,30,person,1360,529,1416,694
366,33,car,1713,383,1918,521
366,35,person,1003,513,1076,675
366,36,person,1615,420,1673,581
366,42,person,1672,442,1738,595
366,47,person,851,531,940,714
366,48,person,1398,470,1437,616
366,52,person,1261,498,1326,666
366,54,car,1851,375,1919,408
366,58,person,1330,498,1381,657
366,61,person,1164,483,1214,637
367,1,car,844,483,1031,656
367,8,person,1044,514,1119,692
367,12,person,1150,532,1202,713
367,19,person,1470,479,1532,646
367,24,person,1519,470,1567,613
367,26,car,1522,395,1846,536
367,30,person,1360,529,1416,694
367,33,car,1713,383,1918,521
367,35,person,1002,515,1071,676
367,36,person,1611,420,1674,581
367,42,person,1671,439,1737,594
367,47,person,850,535,935,712
367,48,person,1396,470,1434,615
367,52,person,1261,499,1328,666
367,54,car,1860,382,1919,441
367,58,person,1328,499,1378,658
367,61,person,1163,483,1213,639
368,1,car,844,483,1030,657
368,8,person,1040,515,1119,694
368,12,person,1146,533,1197,712
368,19,person,1467,477,1530,643
368,24,person,1518,470,1566,614
368,26,car,1523,396,1846,537
368,30,person,1355,525,1412,689
368,33,car,1713,383,1918,521
368,35,person,1001,512,1061,677
368,36,person,1608,420,1672,583
368,42,person,1671,438,1735,594
368,47,person,849,537,926,714
368,48,person,1393,469,1432,614
368,52,person,1261,500,1329,666
368,54,car,1860,383,1919,441
368,58,person,1328,498,1376,658
368,61,person,1159,483,1211,641
369,1,car,842,482,1032,657
369,8,person,1039,515,1118,696
369,12,person,1144,532,1195,713
369,19,person,1468,478,1527,644
369,24,person,1512,470,1563,614
369,26,car,1523,395,1846,536
369,30,person,1356,527,1411,690
369,33,car,1712,383,1918,521
369,35,person,1002,514,1057,676
369,36,person,1610,421,1668,582
369,40,person,1158,483,1208,592
369,42,person,1671,439,1735,593
369,47,person,841,542,920,713
369,48,person,1392,469,1430,617
369,52,person,1261,500,1328,667
369,58,person,1325,498,1374,665
369,61,person,1158,483,1208,637
370,1,car,841,483,1029,656
370,8,person,1038,515,1116,695
370,12,person,1139,534,1189,713
370,19,person,1465,479,1523,646
370,24,person,1509,470,1563,614
370,26,car,1522,396,1846,536
370,30,person,1355,530,1408,690
370,33,car,1713,383,1918,520
370,35,person,999,515,1057,678
370,36,person,1607,420,1666,585
370,42,person,1672,439,1730,593
370,47,person,838,544,921,713
370,48,person,1390,469,1429,617
370,52,person,1261,502,1330,668
370,58,person,1325,495,1372,661
370,61,person,1156,483,1207,638
371,8,person,1036,515,1113,695
371,12,person,1135,535,1184,713
371,19,person,1463,478,1524,643
371,24,person,1506,471,1563,613
371,26,car,1523,395,1846,538
371,30,person,1350,525,1409,690
371,33,car,1712,383,1918,520
371,35,person,995,514,1054,679
371,36,person,1600,421,1664,584
371,42,person,1672,445,1724,594
371,47,person,832,543,918,712
371,48,person,1388,470,1427,619
371,52,person,1262,502,1337,668
371,58,person,1325,495,1370,664
371,61,person,1152,483,1206,640
372,8,person,1035,516,1109,695
372,12,person,1130,534,1183,712
372,19,person,1463,478,1520,646
372,24,person,1503,472,1560,613
372,26,car,1522,397,1845,536
372,30,person,1351,525,1407,692
372,33,car,1712,383,1918,520
372,35,person,994,515,1047,678
372,36,person,1596,421,1662,584
372,42,person,1673,446,1720,593
372,47,person,828,543,916,712
372,48,person,1386,471,1426,620
372,52,person,1260,502,1337,670
372,54,car,1860,383,1919,440
372,58,person,1323,497,1367,664
372,61,person,1150,483,1203,639
372,63,car,845,482,1113,666
373,8,person,1038,518,1103,694
373,12,person,1122,535,1181,711
373,19,person,1456,479,1518,645
373,24,person,1499,472,1561,615
373,26,car,1523,397,1845,535
373,30,person,1349,524,1402,691
373,33,car,1712,383,1918,520
373,35,person,991,515,1042,679
373,36,person,1595,420,1660,583
373,42,person,1672,443,1713,594
373,47,person,826,543,913,712
373,48,person,1384,471,1425,621
373,52,person,1259,504,1324,670
373,54,car,1859,383,1919,440
373,58,person,1319,497,1364,664
373,61,person,1147,484,1202,640
373,63,car,847,482,1106,664
374,8,person,1038,517,1093,694
374,12,person,1113,538,1181,713
374,19,person,1455,481,1515,645
374,24,person,1498,472,1558,614
374,26,car,1524,397,1845,536
374,30,person,1342,524,1401,690
374,33,car,1712,383,1918,520
374,35,person,987,516,1040,680
374,36,person,1592,422,1655,582
374,42,person,1670,442,1711,594
374,47,person,821,542,909,713
374,48,person,1381,472,1424,620
374,52,person,1256,502,1321,670
374,58,person,1316,496,1362,659
374,61,person,1146,484,1201,646
374,63,car,847,483,1098,668
375,8,person,1037,519,1085,695
375,12,person,1104,538,1180,714
375,19,person,1459,481,1513,645
375,24,person,1497,473,1557,620
375,25,car,1850,367,1919,399
375,26,car,1523,397,1845,537
375,30,person,1340,523,1394,691
375,33,car,1713,383,1918,520
375,35,person,983,516,1037,684
375,36,person,1591,421,1654,582
375,42,person,1668,443,1709,593
375,47,person,817,539,901,713
375,48,person,1380,473,1423,621
375,52,person,1253,504,1322,671
375,58,person,1315,497,1360,657
375,61,person,1145,482,1199,641
375,63,car,849,483,1095,672
376,8,person,1035,519,1082,694
376,12,person,1096,539,1179,715
376,19,person,1460,482,1510,644
376,24,person,1494,472,1554,615
376,26,car,1523,396,1847,537
376,30,person,1333,525,1393,691
376,33,car,1712,383,1918,520
376,35,person,983,516,1036,682
376,36,person,1590,425,1654,582
376,42,person,1664,442,1707,594
376,47,person,816,540,897,712
376,48,person,1379,475,1422,621
376,52,person,1248,503,1322,671
376,58,person,1313,497,1359,662
376,61,person,1144,483,1200,645
376,63,car,851,483,1096,667
377,8,person,1031,519,1080,693
377,12,person,1090,540,1179,715
377,19,person,1462,481,1507,645
377,24,person,1493,472,1550,617
377,25,car,1851,366,1919,403
377,26,car,1522,396,1847,537
377,30,person,1328,524,1391,691
377,33,car,1711,383,1918,520
377,35,person,972,519,1034,683
377,36,person,1588,424,1655,584
377,42,person,1661,442,1704,594
377,47,person,810,545,890,713
377,48,person,1374,475,1422,621
377,52,person,1245,503,1325,670
377,58,person,1310,499,1355,654
377,61,person,1142,483,1199,650
377,63,car,850,482,1100,670
378,8,person,1030,518,1078,698
378,12,person,1087,538,1179,716
378,19,person,1461,482,1502,646
378,24,person,1492,471,1549,617
378,25,car,1850,366,1919,399
378,26,car,1522,395,1847,537
378,30,person,1319,527,1393,693
378,33,car,1711,383,1918,519
378,35,person,968,519,1034,684
378,36,person,1588,429,1653,583
378,42,person,1658,441,1702,594
378,47,person,807,542,883,713
378,48,person,1371,476,1422,621
378,52,person,1243,505,1322,671
378,58,person,1308,495,1355,651
378,61,person,1140,484,1199,652
378,63,car,849,482,1122,656
379,1,car,851,482,1054,651
379,8,person,1028,520,1076,694
379,12,person,1086,539,1178,716
379,19,person,1461,482,1502,646
379,24,person,1490,470,1546,614
379,25,car,1850,366,1919,403
379,26,car,1522,395,1847,537
379,30,person,1313,524,1391,691
379,33,car,1711,383,1918,519
379,35,person,959,523,1032,685
379,36,person,1588,429,1651,583
379,42,person,1651,441,1702,594
379,47,person,804,539,879,713
379,48,person,1370,477,1422,621
379,52,person,1241,506,1320,671
379,58,person,1306,496,1352,656
379,61,person,1139,486,1198,653
380,8,person,1025,518,1074,697
380,12,person,1086,538,1178,718
380,19,person,1459,484,1500,646
380,24,person,1489,468,1540,617
380,25,car,1851,366,1919,403
380,26,car,1522,396,1847,538
380,30,person,1311,524,1390,691
380,33,car,1712,383,1918,520
380,35,person,958,522,1033,687
380,36,person,1588,427,1649,585
380,42,person,1646,439,1701,594
380,47,person,802,539,875,712
380,48,person,1367,477,1420,623
380,52,person,1241,505,1317,672
380,58,person,1302,498,1350,660
380,61,person,1136,485,1197,658
380,63,car,851,482,1100,652
381,1,car,852,482,1051,647
381,8,person,1018,515,1071,695
381,12,person,1086,538,1178,718
381,19,person,1457,481,1499,646
381,24,person,1487,469,1539,616
381,25,car,1850,366,1919,404
381,26,car,1522,396,1847,540
381,30,person,1311,525,1390,691
381,33,car,1713,383,1918,520
381,35,person,956,519,1033,688
381,36,person,1588,428,1646,585
381,42,person,1636,442,1701,596
381,47,person,801,540,873,713
381,48,person,1364,477,1419,622
381,52,person,1244,504,1322,672
381,58,person,1303,498,1348,655
381,61,person,1133,486,1194,659
381,63,car,853,482,1153,649
382,8,person,1009,518,1070,694
382,12,person,1085,539,1178,718
382,19,person,1453,482,1498,646
382,24,person,1486,469,1538,613
382,25,car,1850,367,1919,402
382,26,car,1522,396,1847,540
382,30,person,1310,524,1390,692
382,33,car,1713,383,1918,520
382,35,person,954,519,1029,692
382,36,person,1590,428,1638,586
382,42,person,1632,440,1701,597
382,47,person,800,539,873,713
382,48,person,1361,476,1419,620
382,52,person,1242,507,1320,672
382,58,person,1300,496,1344,651
382,61,person,1132,487,1192,655
382,63,car,850,482,1116,641
383,8,person,999,518,1070,694
383,12,person,1085,541,1174,718
383,19,person,1452,481,1496,646
383,24,person,1485,469,1537,617
383,25,car,1850,368,1919,399
383,26,car,1523,396,1847,540
383,30,person,1307,526,1388,693
383,33,car,1712,383,1918,521
383,35,person,952,520,1021,692
383,36,person,1588,427,1636,587
383,42,person,1632,444,1700,596
383,47,person,793,539,872,715
383,48,person,1359,475,1417,620
383,52,person,1243,506,1319,672
383,58,person,1296,496,1343,661
383,61,person,1131,488,1190,651
383,63,car,848,482,1118,646
384,8,person,990,520,1068,695
384,12,person,1085,542,1169,719
384,19,person,1448,481,1496,647
384,24,person,1483,471,1536,617
384,26,car,1523,396,1847,541
384,30,person,1306,527,1387,694
384,33,car,1713,383,1918,520
384,35,person,951,519,1013,693
384,36,person,1587,428,1632,587
384,42,person,1629,442,1700,596
384,47,person,787,541,871,715
384,48,person,1356,477,1417,621
384,52,person,1243,505,1320,672
384,58,person,1292,501,1343,657
384,61,person,1131,490,1187,647
384,63,car,845,483,1110,651
385,8,person,981,520,1068,696
385,12,person,1085,542,1165,719
385,19,person,1444,482,1495,647
385,24,person,1481,471,1534,618
385,25,car,1849,368,1919,399
385,26,car,1524,396,1847,542
385,30,person,1306,527,1386,694
385,33,car,1713,383,1918,521
385,35,person,950,522,1010,693
385,36,person,1585,430,1629,585
385,42,person,1627,447,1700,597
385,47,person,782,541,871,716
385,48,person,1353,476,1415,619
385,52,person,1242,506,1320,672
385,58,person,1287,503,1339,659
385,61,person,1130,491,1185,646
385,63,car,847,483,1103,655
386,8,person,979,523,1068,696
386,12,person,1086,542,1161,719
386,19,person,1438,482,1495,647
386,24,person,1481,470,1533,611
386,25,car,1851,367,1919,405
386,26,car,1524,395,1847,542
386,30,person,1305,529,1386,693
386,33,car,1713,383,1918,521
386,35,person,950,521,1004,692
386,36,person,1581,427,1626,584
386,42,person,1628,446,1700,597
386,47,person,780,542,871,717
386,48,person,1350,476,1411,620
386,52,person,1240,507,1319,673
386,58,person,1286,504,1336,660
386,61,person,1129,492,1182,652
386,63,car,846,484,1099,648
387,8,person,973,519,1069,696
387,12,person,1085,541,1156,719
387,19,person,1429,487,1495,648
387,24,person,1479,472,1530,614
387,26,car,1524,395,1847,542
387,30,person,1303,528,1385,693
387,33,car,1713,383,1918,521
387,35,person,950,527,1003,692
387,36,person,1578,428,1623,585
387,42,person,1627,447,1700,597
387,47,person,779,542,870,718
387,48,person,1349,476,1408,622
387,52,person,1238,507,1310,673
387,58,person,1286,504,1335,657
387,61,person,1128,493,1180,651
387,63,car,846,484,1097,646
388,8,person,967,517,1069,697
388,12,person,1083,540,1151,720
388,19,person,1422,488,1495,648
388,24,person,1479,473,1529,614
388,25,car,1851,368,1919,402
388,26,car,1524,395,1847,542
388,30,person,1302,528,1383,694
388,33,car,1714,383,1918,521
388,35,person,949,522,1000,692
388,36,person,1574,427,1621,586
388,42,person,1627,448,1700,597
388,47,person,778,543,870,720
388,48,person,1346,476,1402,627
388,52,person,1233,507,1304,672
388,58,person,1280,504,1329,664
388,61,person,1124,493,1178,655
388,63,car,847,484,1094,645
389,8,person,969,518,1067,697
389,12,person,1082,540,1142,720
389,19,person,1418,488,1494,648
389,24,person,1477,475,1527,614
389,25,car,1851,368,1919,406
389,26,car,1523,395,1847,542
389,30,person,1304,527,1380,694
389,33,car,1714,384,1918,522
389,35,person,948,526,997,694
389,36,person,1568,430,1619,586
389,42,person,1627,449,1699,598
389,47,person,777,545,868,720
389,48,person,1345,476,1394,628
389,52,person,1231,506,1294,674
389,54,car,1851,369,1919,434
389,58,person,1276,502,1327,669
389,61,person,1123,493,1175,656
389,63,car,845,485,1091,644
390,8,person,966,524,1067,698
390,12,person,1082,544,1134,721
390,19,person,1417,491,1493,650
390,24,person,1474,476,1523,614
390,25,car,1851,368,1919,405
390,26,car,1523,395,1847,542
390,30,person,1300,527,1377,694
390,33,car,1713,383,1918,522
390,35,person,944,525,997,692
390,36,person,1563,430,1617,586
390,42,person,1627,449,1697,599
390,47,person,775,546,865,722
390,48,person,1342,476,1391,628
390,52,person,1228,506,1292,674
390,54,car,1851,369,1919,423
390,58,person,1275,502,1324,660
390,61,person,1121,493,1175,655
390,63,car,845,484,1090,644
391,8,person,970,525,1066,698
391,12,person,1078,545,1132,722
391,19,person,1417,489,1493,650
391,24,person,1473,475,1525,615
391,25,car,1851,369,1919,407
391,26,car,1523,395,1847,542
391,30,person,1298,527,1373,693
391,33,car,1713,384,1918,522
391,35,person,942,525,992,693
391,36,person,1557,430,1616,585
391,42,person,1626,449,1693,599
391,47,person,773,545,861,719
391,48,person,1340,478,1388,629
391,52,person,1226,507,1285,676
391,54,car,1851,369,1919,423
391,58,person,1273,501,1321,661
391,61,person,1120,494,1172,659
391,63,car,844,485,1088,642
392,8,person,964,526,1063,698
392,12,person,1072,547,1129,726
392,19,person,1417,493,1492,649
392,24,person,1472,477,1522,614
392,25,car,1850,369,1919,405
392,26,car,1524,395,1847,542
392,30,person,1299,526,1368,693
392,33,car,1714,383,1918,522
392,35,person,936,521,988,690
392,36,person,1551,430,1616,586
392,42,person,1626,450,1688,600
392,47,person,770,546,857,720
392,48,person,1337,479,1387,633
392,52,person,1225,508,1280,678
392,54,car,1850,370,1919,435
392,58,person,1274,501,1319,657
392,61,person,1118,494,1171,660
392,63,car,845,484,1091,643
393,8,person,962,525,1060,698
393,12,person,1064,550,1132,727
393,19,person,1415,492,1491,649
393,24,person,1469,478,1519,615
393,25,car,1850,369,1919,404
393,26,car,1524,395,1847,542
393,30,person,1299,526,1362,694
393,33,car,1714,383,1918,522
393,35,person,926,525,983,688
393,36,person,1546,430,1615,587
393,42,person,1626,451,1684,601
393,47,person,772,545,847,721
393,48,person,1336,479,1385,633
393,52,person,1222,507,1275,678
393,54,car,1850,370,1919,436
393,58,person,1267,502,1316,657
393,61,person,1117,494,1170,663
393,63,car,845,483,1088,642
394,8,person,962,526,1054,698
394,12,person,1060,550,1125,728
394,19,person,1415,491,1490,649
394,24,person,1466,476,1518,615
394,25,car,1850,369,1919,404
394,26,car,1524,395,1847,542
394,30,person,1299,529,1356,696
394,33,car,1714,384,1918,522
394,35,person,918,523,982,691
394,36,person,1542,433,1615,586
394,42,person,1624,448,1679,602
394,47,person,771,545,843,722
394,48,person,1335,480,1383,634
394,52,person,1221,509,1274,681
394,54,car,1850,370,1919,436
394,58,person,1272,505,1314,659
394,61,person,1116,495,1167,664
394,63,car,844,483,1085,631
395,8,person,962,525,1050,697
395,12,person,1058,549,1120,730
395,19,person,1415,490,1487,649
395,24,person,1466,478,1515,615
395,25,car,1850,369,1919,404
395,26,car,1524,395,1847,542
395,30,person,1298,532,1350,696
395,33,car,1713,384,1918,522
395,35,person,903,525,980,689
395,36,person,1540,435,1616,587
395,42,person,1624,449,1675,601
395,47,person,767,545,835,722
395,48,person,1332,480,1381,634
395,52,person,1217,510,1272,679
395,54,car,1850,370,1919,436
395,58,person,1268,506,1312,658
395,61,person,1114,494,1165,665
395,63,car,845,484,1080,623
396,8,person,961,526,1044,698
396,12,person,1049,546,1120,730
396,19,person,1413,489,1484,648
396,24,person,1463,478,1511,617
396,25,car,1850,369,1919,404
396,26,car,1524,395,1847,542
396,30,person,1296,530,1347,697
396,33,car,1714,384,1918,522
396,35,person,896,526,979,690
396,36,person,1538,435,1615,588
396,42,person,1621,447,1672,601
396,47,person,768,545,827,721
396,48,person,1332,481,1379,634
396,52,person,1214,511,1271,682
396,54,car,1851,369,1919,418
396,58,person,1268,506,1310,657
396,61,person,1112,495,1161,665
396,63,car,845,484,1072,623
397,8,person,961,526,1040,698
397,12,person,1044,547,1122,729
397,19,person,1415,489,1482,649
397,24,person,1461,478,1509,618
397,25,car,1850,369,1919,404
397,26,car,1522,395,1846,542
397,30,person,1294,533,1346,699
397,33,car,1713,384,1918,522
397,35,person,895,526,978,691
397,36,person,1540,434,1614,588
397,42,person,1617,447,1672,602
397,47,person,766,545,816,722
397,48,person,1329,483,1376,635
397,52,person,1207,511,1271,682
397,54,car,1850,371,1919,435
397,58,person,1266,509,1308,660
397,61,person,1110,495,1158,665
397,63,car,845,484,1073,623
398,8,person,961,526,1031,698
398,12,person,1041,548,1120,730
398,19,person,1414,489,1479,649
398,24,person,1459,478,1507,619
398,25,car,1850,369,1919,404
398,26,car,1522,395,1847,542
398,30,person,1291,532,1346,700
398,33,car,1713,384,1918,522
398,35,person,890,517,979,691
398,36,person,1540,434,1611,588
398,42,person,1610,447,1669,604
398,47,person,761,548,810,726
398,48,person,1328,483,1375,632
398,52,person,1202,512,1271,682
398,54,car,1850,370,1919,436
398,58,person,1259,507,1305,659
398,61,person,1106,496,1155,663
398,63,car,844,484,1072,629
399,8,person,961,527,1022,700
399,12,person,1038,549,1119,730
399,19,person,1413,489,1471,649
399,24,person,1456,478,1504,620
399,25,car,1850,369,1919,402
399,26,car,1522,395,1846,542
399,30,person,1288,532,1344,700
399,33,car,1712,384,1918,522
399,35,person,889,517,978,696
399,36,person,1540,433,1608,588
399,42,person,1610,449,1668,606
399,47,person,756,548,808,728
399,48,person,1326,483,1373,632
399,52,person,1198,514,1272,683
399,54,car,1850,370,1919,437
399,58,person,1260,502,1303,660
399,61,person,1103,498,1153,663
399,63,car,845,484,1072,645
400,8,person,966,522,1016,701
400,12,person,1036,550,1118,731
400,19,person,1412,491,1467,650
400,24,person,1457,477,1503,621
400,25,car,1850,369,1919,402
400,26,car,1522,395,1847,542
400,30,person,1282,532,1342,702
400,33,car,1715,383,1919,522
400,35,person,888,521,977,696
400,36,person,1540,432,1608,588
400,42,person,1610,450,1666,604
400,47,person,753,548,808,730
400,48,person,1325,484,1371,632
400,52,person,1195,515,1271,683
400,54,car,1850,370,1919,438
400,58,person,1257,507,1302,660
400,61,person,1098,498,1153,665
400,63,car,845,484,1079,647
401,8,person,963,522,1012,702
401,12,person,1036,551,1117,732
401,19,person,1403,490,1460,651
401,24,person,1456,478,1501,621
401,25,car,1850,369,1919,402
401,26,car,1522,395,1847,542
401,30,person,1275,533,1339,702
401,33,car,1716,383,1919,522
401,35,person,886,522,980,697
401,36,person,1539,432,1604,587
401,42,person,1605,451,1664,605
401,47,person,747,548,808,730
401,48,person,1323,484,1369,634
401,52,person,1194,515,1271,684
401,58,person,1255,506,1299,661
401,61,person,1094,500,1151,666
401,63,car,845,484,1102,642
402,8,person,956,523,1011,705
402,12,person,1035,550,1114,733
402,19,person,1401,491,1455,652
402,24,person,1453,478,1497,619
402,25,car,1850,369,1919,401
402,26,car,1522,396,1846,542
402,30,person,1269,533,1337,702
402,33,car,1715,383,1919,522
402,35,person,884,517,981,700
402,36,person,1538,433,1597,589
402,42,person,1599,453,1660,605
402,47,person,736,550,809,729
402,48,person,1322,484,1366,636
402,52,person,1193,516,1263,683
402,58,person,1250,508,1295,672
402,61,person,1089,501,1150,667
402,63,car,845,484,1107,645
403,8,person,955,525,1009,704
403,12,person,1036,551,1111,733
403,19,person,1395,488,1455,654
403,24,person,1449,478,1496,622
403,25,car,1851,369,1919,412
403,26,car,1522,396,1846,542
403,30,person,1271,532,1335,703
403,33,car,1715,383,1919,522
403,35,person,885,520,973,694
403,36,person,1535,433,1595,588
403,42,person,1595,453,1658,605
403,47,person,730,551,807,730
403,48,person,1318,485,1362,637
403,52,person,1193,516,1258,683
403,58,person,1242,507,1292,678
403,61,person,1085,501,1150,667
403,63,car,845,484,1109,650
404,8,person,945,528,1007,707
404,12,person,1036,550,1107,733
404,19,person,1391,488,1452,654
404,24,person,1448,479,1494,622
404,25,car,1850,369,1919,403
404,26,car,1523,395,1846,542
404,30,person,1271,531,1335,703
404,33,car,1715,383,1919,522
404,35,person,886,523,965,691
404,36,person,1533,433,1589,590
404,42,person,1593,454,1657,605
404,47,person,725,553,806,731
404,48,person,1317,485,1360,638
404,52,person,1192,515,1254,683
404,54,car,1850,370,1919,438
404,58,person,1241,506,1289,677
404,61,person,1082,500,1149,667
404,63,car,845,484,1108,651
405,8,person,931,528,1005,708
405,12,person,1036,551,1100,733
405,19,person,1388,488,1450,656
405,24,person,1441,479,1494,623
405,25,car,1850,369,1919,403
405,26,car,1523,395,1846,542
405,30,person,1266,531,1335,702
405,33,car,1715,383,1919,522
405,35,person,885,522,960,690
405,36,person,1529,435,1584,588
405,42,person,1592,455,1656,605
405,47,person,724,552,804,731
405,48,person,1316,485,1358,636
405,52,person,1190,516,1239,682
405,58,person,1241,502,1296,683
405,61,person,1078,501,1148,668
405,63,car,845,485,1105,647
406,8,person,927,528,1005,707
406,12,person,1036,553,1096,733
406,19,person,1385,491,1449,658
406,24,person,1438,479,1493,623
406,25,car,1850,369,1919,401
406,26,car,1523,395,1846,542
406,30,person,1266,532,1335,700
406,33,car,1717,383,1919,522
406,35,person,885,520,954,691
406,36,person,1525,433,1585,590
406,42,person,1591,454,1655,605
406,47,person,721,553,802,734
406,48,person,1315,486,1357,636
406,52,person,1188,515,1236,681
406,58,person,1239,507,1295,685
406,61,person,1078,503,1148,668
406,63,car,845,484,1085,646
407,8,person,923,529,1001,707
407,12,person,1033,554,1089,732
407,19,person,1382,489,1446,657
407,24,person,1434,478,1494,623
407,25,car,1851,368,1919,412
407,26,car,1522,395,1846,542
407,30,person,1269,531,1335,702
407,33,car,1717,384,1918,521
407,35,person,885,519,947,692
407,36,person,1524,433,1585,592
407,42,person,1590,454,1655,604
407,47,person,720,554,800,735
407,48,person,1315,485,1354,634
407,52,person,1186,515,1232,682
407,54,car,1850,369,1919,438
407,61,person,1076,503,1148,668
407,63,car,845,484,1080,644
407,67,person,1225,508,1281,668
408,8,person,919,530,1002,707
408,12,person,1030,553,1083,733
408,19,person,1378,491,1446,657
408,24,person,1432,478,1493,623
408,25,car,1850,370,1919,408
408,26,car,1522,395,1846,542
408,30,person,1269,534,1334,703
408,33,car,1718,383,1919,521
408,35,person,883,521,942,691
408,36,person,1524,434,1583,592
408,42,person,1588,453,1653,605
408,47,person,718,553,799,735
408,48,person,1313,483,1352,634
408,52,person,1180,514,1230,683
408,61,person,1074,504,1148,669
408,63,car,844,483,1081,646
408,67,person,1226,509,1278,664
409,8,person,918,529,1002,707
409,12,person,1027,551,1077,733
409,19,person,1376,496,1446,657
409,24,person,1433,478,1495,623
409,25,car,1851,368,1919,409
409,26,car,1522,395,1846,541
409,30,person,1264,534,1330,702
409,33,car,1719,383,1919,521
409,35,person,881,522,931,691
409,36,person,1521,434,1582,594
409,42,person,1587,454,1651,605
409,47,person,716,553,794,734
409,48,person,1312,485,1350,635
409,52,person,1174,515,1229,680
409,54,car,1850,369,1919,438
409,61,person,1072,504,1149,670
409,63,car,846,484,1071,648
409,67,person,1225,510,1275,662
410,8,person,916,530,999,710
410,12,person,1022,552,1071,732
410,19,person,1375,495,1446,658
410,24,person,1431,479,1492,623
410,25,car,1851,369,1919,409
410,26,car,1520,395,1846,542
410,30,person,1261,534,1329,703
410,33,car,1717,384,1918,521
410,35,person,881,524,929,694
410,36,person,1517,435,1580,595
410,42,person,1586,454,1647,606
410,47,person,714,554,786,736
410,48,person,1310,483,1347,636
410,52,person,1171,516,1225,683
410,54,car,1850,370,1919,438
410,61,person,1070,505,1144,671
410,63,car,846,484,1070,650
410,67,person,1223,512,1272,664
411,8,person,914,530,998,711
411,12,person,1018,553,1069,733
411,19,person,1374,495,1444,658
411,24,person,1428,480,1488,624
411,25,car,1851,369,1919,410
411,26,car,1520,395,1846,542
411,30,person,1266,536,1326,704
411,33,car,1717,384,1918,521
411,35,person,879,527,926,695
411,36,person,1517,435,1577,594
411,42,person,1586,453,1643,606
411,47,person,712,557,778,733
411,48,person,1309,485,1346,636
411,52,person,1165,515,1224,685
411,54,car,1850,370,1919,438
411,58,person,1247,531,1288,687
411,61,person,1066,504,1139,671
411,63,car,847,483,1067,637
411,67,person,1221,511,1268,666
412,8,person,913,530,996,711
412,12,person,1011,553,1068,734
412,19,person,1374,497,1442,658
412,24,person,1427,478,1488,624
412,25,car,1851,369,1919,411
412,26,car,1521,394,1846,542
412,30,person,1271,535,1321,704
412,33,car,1719,383,1919,521
412,35,person,873,528,923,696
412,36,person,1515,435,1576,595
412,42,person,1585,453,1636,606
412,47,person,709,557,771,733
412,48,person,1306,485,1345,637
412,52,person,1156,513,1222,683
412,54,car,1850,369,1919,438
412,58,person,1247,538,1284,689
412,61,person,1067,504,1136,670
412,63,car,848,483,1067,643
412,67,person,1220,510,1263,663
413,8,person,914,530,992,712
413,12,person,1003,553,1065,733
413,19,person,1372,498,1440,658
413,24,person,1425,478,1487,624
413,25,car,1851,368,1919,412
413,26,car,1524,394,1846,542
413,30,person,1272,535,1322,703
413,33,car,1719,383,1919,521
413,36,person,1504,436,1573,594
413,42,person,1584,451,1631,608
413,47,person,704,557,764,733
413,48,person,1306,485,1345,638
413,52,person,1145,514,1222,684
413,54,car,1850,369,1919,438
413,58,person,1247,539,1282,688
413,61,person,1067,503,1133,670
413,63,car,845,485,1063,643
413,67,person,1220,509,1262,663
414,8,person,914,532,986,712
414,12,person,994,554,1065,733
414,19,person,1372,500,1438,658
414,24,person,1425,479,1483,624
414,25,car,1851,368,1919,413
414,26,car,1527,394,1846,542
414,30,person,1271,534,1316,703
414,33,car,1718,383,1919,521
414,36,person,1503,436,1572,596
414,42,person,1583,453,1628,607
414,47,person,702,557,753,733
414,48,person,1302,486,1345,639
414,52,person,1133,515,1221,684
414,54,car,1850,369,1919,437
414,58,person,1246,539,1280,694
414,61,person,1066,503,1124,669
414,63,car,844,483,1078,653
414,67,person,1216,510,1260,664
414,68,person,852,529,918,699
415,8,person,914,532,980,712
415,12,person,984,553,1064,733
415,19,person,1371,499,1434,658
415,24,person,1425,478,1482,625
415,25,car,1851,368,1919,417
415,26,car,1527,394,1846,542
415,30,person,1270,533,1313,703
415,33,car,1718,383,1919,521
415,36,person,1506,438,1569,598
415,42,person,1580,453,1625,607
415,47,person,698,558,753,733
415,48,person,1298,487,1344,639
415,52,person,1129,515,1220,684
415,54,car,1850,368,1919,438
415,58,person,1246,539,1279,690
415,61,person,1065,503,1119,669
415,63,car,843,483,1096,659
415,67,person,1212,510,1257,663
415,68,person,846,531,918,700
416,8,person,911,530,979,711
416,12,person,978,554,1063,734
416,19,person,1370,499,1423,658
416,24,person,1420,477,1479,624
416,25,car,1851,368,1919,415
416,26,car,1527,394,1846,542
416,30,person,1264,535,1313,704
416,33,car,1717,384,1918,521
416,36,person,1502,438,1570,598
416,42,person,1576,453,1623,607
416,47,person,692,558,752,734
416,48,person,1295,487,1343,637
416,52,person,1126,515,1220,684
416,54,car,1850,368,1919,438
416,58,person,1245,540,1277,692
416,61,person,1061,506,1116,675
416,63,car,842,483,1114,663
416,67,person,1210,509,1255,663
416,68,person,841,532,917,699
417,8,person,913,529,978,712
417,12,person,971,556,1063,735
417,19,person,1368,498,1418,658
417,24,person,1418,476,1475,626
417,25,car,1851,369,1919,416
417,26,car,1528,394,1846,543
417,30,person,1265,532,1310,705
417,33,car,1717,384,1919,522
417,36,person,1498,439,1568,599
417,42,person,1575,453,1621,608
417,47,person,687,558,753,733
417,48,person,1294,489,1345,638
417,52,person,1128,515,1219,684
417,54,car,1850,369,1919,438
417,58,person,1242,539,1278,694
417,61,person,1057,508,1115,675
417,63,car,842,482,1115,661
417,67,person,1207,510,1253,664
417,68,person,840,534,915,699
418,8,person,909,531,976,712
418,12,person,968,559,1063,735
418,19,person,1367,501,1417,660
418,24,person,1413,475,1472,624
418,25,car,1851,369,1919,417
418,26,car,1527,394,1846,542
418,30,person,1259,533,1307,705
418,33,car,1715,383,1919,522
418,36,person,1493,439,1566,599
418,42,person,1571,454,1619,609
418,47,person,679,559,752,734
418,48,person,1291,487,1345,640
418,52,person,1127,517,1220,684
418,54,car,1850,370,1919,438
418,58,person,1237,539,1278,696
418,61,person,1055,510,1112,674
418,63,car,840,483,1112,660
418,67,person,1205,511,1251,662
418,68,person,838,537,915,701
419,8,person,906,530,964,712
419,12,person,967,559,1063,736
419,19,person,1364,501,1412,660
419,24,person,1410,475,1469,626
419,25,car,1850,370,1919,419
419,26,car,1527,394,1846,542
419,30,person,1257,536,1307,705
419,33,car,1714,383,1919,522
419,36,person,1497,439,1564,599
419,42,person,1564,454,1618,610
419,47,person,669,560,752,736
419,48,person,1288,487,1344,640
419,52,person,1127,517,1219,684
419,54,car,1850,369,1919,403
419,58,person,1233,541,1276,694
419,61,person,1051,510,1107,680
419,63,car,840,483,1113,656
419,67,person,1200,511,1248,660
419,68,person,837,530,916,701
420,8,person,900,526,956,712
420,12,person,965,556,1064,737
420,19,person,1363,502,1410,659
420,24,person,1412,476,1465,626
420,25,car,1851,370,1919,417
420,26,car,1527,394,1846,542
420,30,person,1252,535,1306,705
420,33,car,1714,383,1919,522
420,36,person,1497,437,1561,599
420,42,person,1558,454,1617,610
420,47,person,659,565,752,736
420,48,person,1286,487,1343,639
420,52,person,1127,515,1218,684
420,54,car,1850,371,1919,437
420,58,person,1228,545,1274,694
420,61,person,1045,509,1106,682
420,63,car,842,483,1110,658
420,67,person,1199,510,1246,660
420,68,person,836,531,918,701
421,8,person,893,526,951,712
421,12,person,965,556,1063,737
421,19,person,1358,502,1406,659
421,24,person,1410,478,1463,626
421,25,car,1851,369,1919,420
421,26,car,1529,394,1846,542
421,30,person,1255,534,1304,704
421,33,car,1717,383,1919,522
421,36,person,1496,439,1557,599
421,42,person,1554,454,1615,610
421,47,person,656,561,751,737
421,48,person,1283,487,1343,639
421,52,person,1127,515,1213,684
421,54,car,1851,369,1919,403
421,58,person,1222,547,1269,696
421,61,person,1041,508,1105,681
421,63,car,842,482,1118,657
421,67,person,1194,510,1243,659
421,68,person,836,533,913,702
422,8,person,889,527,951,711
422,12,person,965,558,1061,737
422,19,person,1356,500,1405,659
422,24,person,1411,479,1462,626
422,25,car,1850,370,1919,436
422,26,car,1529,394,1846,542
422,30,person,1241,535,1305,704
422,33,car,1715,383,1919,522
422,36,person,1497,439,1558,600
422,42,person,1546,454,1614,610
422,47,person,655,561,751,738
422,48,person,1282,486,1344,639
422,52,person,1126,514,1208,683
422,58,person,1222,542,1266,696
422,61,person,1042,510,1103,680
422,63,car,843,484,1060,658
422,67,person,1190,510,1242,663
422,68,person,837,531,910,703
423,8,person,882,528,948,713
423,12,person,966,557,1060,737
423,19,person,1349,502,1404,659
423,24,person,1410,480,1461,630
423,25,car,1850,371,1919,436
423,26,car,1530,394,1847,544
423,30,person,1235,537,1305,705
423,33,car,1715,383,1919,522
423,36,person,1497,438,1557,599
423,42,person,1542,454,1614,610
423,47,person,657,561,752,739
423,48,person,1281,486,1341,638
423,52,person,1125,515,1204,684
423,54,car,1850,370,1919,407
423,58,person,1216,546,1266,694
423,61,person,1038,511,1100,680
423,63,car,846,485,1058,659
423,67,person,1184,509,1240,667
423,68,person,836,532,902,702
424,8,person,876,526,946,713
424,12,person,966,558,1056,737
424,19,person,1340,500,1405,660
424,24,person,1408,480,1460,630
424,25,car,1850,371,1919,436
424,26,car,1529,394,1847,544
424,30,person,1232,534,1305,705
424,33,car,1715,383,1919,522
424,36,person,1496,439,1555,600
424,42,person,1540,455,1614,611
424,47,person,656,561,750,740
424,48,person,1277,486,1340,638
424,52,person,1123,514,1198,683
424,54,car,1850,369,1919,407
424,58,person,1213,545,1265,693
424,61,person,1041,515,1099,683
424,63,car,850,484,1056,660
424,67,person,1180,511,1238,672
424,68,person,834,533,894,703
425,8,person,868,527,945,713
425,12,person,966,560,1053,738
425,19,person,1331,500,1404,659
425,24,person,1409,481,1457,629
425,26,car,1530,394,1847,545
425,30,person,1232,535,1305,704
425,33,car,1714,383,1919,523
425,36,person,1494,439,1550,600
425,42,person,1541,457,1614,612
425,47,person,656,563,745,741
425,48,person,1275,487,1334,637
425,52,person,1122,514,1193,683
425,54,car,1850,370,1919,408
425,58,person,1211,543,1260,695
425,61,person,1034,515,1097,684
425,63,car,850,483,1103,660
425,67,person,1179,513,1235,675
425,68,person,833,531,883,706
426,8,person,860,534,944,714
426,12,person,966,558,1047,738
426,19,person,1324,499,1404,660
426,24,person,1404,480,1454,630
426,26,car,1530,395,1847,545
426,30,person,1231,536,1304,705
426,33,car,1711,385,1919,523
426,36,person,1492,439,1548,599
426,42,person,1541,457,1614,612
426,47,person,655,563,742,741
426,48,person,1271,487,1320,635
426,52,person,1120,515,1187,683
426,54,car,1850,371,1919,409
426,58,person,1211,542,1256,696
426,61,person,1032,515,1093,684
426,63,car,851,484,1059,662
426,67,person,1177,513,1231,670
426,68,person,831,533,881,704
427,8,person,857,535,945,713
427,12,person,966,560,1041,738
427,19,person,1321,499,1403,661
427,24,person,1402,480,1454,629
427,26,car,1530,395,1847,546
427,30,person,1228,534,1304,705
427,33,car,1713,383,1919,523
427,36,person,1488,440,1548,599
427,42,person,1539,458,1612,612
427,47,person,655,564,742,741
427,48,person,1270,487,1318,637
427,52,person,1117,516,1181,685
427,58,person,1211,543,1254,696
427,61,person,1027,517,1092,684
427,63,car,852,484,1059,664
427,67,person,1172,514,1228,665
427,68,person,828,532,877,704
428,8,person,854,535,945,715
428,12,person,963,557,1035,738
428,19,person,1321,499,1404,661
428,24,person,1401,480,1452,628
428,26,car,1529,395,1847,546
428,30,person,1226,533,1303,705
428,33,car,1713,384,1919,523
428,36,person,1481,441,1548,599
428,42,person,1539,457,1610,612
428,47,person,656,563,735,741
428,48,person,1267,488,1317,637
428,52,person,1116,515,1176,686
428,58,person,1210,545,1252,694
428,61,person,1023,518,1086,685
428,63,car,852,484,1059,666
428,67,person,1165,514,1226,669
428,68,person,821,531,878,706
429,8,person,843,535,945,714
429,12,person,963,559,1029,737
429,19,person,1320,499,1403,661
429,24,person,1399,481,1450,628
429,26,car,1528,395,1847,546
429,30,person,1222,537,1302,705
429,33,car,1713,383,1919,523
429,36,person,1475,441,1544,602
429,42,person,1540,456,1610,612
429,47,person,654,564,719,741
429,48,person,1265,488,1314,638
429,52,person,1113,516,1180,688
429,54,car,1850,370,1919,408
429,58,person,1209,544,1248,695
429,61,person,1023,517,1081,686
429,63,car,845,483,1055,668
429,67,person,1163,514,1223,670
429,68,person,818,531,869,703
430,8,person,843,539,941,716
430,12,person,955,558,1022,738
430,19,person,1318,501,1401,661
430,24,person,1396,483,1448,630
430,26,car,1526,396,1846,543
430,30,person,1220,537,1301,705
430,33,car,1713,384,1919,523
430,36,person,1470,442,1539,601
430,42,person,1539,455,1607,612
430,47,person,652,565,706,741
430,48,person,1263,488,1312,639
430,52,person,1110,516,1173,689
430,54,car,1850,371,1919,410
430,58,person,1208,546,1248,692
430,61,person,1023,517,1078,687
430,63,car,847,484,1051,664
430,67,person,1159,511,1221,670
430,68,person,810,530,866,703
431,8,person,844,538,941,717
431,12,person,955,557,1015,741
431,19,person,1318,502,1401,661
431,24,person,1393,484,1447,630
431,26,car,1526,395,1846,546
431,30,person,1220,539,1301,705
431,33,car,1712,384,1919,523
431,36,person,1463,442,1537,601
431,42,person,1539,455,1605,612
431,47,person,650,566,702,741
431,48,person,1261,487,1310,641
431,52,person,1108,516,1173,692
431,58,person,1206,547,1245,692
431,61,person,1021,517,1075,687
431,63,car,845,483,1053,661
431,67,person,1158,511,1219,670
431,68,person,798,532,865,705
432,8,person,843,538,940,717
432,12,person,954,559,1008,743
432,19,person,1318,501,1398,661
432,24,person,1392,486,1446,629
432,26,car,1526,395,1846,545
432,30,person,1218,534,1297,704
432,33,car,1713,384,1919,523
432,36,person,1459,445,1537,601
432,42,person,1539,455,1600,613
432,47,person,645,566,692,743
432,48,person,1260,487,1308,645
432,52,person,1107,517,1174,694
432,54,car,1850,371,1919,412
432,58,person,1207,543,1243,693
432,61,person,1016,516,1074,685
432,63,car,847,483,1052,658
432,67,person,1158,510,1216,668
432,68,person,785,536,863,706
433,8,person,841,538,937,716
433,12,person,953,558,1006,745
433,19,person,1319,499,1393,661
433,24,person,1389,486,1446,630
433,25,car,1849,371,1919,438
433,26,car,1525,395,1846,545
433,30,person,1219,535,1296,706
433,33,car,1713,384,1919,523
433,36,person,1459,444,1537,601
433,42,person,1539,456,1597,612
433,47,person,640,567,690,749
433,48,person,1260,488,1306,642
433,52,person,1103,519,1168,691
433,58,person,1201,546,1241,697
433,61,person,1012,516,1071,684
433,63,car,848,482,1078,672
433,67,person,1157,512,1212,671
433,68,person,779,538,862,707
434,8,person,842,538,935,716
434,12,person,945,560,1003,746
434,19,person,1319,499,1391,661
434,24,person,1387,485,1444,629
434,26,car,1525,395,1846,545
434,30,person,1219,536,1292,705
434,33,car,1713,384,1919,523
434,36,person,1457,446,1536,603
434,42,person,1537,456,1595,612
434,47,person,636,567,691,751
434,48,person,1258,487,1305,645
434,52,person,1101,518,1165,694
434,58,person,1198,545,1238,694
434,61,person,1009,518,1070,684
434,63,car,846,483,1111,654
434,67,person,1159,512,1209,672
434,68,person,772,541,861,708
435,8,person,841,540,929,717
435,12,person,939,559,1001,748
435,19,person,1318,498,1385,660
435,24,person,1388,485,1440,629
435,25,car,1849,371,1919,439
435,26,car,1524,395,1846,545
435,30,person,1221,535,1287,704
435,33,car,1714,384,1919,523
435,36,person,1456,445,1535,603
435,42,person,1537,456,1586,612
435,47,person,633,567,694,752
435,48,person,1255,487,1303,642
435,52,person,1100,519,1160,696
435,54,car,1849,370,1919,412
435,58,person,1191,543,1235,694
435,61,person,1013,516,1067,683
435,63,car,848,484,1106,646
435,67,person,1160,513,1205,673
435,68,person,770,540,861,710
436,8,person,842,539,925,717
436,12,person,932,561,1002,747
436,19,person,1317,497,1379,660
436,24,person,1387,484,1439,627
436,25,car,1849,371,1919,437
436,26,car,1524,395,1846,545
436,30,person,1219,535,1284,703
436,33,car,1713,383,1919,523
436,36,person,1455,445,1536,603
436,42,person,1537,456,1586,614
436,47,person,624,567,694,753
436,48,person,1254,489,1302,643
436,52,person,1099,521,1157,696
436,54,car,1849,370,1919,411
436,58,person,1185,543,1235,694
436,61,person,1003,516,1062,682
436,63,car,847,485,1100,645
436,67,person,1157,512,1203,669
436,68,person,770,539,863,712
437,8,person,844,541,922,716
437,12,person,925,563,1001,748
437,19,person,1313,497,1371,658
437,24,person,1387,484,1435,629
437,25,car,1849,371,1919,438
437,26,car,1524,394,1846,545
437,30,person,1218,534,1280,704
437,33,car,1712,384,1918,522
437,36,person,1456,446,1535,603
437,42,person,1534,457,1587,614
437,47,person,617,569,695,753
437,48,person,1252,491,1301,643
437,52,person,1098,521,1155,695
437,54,car,1850,370,1919,410
437,58,person,1174,542,1232,695
437,61,person,1002,516,1063,684
437,63,car,847,485,1099,642
437,67,person,1155,513,1201,671
437,68,person,767,540,861,710
438,8,person,846,541,913,716
438,12,person,919,563,1001,747
438,19,person,1313,498,1366,660
438,24,person,1384,483,1432,630
438,25,car,1849,370,1919,437
438,26,car,1524,394,1845,545
438,30,person,1219,533,1276,705
438,33,car,1715,383,1919,523
438,36,person,1456,445,1529,603
438,42,person,1533,458,1586,616
438,47,person,611,570,695,754
438,48,person,1251,490,1298,640
438,52,person,1097,522,1152,695
438,54,car,1850,369,1919,409
438,58,person,1161,546,1237,694
438,61,person,1003,517,1064,684
438,63,car,846,485,1099,641
438,67,person,1151,512,1198,680
438,68,person,766,543,864,714
439,8,person,844,541,906,717
439,12,person,918,565,999,747
439,19,person,1308,498,1364,661
439,24,person,1380,484,1429,627
439,26,car,1524,394,1845,545
439,30,person,1217,539,1267,705
439,33,car,1713,384,1918,522
439,36,person,1456,444,1527,602
439,42,person,1530,458,1588,619
439,47,person,608,573,694,754
439,48,person,1250,491,1297,642
439,52,person,1095,522,1146,695
439,58,person,1159,547,1238,694
439,61,person,997,518,1061,686
439,63,car,847,485,1099,641
439,67,person,1150,512,1196,682
439,68,person,765,541,860,710
440,8,person,843,540,897,717
440,12,person,915,570,999,750
440,19,person,1304,498,1363,663
440,24,person,1379,485,1427,627
440,26,car,1524,395,1845,545
440,30,person,1216,539,1261,706
440,33,car,1711,384,1918,522
440,36,person,1455,447,1523,603
440,42,person,1527,458,1584,619
440,47,person,607,575,692,754
440,48,person,1249,491,1296,642
440,52,person,1092,522,1142,695
440,58,person,1158,547,1236,696
440,61,person,991,520,1061,686
440,63,car,849,485,1099,639
440,67,person,1148,512,1194,671
440,68,person,765,541,858,709
441,8,person,841,536,895,717
441,12,person,912,567,998,751
441,19,person,1308,499,1363,667
441,24,person,1380,485,1425,630
441,26,car,1523,394,1845,546
441,30,person,1217,535,1261,704
441,33,car,1714,383,1919,522
441,36,person,1452,447,1524,603
441,42,person,1522,459,1583,619
441,47,person,606,575,686,755
441,48,person,1248,492,1294,641
441,52,person,1088,520,1140,696
441,58,person,1154,548,1233,696
441,61,person,985,517,1061,687
441,63,car,850,484,1099,643
441,67,person,1144,513,1191,681
441,68,person,766,540,854,708
442,8,person,839,534,896,718
442,12,person,912,567,997,751
442,19,person,1302,498,1361,668
442,24,person,1378,484,1424,630
442,26,car,1523,394,1845,545
442,30,person,1212,536,1259,705
442,33,car,1715,383,1919,522
442,36,person,1451,446,1513,602
442,42,person,1520,460,1581,616
442,47,person,605,576,685,755
442,48,person,1247,492,1293,640
442,52,person,1085,521,1139,695
442,58,person,1154,550,1226,695
442,61,person,981,521,1060,687
442,63,car,852,485,1095,646
442,67,person,1138,513,1189,680
442,68,person,767,539,845,706
443,8,person,834,542,895,723
443,12,person,911,567,998,751
443,19,person,1294,498,1361,669
443,24,person,1375,484,1423,633
443,26,car,1523,394,1845,544
443,30,person,1208,536,1257,705
443,33,car,1716,383,1919,522
443,36,person,1446,445,1509,602
443,42,person,1516,459,1578,615
443,47,person,602,576,680,753
443,48,person,1246,491,1292,642
443,52,person,1083,523,1137,694
443,58,person,1154,550,1223,696
443,61,person,978,524,1060,688
443,63,car,851,484,1094,656
443,67,person,1134,512,1186,676
443,68,person,766,540,837,706
444,8,person,831,538,894,726
444,12,person,911,563,995,751
444,19,person,1288,499,1356,667
444,24,person,1372,485,1421,633
444,26,car,1522,394,1845,544
444,30,person,1200,536,1257,705
444,33,car,1713,385,1919,523
444,36,person,1444,445,1507,603
444,42,person,1514,460,1577,617
444,47,person,604,577,672,756
444,48,person,1245,492,1291,645
444,52,person,1075,521,1135,694
444,58,person,1154,547,1216,696
444,61,person,976,526,1059,689
444,63,car,850,484,1086,661
444,67,person,1133,515,1183,674
444,68,person,766,541,828,706
445,8,person,822,538,894,726
445,12,person,910,565,990,751
445,19,person,1286,499,1354,668
445,24,person,1362,485,1420,634
445,26,car,1522,394,1846,544
445,30,person,1195,536,1255,704
445,33,car,1716,383,1919,522
445,36,person,1442,445,1507,603
445,42,person,1510,461,1571,621
445,47,person,599,577,670,757
445,48,person,1243,492,1290,645
445,52,person,1074,523,1132,694
445,58,person,1154,547,1216,696
445,61,person,976,528,1058,688
445,63,car,851,485,1086,649
445,67,person,1130,516,1179,675
445,68,person,764,541,820,706
446,8,person,813,539,891,726
446,12,person,911,569,984,751
446,19,person,1280,499,1351,669
446,24,person,1355,484,1419,634
446,26,car,1523,393,1846,544
446,30,person,1190,533,1254,705
446,33,car,1717,383,1919,522
446,36,person,1439,444,1502,605
446,42,person,1507,461,1570,621
446,47,person,595,577,657,757
446,48,person,1242,491,1289,647
446,52,person,1068,523,1128,697
446,54,car,1850,369,1919,401
446,58,person,1158,545,1207,695
446,61,person,972,526,1056,687
446,63,car,851,484,1093,639
446,67,person,1125,514,1179,678
446,68,person,758,539,813,708
447,8,person,804,540,887,724
447,12,person,911,567,978,751
447,19,person,1277,500,1348,670
447,24,person,1352,483,1419,635
447,26,car,1522,393,1845,544
447,30,person,1186,532,1254,705
447,33,car,1717,383,1919,522
447,36,person,1436,444,1502,606
447,42,person,1507,463,1567,622
447,47,person,592,577,649,756
447,48,person,1242,489,1286,647
447,52,person,1062,524,1127,697
447,58,person,1155,547,1203,698
447,61,person,973,528,1054,687
447,63,car,851,484,1100,640
447,67,person,1122,514,1176,684
447,68,person,753,539,807,710
448,8,person,798,541,886,725
448,12,person,911,568,975,751
448,19,person,1278,502,1346,671
448,24,person,1347,482,1417,635
448,26,car,1522,394,1846,542
448,30,person,1184,535,1254,704
448,33,car,1718,384,1919,522
448,36,person,1438,445,1499,608
448,42,person,1506,463,1565,622
448,47,person,588,576,647,756
448,48,person,1240,491,1284,649
448,52,person,1054,526,1126,696
448,54,car,1850,369,1919,402
448,58,person,1156,546,1200,698
448,61,person,972,525,1050,688
448,63,car,850,484,1095,631
448,67,person,1121,516,1171,684
448,68,person,746,539,806,712
449,8,person,794,542,880,724
449,12,person,907,569,963,750
449,19,person,1278,504,1345,670
449,24,person,1346,483,1417,634
449,26,car,1522,394,1846,542
449,30,person,1179,537,1255,703
449,33,car,1717,383,1919,522
449,36,person,1438,446,1499,609
449,42,person,1504,463,1563,622
449,47,person,585,577,639,757
449,48,person,1238,493,1284,649
449,52,person,1046,524,1125,696
449,54,car,1849,369,1919,402
449,58,person,1156,544,1198,698
449,61,person,970,525,1045,688
449,63,car,850,484,1115,634
449,67,person,1119,517,1170,676
449,68,person,741,540,803,716
450,8,person,790,542,878,727
450,12,person,903,567,955,750
450,19,person,1276,503,1345,670
450,24,person,1346,483,1418,634
450,26,car,1522,394,1846,542
450,30,person,1180,538,1255,704
450,33,car,1719,384,1919,522
450,36,person,1435,447,1496,610
450,42,person,1503,464,1558,622
450,47,person,581,577,637,756
450,48,person,1236,493,1282,648
450,52,person,1042,525,1124,698
450,54,car,1850,369,1919,400
450,58,person,1152,547,1197,695
450,61,person,966,525,1040,689
450,63,car,849,484,1108,631
450,67,person,1117,518,1168,675
450,68,person,735,541,801,715
451,8,person,786,546,877,729
451,12,person,899,567,948,751
451,19,person,1278,505,1344,671
451,24,person,1346,486,1416,633
451,26,car,1523,394,1846,542
451,30,person,1174,537,1255,704
451,33,car,1719,384,1919,522
451,36,person,1433,448,1494,609
451,42,person,1503,465,1556,622
451,47,person,576,577,637,757
451,48,person,1234,493,1281,646
451,52,person,1040,525,1125,700
451,54,car,1850,369,1919,400
451,58,person,1148,547,1195,696
451,61,person,964,524,1035,687
451,63,car,849,483,1113,642
451,67,person,1114,515,1163,678
451,68,person,730,543,799,715
452,8,person,786,543,877,729
452,12,person,894,570,944,751
452,19,person,1278,505,1340,671
452,24,person,1345,485,1416,633
452,26,car,1523,394,1847,542
452,30,person,1168,535,1254,705
452,33,car,1719,384,1919,522
452,36,person,1432,449,1490,610
452,42,person,1503,464,1553,622
452,47,person,574,578,636,757
452,48,person,1232,492,1281,644
452,52,person,1038,525,1125,700
452,54,car,1850,369,1919,400
452,58,person,1143,547,1193,694
452,61,person,964,524,1028,688
452,63,car,847,482,1107,651
452,67,person,1113,516,1159,677
452,68,person,723,546,799,713
453,8,person,786,543,874,730
453,12,person,888,570,943,752
453,19,person,1277,507,1336,671
453,24,person,1343,487,1415,634
453,26,car,1524,394,1846,542
453,30,person,1177,534,1251,704
453,33,car,1716,384,1919,522
453,36,person,1430,450,1488,612
453,42,person,1502,464,1551,621
453,47,person,565,579,636,759
453,48,person,1231,493,1280,644
453,52,person,1039,526,1125,701
453,54,car,1849,369,1919,400
453,58,person,1142,545,1191,703
453,61,person,964,525,1021,689
453,63,car,845,483,1074,652
453,67,person,1112,517,1155,677
453,68,person,720,546,799,713
454,8,person,786,544,871,730
454,12,person,880,569,942,751
454,19,person,1279,506,1331,672
454,24,person,1342,487,1412,634
454,26,car,1523,394,1847,542
454,30,person,1175,533,1251,705
454,33,car,1719,384,1919,522
454,36,person,1426,450,1488,608
454,42,person,1501,463,1548,622
454,47,person,558,580,636,761
454,48,person,1230,494,1279,643
454,52,person,1038,527,1125,701
454,54,car,1850,369,1919,400
454,58,person,1137,546,1188,700
454,61,person,964,523,1016,689
454,63,car,846,483,1083,651
454,67,person,1111,516,1155,676
454,68,person,717,546,799,715
455,8,person,786,544,868,730
455,12,person,867,569,941,753
455,19,person,1277,507,1326,672
455,24,person,1341,486,1411,634
455,26,car,1524,394,1847,542
455,30,person,1177,535,1250,705
455,33,car,1719,384,1919,523
455,36,person,1426,451,1486,615
455,42,person,1500,464,1545,622
455,47,person,551,581,636,763
455,48,person,1227,494,1279,643
455,52,person,1038,526,1120,701
455,54,car,1850,368,1919,400
455,58,person,1129,548,1186,699
455,61,person,960,523,1015,690
455,63,car,845,483,1077,647
455,67,person,1106,513,1151,673
455,68,person,715,545,797,715
456,8,person,786,544,859,731
456,12,person,858,575,941,752
456,19,person,1276,506,1322,671
456,24,person,1338,486,1408,634
456,26,car,1524,394,1847,542
456,30,person,1177,534,1250,705
456,33,car,1717,384,1919,523
456,36,person,1424,450,1487,612
456,42,person,1494,463,1544,622
456,47,person,547,583,636,765
456,48,person,1223,494,1278,646
456,52,person,1038,527,1121,701
456,54,car,1849,369,1919,402
456,58,person,1125,547,1184,703
456,61,person,956,528,1010,694
456,63,car,846,483,1070,646
456,67,person,1102,515,1147,680
456,68,person,712,546,797,718
457,8,person,786,545,853,731
457,12,person,850,577,941,753
457,19,person,1274,505,1317,672
457,24,person,1340,487,1404,632
457,26,car,1525,395,1847,542
457,30,person,1175,532,1247,705
457,33,car,1716,384,1919,523
457,36,person,1423,451,1484,613
457,42,person,1492,463,1542,622
457,47,person,548,583,635,765
457,48,person,1218,496,1276,646
457,52,person,1038,527,1116,701
457,58,person,1120,546,1182,701
457,61,person,953,528,1007,694
457,63,car,846,483,1066,646
457,67,person,1099,516,1144,678
457,68,person,710,545,797,718
458,8,person,785,545,844,730
458,12,person,844,576,941,754
458,19,person,1271,504,1314,670
458,24,person,1339,487,1401,631
458,26,car,1525,395,1847,542
458,30,person,1173,532,1246,705
458,33,car,1717,383,1919,523
458,36,person,1423,452,1481,613
458,42,person,1491,465,1538,623
458,47,person,547,584,634,766
458,48,person,1215,495,1275,647
458,52,person,1039,528,1112,700
458,54,car,1849,369,1919,406
458,58,person,1112,549,1182,699
458,61,person,947,527,1005,696
458,63,car,844,484,1066,646
458,67,person,1093,516,1142,679
458,68,person,709,546,790,717
459,8,person,783,546,836,731
459,12,person,843,576,941,755
459,19,person,1268,506,1314,671
459,24,person,1339,487,1396,632
459,26,car,1525,395,1847,542
459,30,person,1173,533,1243,706
459,33,car,1718,383,1919,523
459,36,person,1423,452,1479,614
459,42,person,1486,463,1539,623
459,47,person,545,584,631,767
459,48,person,1214,496,1274,648
459,52,person,1039,528,1109,701
459,54,car,1849,369,1919,405
459,58,person,1115,552,1184,703
459,61,person,940,528,1005,696
459,63,car,844,483,1065,648
459,67,person,1090,517,1141,676
459,68,person,706,545,786,717
460,8,person,780,546,831,731
460,12,person,840,576,942,756
460,19,person,1265,505,1312,671
460,24,person,1336,487,1394,633
460,26,car,1525,395,1847,542
460,30,person,1173,533,1239,706
460,33,car,1716,384,1919,523
460,36,person,1424,453,1476,613
460,42,person,1478,463,1537,623
460,47,person,545,584,627,768
460,48,person,1212,496,1273,648
460,52,person,1038,528,1100,701
460,54,car,1849,369,1919,406
460,58,person,1113,553,1182,703
460,61,person,936,529,1005,699
460,63,car,844,483,1066,650
460,67,person,1088,517,1138,680
460,68,person,707,546,780,718
461,8,person,776,546,827,730
461,12,person,839,577,941,756
461,19,person,1258,506,1310,672
461,24,person,1333,486,1390,632
461,26,car,1525,395,1847,542
461,30,person,1173,538,1236,706
461,33,car,1716,384,1919,523
461,36,person,1424,452,1474,614
461,42,person,1472,464,1535,624
461,47,person,545,585,624,768
461,48,person,1212,497,1271,648
461,52,person,1036,530,1092,702
461,58,person,1112,552,1180,703
461,61,person,933,530,1003,700
461,63,car,844,483,1063,649
461,67,person,1083,518,1133,679
461,68,person,703,547,775,717
462,8,person,770,546,825,730
462,12,person,839,577,941,755
462,19,person,1247,506,1310,672
462,24,person,1322,486,1388,633
462,26,car,1525,395,1847,542
462,30,person,1173,538,1232,706
462,33,car,1717,384,1919,523
462,36,person,1423,452,1473,614
462,42,person,1468,465,1534,625
462,47,person,544,585,619,768
462,48,person,1210,499,1269,645
462,52,person,1031,530,1084,702
462,54,car,1850,369,1919,407
462,58,person,1112,551,1179,703
462,61,person,930,529,1003,700
462,63,car,845,483,1058,647
462,67,person,1073,514,1132,677
462,68,person,705,546,758,719
463,8,person,766,545,823,730
463,12,person,840,577,938,755
463,19,person,1242,507,1311,671
463,24,person,1327,487,1386,635
463,26,car,1524,396,1847,543
463,30,person,1174,538,1228,706
463,33,car,1716,384,1919,523
463,36,person,1421,452,1471,614
463,42,person,1465,467,1534,624
463,47,person,541,584,617,768
463,48,person,1210,500,1267,647
463,52,person,1025,529,1079,707
463,58,person,1112,550,1177,703
463,61,person,930,530,1002,701
463,63,car,845,483,1079,647
463,67,person,1068,513,1129,679
463,68,person,703,545,756,718
464,8,person,760,548,820,731
464,12,person,838,572,935,756
464,19,person,1232,509,1310,672
464,24,person,1329,487,1382,636
464,26,car,1524,396,1847,543
464,30,person,1173,537,1224,706
464,33,car,1714,384,1919,523
464,36,person,1417,452,1468,615
464,42,person,1460,467,1532,625
464,47,person,538,585,614,768
464,48,person,1209,497,1267,648
464,52,person,1023,532,1078,707
464,58,person,1112,550,1170,703
464,61,person,930,533,1002,701
464,63,car,845,483,1075,651
464,67,person,1064,515,1128,681
464,68,person,700,545,750,720
465,8,person,750,547,818,732
465,12,person,837,570,932,756
465,19,person,1228,509,1309,672
465,24,person,1326,489,1382,638
465,26,car,1524,396,1847,543
465,30,person,1171,536,1216,706
465,33,car,1715,384,1919,523
465,36,person,1415,453,1465,615
465,42,person,1460,466,1532,626
465,47,person,535,584,596,769
465,48,person,1208,498,1264,649
465,52,person,1018,532,1079,709
465,58,person,1110,549,1150,704
465,61,person,928,530,1000,702
465,63,car,845,483,1074,647
465,67,person,1062,518,1129,684
465,68,person,697,546,746,718
466,8,person,738,549,818,732
466,12,person,837,565,926,756
466,19,person,1226,510,1309,673
466,24,person,1326,490,1378,637
466,26,car,1524,395,1847,543
466,30,person,1169,535,1212,706
466,33,car,1715,384,1919,523
466,36,person,1410,453,1464,614
466,42,person,1459,466,1532,626
466,47,person,530,584,591,769
466,48,person,1207,496,1261,647
466,52,person,1015,532,1074,709
466,58,person,1108,549,1147,704
466,61,person,927,530,994,702
466,63,car,846,484,1056,628
466,67,person,1063,518,1123,681
466,68,person,694,545,745,718
467,8,person,725,551,818,732
467,12,person,838,564,921,755
467,19,person,1223,510,1309,673
467,24,person,1323,491,1377,633
467,26,car,1524,395,1847,542
467,30,person,1167,533,1210,706
467,33,car,1716,384,1919,523
467,36,person,1406,453,1461,613
467,42,person,1457,468,1532,628
467,47,person,526,585,586,771
467,48,person,1204,494,1259,650
467,52,person,1009,531,1072,710
467,58,person,1109,550,1147,705
467,61,person,923,530,991,702
467,63,car,846,484,1054,630
467,67,person,1062,519,1124,681
467,68,person,686,546,743,717
468,8,person,723,551,818,732
468,12,person,837,565,914,756
468,19,person,1223,508,1309,673
468,24,person,1320,491,1376,636
468,26,car,1524,395,1847,543
468,30,person,1164,534,1209,706
468,33,car,1716,384,1919,523
468,36,person,1399,454,1461,615
468,42,person,1457,467,1532,628
468,47,person,520,585,577,775
468,48,person,1203,494,1257,650
468,52,person,1005,532,1072,710
468,58,person,1108,551,1144,704
468,61,person,921,528,986,701
468,63,car,847,484,1054,631
468,67,person,1061,518,1123,680
468,68,person,675,547,744,720
469,8,person,722,551,817,732
469,12,person,838,565,907,756
469,19,person,1222,506,1309,673
469,24,person,1317,491,1374,637
469,26,car,1524,396,1847,543
469,30,person,1163,535,1209,706
469,33,car,1716,384,1919,523
469,36,person,1393,455,1459,615
469,42,person,1457,467,1531,628
469,47,person,518,586,577,776
469,48,person,1200,493,1254,650
469,52,person,1000,535,1072,711
469,58,person,1103,549,1143,704
469,61,person,923,531,981,701
469,63,car,847,483,1058,643
469,67,person,1057,520,1115,681
469,68,person,663,550,743,727
470,8,person,719,552,815,734
470,12,person,836,567,901,757
470,19,person,1222,506,1306,673
470,24,person,1314,492,1373,639
470,26,car,1524,395,1847,543
470,30,person,1156,535,1208,706
470,33,car,1715,384,1919,523
470,36,person,1387,455,1457,615
470,42,person,1457,467,1530,628
470,47,person,514,588,576,775
470,48,person,1198,493,1251,649
470,52,person,998,537,1071,711
470,54,car,1850,369,1919,412
470,58,person,1098,549,1140,704
470,61,person,921,529,979,701
470,63,car,846,484,1059,665
470,67,person,1058,516,1109,684
470,68,person,654,550,741,727
471,8,person,716,552,814,735
471,12,person,830,566,894,758
471,19,person,1222,510,1302,673
471,24,person,1314,493,1373,637
471,26,car,1524,396,1847,543
471,30,person,1150,535,1208,706
471,33,car,1715,384,1919,523
471,36,person,1384,456,1455,614
471,42,person,1457,467,1528,628
471,47,person,512,592,578,778
471,48,person,1196,493,1249,648
471,52,person,993,539,1068,711
471,54,car,1850,369,1919,412
471,58,person,1091,550,1139,704
471,61,person,918,527,978,701
471,63,car,846,484,1063,664
471,67,person,1056,514,1106,686
471,68,person,651,550,741,724
472,8,person,715,553,813,735
472,12,person,824,574,884,760
472,19,person,1221,512,1298,673
472,24,person,1313,494,1371,638
472,26,car,1524,396,1847,543
472,30,person,1142,535,1207,706
472,33,car,1716,384,1919,523
472,36,person,1382,456,1454,615
472,42,person,1456,468,1525,628
472,47,person,503,593,577,776
472,48,person,1194,495,1247,648
472,52,person,991,540,1067,712
472,58,person,1081,551,1139,706
472,61,person,914,528,974,701
472,63,car,846,484,1058,659
472,67,person,1055,515,1102,676
472,68,person,645,549,740,722
473,8,person,712,552,813,736
473,12,person,820,577,880,763
473,19,person,1221,511,1294,673
473,24,person,1312,494,1369,638
473,26,car,1524,395,1847,543
473,30,person,1139,535,1207,705
473,33,car,1716,384,1919,523
473,36,person,1383,457,1453,616
473,42,person,1456,468,1522,628
473,47,person,498,591,578,777
473,48,person,1193,496,1243,652
473,52,person,991,541,1065,712
473,58,person,1074,551,1139,706
473,61,person,910,530,978,702
473,63,car,846,484,1055,661
473,67,person,1050,516,1097,680
473,68,person,648,552,740,723
473,73,car,1849,370,1919,437
474,8,person,712,552,812,737
474,12,person,815,578,879,765
474,19,person,1220,511,1288,673
474,24,person,1309,494,1369,637
474,26,car,1524,395,1847,543
474,30,person,1136,537,1206,707
474,33,car,1715,383,1919,523
474,36,person,1382,459,1453,616
474,42,person,1456,468,1519,627
474,47,person,495,591,579,779
474,48,person,1193,495,1239,654
474,52,person,993,539,1062,712
474,58,person,1071,552,1138,706
474,61,person,908,531,976,702
474,63,car,846,484,1053,659
474,67,person,1048,517,1096,680
474,68,person,647,553,738,722
474,73,car,1850,370,1919,434
475,8,person,713,552,808,736
475,12,person,810,578,877,766
475,19,person,1220,511,1284,674
475,24,person,1308,493,1362,637
475,26,car,1524,394,1847,543
475,30,person,1135,535,1206,706
475,33,car,1716,383,1919,522
475,36,person,1383,458,1453,617
475,42,person,1456,469,1515,627
475,47,person,491,594,577,780
475,48,person,1192,496,1238,652
475,52,person,990,536,1059,712
475,58,person,1069,553,1137,706
475,61,person,904,529,973,702
475,63,car,846,484,1055,658
475,67,person,1049,518,1094,681
475,68,person,644,554,737,723
475,73,car,1850,370,1919,434
476,8,person,711,552,805,738
476,12,person,807,578,876,765
476,19,person,1219,511,1277,674
476,24,person,1307,494,1362,637
476,26,car,1524,394,1846,543
476,30,person,1133,537,1204,706
476,33,car,1716,383,1919,522
476,36,person,1382,458,1452,617
476,42,person,1453,468,1510,627
476,47,person,489,595,576,780
476,48,person,1190,495,1235,652
476,52,person,992,538,1053,712
476,54,car,1850,369,1919,407
476,58,person,1068,554,1137,706
476,61,person,894,528,964,703
476,63,car,846,484,1056,659
476,67,person,1044,519,1091,681
476,68,person,645,554,735,723
476,73,car,1849,370,1919,433
477,8,person,713,552,800,737
477,12,person,800,578,874,764
477,19,person,1214,511,1271,675
477,24,person,1304,494,1358,637
477,26,car,1524,394,1847,543
477,30,person,1130,538,1204,706
477,33,car,1716,383,1919,522
477,36,person,1382,457,1452,617
477,42,person,1449,467,1507,627
477,47,person,493,595,575,781
477,48,person,1188,495,1232,650
477,52,person,991,538,1051,713
477,54,car,1850,369,1919,408
477,58,person,1065,554,1136,707
477,61,person,885,527,961,703
477,63,car,846,484,1055,658
477,67,person,1042,518,1087,678
477,68,person,645,556,734,724
477,73,car,1850,370,1919,433
478,8,person,713,552,796,737
478,12,person,798,579,874,763
478,19,person,1212,511,1264,676
478,24,person,1303,494,1355,636
478,26,car,1524,394,1847,543
478,30,person,1130,536,1204,706
478,33,car,1717,383,1919,522
478,36,person,1382,457,1452,617
478,42,person,1450,467,1506,628
478,47,person,493,597,569,781
478,48,person,1187,496,1229,650
478,52,person,991,537,1043,714
478,54,car,1850,368,1919,408
478,58,person,1066,552,1134,706
478,61,person,878,530,962,704
478,63,car,846,484,1054,657
478,67,person,1037,517,1083,679
478,68,person,644,553,730,724
479,8,person,713,551,791,736
479,12,person,794,581,874,767
479,19,person,1211,510,1261,679
479,24,person,1300,494,1352,636
479,26,car,1524,394,1847,543
479,30,person,1127,533,1203,706
479,33,car,1717,383,1919,522
479,36,person,1381,456,1451,617
479,42,person,1452,467,1506,631
479,47,person,490,597,562,781
479,48,person,1186,495,1227,652
479,52,person,988,538,1038,711
479,58,person,1064,552,1133,707
479,61,person,871,533,964,703
479,63,car,847,484,1051,658
479,67,person,1034,517,1080,671
479,68,person,643,552,723,724
480,8,person,714,552,782,737
480,12,person,792,582,874,766
480,19,person,1205,512,1259,679
480,24,person,1299,494,1350,637
480,26,car,1523,395,1846,543
480,30,person,1127,532,1202,706
480,33,car,1715,384,1919,522
480,36,person,1381,456,1449,617
480,42,person,1443,467,1505,632
480,47,person,488,595,558,781
480,48,person,1187,497,1225,649
480,52,person,986,536,1033,714
480,58,person,1064,552,1130,707
480,61,person,868,534,959,703
480,63,car,847,484,1050,657
480,67,person,1029,516,1078,678
480,68,person,643,553,719,724
480,73,car,1849,369,1919,433
481,8,person,712,552,774,737
481,12,person,787,579,873,766
481,19,person,1200,514,1258,680
481,24,person,1296,493,1348,639
481,26,car,1524,395,1847,543
481,30,person,1128,531,1200,706
481,33,car,1715,384,1919,522
481,36,person,1380,456,1445,617
481,42,person,1438,468,1505,633
481,47,person,486,594,550,782
481,48,person,1187,498,1225,647
481,52,person,984,538,1032,711
481,58,person,1063,551,1127,707
481,61,person,867,533,961,703
481,63,car,847,484,1050,657
481,67,person,1025,515,1077,678
481,68,person,643,552,709,722
482,8,person,703,551,768,740
482,12,person,786,581,872,769
482,19,person,1201,512,1254,682
482,24,person,1293,493,1347,638
482,26,car,1524,395,1847,543
482,30,person,1121,532,1197,706
482,33,car,1715,384,1919,522
482,36,person,1379,456,1441,618
482,42,person,1432,469,1503,634
482,47,person,483,596,543,781
482,48,person,1186,499,1224,646
482,52,person,979,538,1032,711
482,58,person,1064,552,1122,706
482,61,person,867,533,957,703
482,63,car,847,485,1048,660
482,67,person,1023,516,1074,681
482,68,person,640,552,692,722
483,8,person,696,552,767,740
483,12,person,786,583,872,769
483,19,person,1196,513,1253,681
483,24,person,1292,493,1345,637
483,26,car,1524,395,1847,543
483,30,person,1121,531,1195,706
483,33,car,1715,384,1919,522
483,36,person,1376,456,1437,617
483,42,person,1432,470,1500,632
483,47,person,474,599,536,781
483,52,person,971,538,1029,710
483,58,person,1064,552,1117,707
483,61,person,864,532,956,704
483,63,car,847,484,1047,662
483,67,person,1024,516,1072,677
483,68,person,636,553,686,726
484,8,person,692,552,767,743
484,12,person,786,584,871,768
484,19,person,1192,512,1252,681
484,24,person,1287,492,1344,637
484,26,car,1524,395,1847,543
484,30,person,1122,530,1190,706
484,33,car,1715,384,1919,522
484,36,person,1374,456,1433,617
484,42,person,1430,470,1499,634
484,47,person,467,598,529,782
484,52,person,960,535,1028,712
484,58,person,1062,555,1109,708
484,61,person,864,536,958,704
484,63,car,847,482,1093,661
484,67,person,1019,515,1072,674
484,68,person,629,553,682,727
484,74,person,1185,498,1222,602
485,8,person,687,552,765,743
485,12,person,786,584,868,769
485,19,person,1189,520,1251,681
485,24,person,1282,493,1342,638
485,26,car,1524,395,1847,543
485,30,person,1120,531,1183,705
485,33,car,1715,384,1919,523
485,36,person,1374,457,1428,617
485,42,person,1419,471,1497,635
485,47,person,462,600,527,782
485,52,person,955,534,1027,711
485,58,person,1058,555,1105,708
485,61,person,866,533,950,705
485,63,car,848,482,1107,659
485,67,person,1016,517,1070,665
485,68,person,626,551,679,729
485,74,person,1185,499,1228,603
486,8,person,679,552,764,748
486,12,person,785,584,862,770
486,19,person,1182,518,1251,681
486,24,person,1275,493,1340,640
486,26,car,1524,395,1847,543
486,30,person,1120,531,1178,705
486,33,car,1714,384,1919,523
486,36,person,1371,458,1424,618
486,42,person,1417,471,1494,634
486,47,person,454,599,525,782
486,52,person,946,539,1026,711
486,58,person,1054,557,1103,710
486,61,person,866,533,947,705
486,63,car,848,483,1129,664
486,67,person,1013,515,1069,668
486,68,person,619,552,677,731
486,73,car,1849,371,1919,436
486,74,person,1183,499,1225,600
487,8,person,680,556,761,746
487,12,person,786,583,855,771
487,19,person,1181,512,1250,682
487,24,person,1269,492,1339,639
487,26,car,1524,396,1847,543
487,30,person,1119,531,1171,704
487,33,car,1713,384,1919,523
487,36,person,1367,458,1423,619
487,42,person,1422,473,1493,633
487,47,person,448,599,525,782
487,52,person,943,541,1027,712
487,58,person,1051,557,1099,712
487,61,person,865,537,940,704
487,63,car,849,484,1116,658
487,67,person,1010,517,1067,668
487,68,person,610,554,677,730
488,8,person,670,555,757,743
488,12,person,787,584,849,771
488,19,person,1179,508,1254,685
488,24,person,1266,493,1340,640
488,26,car,1524,396,1847,543
488,30,person,1117,530,1166,704
488,33,car,1715,384,1919,523
488,36,person,1364,459,1421,620
488,42,person,1423,474,1490,635
488,47,person,441,602,526,783
488,52,person,940,540,1026,714
488,58,person,1047,559,1098,714
488,61,person,865,539,934,704
488,63,car,848,485,1117,651
488,67,person,1009,514,1062,671
488,68,person,600,557,678,728
489,8,person,666,559,753,743
489,12,person,784,584,843,771
489,19,person,1178,515,1249,684
489,24,person,1265,494,1340,641
489,26,car,1524,396,1847,543
489,30,person,1116,534,1160,703
489,33,car,1714,384,1919,523
489,36,person,1357,460,1416,623
489,42,person,1419,475,1487,637
489,47,person,433,602,527,784
489,52,person,937,541,1026,715
489,58,person,1034,555,1096,714
489,61,person,864,540,928,704
489,63,car,847,485,1113,644
489,67,person,1004,515,1060,677
489,68,person,595,558,677,728
490,8,person,664,559,750,744
490,12,person,781,585,834,771
490,19,person,1177,509,1248,684
490,24,person,1265,493,1339,641
490,26,car,1524,396,1847,543
490,30,person,1114,532,1158,703
490,33,car,1711,385,1918,523
490,36,person,1356,461,1417,624
490,42,person,1415,475,1487,637
490,47,person,431,602,527,785
490,52,person,939,540,1025,714
490,58,person,1035,555,1095,716
490,61,person,859,535,919,706
490,63,car,845,485,1104,640
490,67,person,1001,517,1057,678
490,68,person,593,559,679,728
491,8,person,660,560,748,744
491,12,person,777,585,829,770
491,19,person,1176,521,1246,684
491,24,person,1266,495,1338,641
491,26,car,1525,396,1847,543
491,30,person,1110,532,1156,702
491,33,car,1713,384,1919,523
491,36,person,1355,463,1414,622
491,42,person,1417,475,1485,637
491,47,person,429,603,526,786
491,52,person,936,539,1026,716
491,58,person,1031,557,1095,715
491,61,person,856,536,911,706
491,63,car,844,485,1113,639
491,67,person,998,520,1057,673
491,68,person,591,560,679,729
492,8,person,659,560,749,746
492,12,person,772,585,822,771
492,19,person,1177,522,1241,684
492,24,person,1265,495,1336,642
492,26,car,1524,396,1846,544
492,30,person,1102,534,1155,703
492,33,car,1713,384,1919,524
492,36,person,1352,464,1413,623
492,42,person,1409,478,1482,639
492,47,person,429,602,525,786
492,52,person,937,539,1024,715
492,58,person,1027,561,1095,716
492,61,person,857,540,903,706
492,63,car,845,486,1113,640
492,67,person,997,520,1047,675
492,68,person,588,559,678,731
493,8,person,657,561,747,749
493,12,person,768,585,820,771
493,19,person,1178,528,1235,683
493,24,person,1264,496,1336,642
493,26,car,1525,396,1847,544
493,30,person,1094,534,1153,704
493,33,car,1714,384,1919,524
493,36,person,1350,465,1412,624
493,42,person,1409,477,1480,639
493,47,person,430,605,523,789
493,52,person,937,542,1022,718
493,58,person,1026,562,1094,718
493,61,person,855,541,899,708
493,63,car,845,485,1113,637
493,67,person,991,518,1034,678
493,68,person,589,560,677,732
494,8,person,656,562,745,750
494,12,person,760,586,820,771
494,19,person,1176,520,1232,684
494,24,person,1264,495,1332,642
494,26,car,1525,396,1847,545
494,30,person,1092,536,1154,703
494,33,car,1714,384,1919,524
494,36,person,1348,464,1410,623
494,42,person,1413,478,1477,640
494,47,person,430,603,520,788
494,52,person,937,539,1020,718
494,58,person,1027,563,1092,719
494,61,person,851,537,898,710
494,63,car,845,485,1108,638
494,67,person,986,518,1030,679
494,68,person,589,561,676,732
495,8,person,656,563,742,750
495,12,person,750,587,819,771
495,19,person,1176,520,1228,684
495,24,person,1262,497,1328,644
495,26,car,1525,396,1846,545
495,30,person,1085,533,1155,705
495,33,car,1714,384,1919,524
495,36,person,1347,467,1408,623
495,42,person,1413,478,1475,641
495,47,person,430,604,512,789
495,52,person,936,539,1017,717
495,58,person,1026,564,1089,719
495,61,person,845,534,898,711
495,63,car,848,486,1105,643
495,67,person,986,516,1028,679
495,68,person,589,561,668,732
496,8,person,656,563,740,750
496,12,person,745,588,818,771
496,19,person,1174,517,1224,684
496,24,person,1263,495,1324,642
496,26,car,1525,396,1846,545
496,30,person,1077,535,1156,706
496,33,car,1714,384,1919,524
496,36,person,1348,466,1408,623
496,42,person,1414,477,1473,641
496,47,person,430,604,507,790
496,52,person,937,540,1012,717
496,58,person,1013,563,1086,718
496,61,person,834,535,897,713
496,63,car,848,487,1104,650
496,67,person,986,517,1027,684
496,68,person,587,560,663,732
497,8,person,654,563,736,749
497,12,person,733,588,817,773
497,19,person,1171,512,1222,684
497,24,person,1261,495,1319,642
497,26,car,1525,396,1846,545
497,30,person,1074,534,1155,706
497,33,car,1714,384,1919,524
497,36,person,1344,466,1408,625
497,42,person,1415,478,1470,639
497,47,person,428,605,501,791
497,52,person,937,541,1008,717
497,58,person,1015,563,1084,719
497,61,person,825,537,898,713
497,63,car,848,486,1102,648
497,67,person,981,519,1024,682
497,68,person,587,561,658,731
498,8,person,655,563,727,751
498,12,person,725,589,817,774
498,19,person,1169,511,1220,685
498,24,person,1259,495,1316,642
498,26,car,1524,396,1846,545
498,30,person,1074,534,1154,706
498,33,car,1714,385,1919,524
498,36,person,1345,465,1408,625
498,42,person,1414,477,1468,641
498,47,person,429,606,494,789
498,52,person,937,539,1001,717
498,58,person,1014,566,1080,719
498,61,person,819,543,897,713
498,63,car,849,486,1102,645
498,67,person,981,518,1021,678
498,68,person,585,560,634,732
499,8,person,656,563,710,750
499,12,person,722,590,818,775
499,19,person,1165,516,1216,685
499,24,person,1258,494,1314,643
499,26,car,1525,396,1846,545
499,30,person,1075,535,1153,706
499,33,car,1715,385,1919,524
499,36,person,1345,465,1404,628
499,42,person,1414,477,1467,640
499,47,person,424,606,491,790
499,52,person,935,546,993,717
499,58,person,1024,568,1074,719
499,61,person,815,545,897,713
499,63,car,852,487,1102,649
499,67,person,975,517,1021,678
499,68,person,582,561,631,733
500,8,person,654,563,703,750
500,12,person,721,592,818,777
500,19,person,1162,518,1212,685
500,24,person,1257,495,1311,642
500,26,car,1525,395,1846,545
500,30,person,1073,538,1151,706
500,33,car,1714,385,1918,523
500,36,person,1342,468,1401,627
500,42,person,1413,478,1465,638
500,47,person,421,606,479,791
500,52,person,927,542,989,717
500,58,person,1024,567,1070,720
500,61,person,816,544,896,714
500,63,car,852,487,1099,649
500,67,person,971,519,1018,680
500,68,person,578,559,631,733
501,8,person,650,562,698,749
501,12,person,717,592,816,777
501,19,person,1157,520,1211,686
501,24,person,1255,495,1309,644
501,26,car,1525,395,1846,545
501,30,person,1072,538,1149,706
501,33,car,1715,385,1919,524
501,36,person,1345,467,1398,628
501,42,person,1408,478,1461,639
501,47,person,417,607,466,793
501,48,person,1185,507,1222,668
501,52,person,924,546,981,718
501,58,person,1022,566,1066,718
501,61,person,813,540,895,714
501,63,car,850,487,1096,651
501,67,person,971,520,1016,680
501,68,person,575,561,624,734
502,8,person,644,564,694,750
502,12,person,717,593,816,778
502,19,person,1148,520,1209,685
502,24,person,1255,495,1308,645
502,26,car,1525,395,1846,545
502,30,person,1072,537,1145,706
502,33,car,1715,384,1919,524
502,36,person,1345,466,1393,628
502,42,person,1404,478,1459,638
502,47,person,413,608,463,796
502,48,person,1184,507,1220,667
502,52,person,922,544,976,719
502,58,person,1021,566,1064,719
502,61,person,812,540,893,715
502,63,car,850,488,1093,645
502,67,person,968,518,1015,681
502,68,person,573,560,622,735
503,8,person,638,563,693,751
503,12,person,716,595,815,778
503,19,person,1141,519,1206,683
503,24,person,1250,494,1305,647
503,26,car,1525,395,1846,545
503,30,person,1070,537,1142,706
503,33,car,1715,384,1919,524
503,36,person,1343,466,1389,628
503,42,person,1397,479,1456,640
503,47,person,408,609,463,798
503,48,person,1184,509,1218,672
503,52,person,913,548,976,722
503,58,person,1018,564,1062,720
503,61,person,811,539,890,715
503,63,car,848,487,1086,637
503,67,person,963,518,1016,683
503,68,person,567,560,619,734
504,8,person,635,564,689,749
504,12,person,714,597,817,778
504,19,person,1139,520,1205,684
504,24,person,1250,495,1304,647
504,26,car,1525,396,1846,545
504,30,person,1069,534,1136,706
504,33,car,1715,385,1919,524
504,36,person,1339,465,1387,629
504,42,person,1391,480,1455,641
504,47,person,396,608,463,799
504,48,person,1182,510,1218,669
504,52,person,913,547,975,724
504,58,person,1012,564,1061,720
504,61,person,812,539,884,715
504,63,car,849,487,1074,629
504,67,person,961,519,1014,682
504,68,person,558,560,618,734
505,8,person,630,566,688,751
505,12,person,713,597,814,779
505,19,person,1134,522,1205,684
505,24,person,1248,496,1303,646
505,26,car,1525,395,1846,545
505,30,person,1069,538,1130,705
505,33,car,1714,384,1919,524
505,36,person,1335,464,1382,628
505,42,person,1381,480,1453,642
505,47,person,382,606,464,797
505,48,person,1179,508,1217,675
505,52,person,908,545,975,722
505,58,person,1004,563,1059,719
505,61,person,808,539,880,715
505,63,car,847,487,1072,630
505,67,person,959,520,1013,681
505,68,person,544,560,619,735
506,8,person,617,564,687,750
506,12,person,714,594,808,779
506,19,person,1125,521,1206,685
506,24,person,1245,496,1301,646
506,26,car,1525,396,1846,545
506,30,person,1068,536,1116,707
506,33,car,1714,384,1919,524
506,36,person,1333,464,1381,629
506,42,person,1377,481,1452,642
506,47,person,373,606,463,796
506,48,person,1178,508,1215,674
506,52,person,902,547,973,725
506,58,person,995,563,1057,720
506,61,person,810,539,874,715
506,63,car,847,485,1075,628
506,67,person,948,518,1011,680
506,68,person,532,562,617,733
507,8,person,607,565,687,752
507,12,person,716,592,802,779
507,19,person,1120,523,1206,685
507,24,person,1243,495,1300,648
507,26,car,1525,396,1846,545
507,30,person,1067,536,1114,706
507,33,car,1713,384,1919,523
507,36,person,1328,465,1378,629
507,42,person,1375,481,1452,642
507,47,person,368,609,462,799
507,48,person,1175,509,1216,671
507,52,person,897,551,974,724
507,58,person,988,568,1056,722
507,61,person,802,539,868,714
507,63,car,847,485,1080,632
507,67,person,949,518,1009,678
507,68,person,526,563,617,734
508,8,person,591,566,687,752
508,12,person,715,593,796,780
508,19,person,1121,521,1205,686
508,24,person,1241,496,1297,649
508,26,car,1525,395,1846,545
508,30,person,1064,533,1107,705
508,33,car,1714,385,1919,524
508,36,person,1326,464,1378,628
508,42,person,1375,481,1452,643
508,47,person,366,611,462,801
508,48,person,1173,509,1216,673
508,52,person,894,548,972,724
508,58,person,982,570,1056,722
508,61,person,801,541,860,715
508,63,car,847,486,1103,642
508,67,person,944,519,1009,669
508,68,person,523,564,618,735
509,8,person,589,567,688,752
509,12,person,715,592,789,780
509,19,person,1119,520,1204,687
509,24,person,1237,497,1294,649
509,26,car,1524,396,1846,545
509,30,person,1057,536,1104,707
509,33,car,1713,384,1919,524
509,36,person,1319,465,1375,627
509,42,person,1374,481,1452,644
509,47,person,366,612,462,801
509,48,person,1171,510,1215,674
509,52,person,892,548,970,725
509,58,person,980,572,1056,722
509,61,person,801,540,852,714
509,63,car,846,486,1106,639
509,67,person,941,516,1004,680
509,68,person,522,566,615,736
510,8,person,586,568,688,751
510,12,person,715,594,783,779
510,19,person,1119,522,1202,688
510,24,person,1236,498,1293,648
510,26,car,1524,396,1847,544
510,30,person,1053,536,1104,708
510,33,car,1713,384,1919,524
510,36,person,1313,466,1375,627
510,42,person,1375,481,1453,643
510,47,person,365,612,457,803
510,48,person,1170,511,1213,677
510,52,person,892,548,969,725
510,58,person,981,571,1056,725
510,61,person,796,539,847,714
510,63,car,847,486,1114,641
510,67,person,939,516,1004,678
510,68,person,522,567,613,738
511,8,person,581,568,688,754
511,12,person,710,594,775,781
511,19,person,1119,523,1203,688
511,24,person,1236,498,1295,649
511,26,car,1524,396,1847,545
511,30,person,1050,537,1105,708
511,33,car,1714,384,1919,524
511,36,person,1304,468,1374,627
511,42,person,1375,481,1452,643
511,47,person,366,613,454,803
511,48,person,1166,512,1212,673
511,52,person,892,544,968,726
511,58,person,981,569,1055,726
511,61,person,792,540,842,715
511,63,car,845,486,1121,666
511,67,person,937,512,990,674
511,68,person,519,566,612,737
512,8,person,582,570,688,755
512,12,person,704,593,768,782
512,19,person,1120,524,1197,688
512,24,person,1234,498,1291,649
512,26,car,1524,396,1847,544
512,30,person,1047,537,1103,708
512,33,car,1714,384,1919,524
512,36,person,1299,469,1374,626
512,42,person,1374,482,1451,644
512,47,person,360,613,448,803
512,48,person,1164,512,1211,677
512,52,person,892,546,968,726
512,58,person,982,570,1054,727
512,61,person,789,542,842,715
512,63,car,846,486,1121,674
512,67,person,936,513,980,668
512,68,person,519,566,609,739
513,8,person,583,570,688,755
513,12,person,700,593,760,783
513,19,person,1120,524,1199,689
513,24,person,1233,500,1288,648
513,26,car,1524,395,1846,545
513,30,person,1038,538,1103,707
513,33,car,1715,384,1919,524
513,36,person,1296,469,1374,626
513,42,person,1373,482,1449,643
513,47,person,361,614,440,803
513,48,person,1163,511,1211,666
513,52,person,891,550,965,725
513,58,person,981,571,1054,727
513,61,person,782,544,842,716
513,63,car,846,486,1113,667
513,67,person,932,514,971,669
513,68,person,518,565,608,740
514,8,person,582,570,685,756
514,12,person,697,593,758,787
514,19,person,1120,522,1198,689
514,24,person,1233,501,1286,649
514,26,car,1524,395,1846,545
514,30,person,1034,540,1101,708
514,33,car,1714,384,1919,524
514,36,person,1291,471,1374,626
514,42,person,1374,482,1447,644
514,47,person,350,614,432,804
514,48,person,1161,512,1210,663
514,52,person,891,546,960,725
514,58,person,981,569,1050,727
514,61,person,772,543,841,717
514,63,car,846,487,1111,671
514,67,person,930,515,969,675
514,68,person,519,566,604,740
515,8,person,582,571,682,755
515,12,person,691,595,757,788
515,19,person,1120,524,1195,688
515,24,person,1231,501,1283,649
515,26,car,1524,395,1846,545
515,30,person,1029,538,1101,708
515,33,car,1714,384,1919,524
515,36,person,1290,470,1374,626
515,42,person,1373,481,1444,644
515,47,person,342,614,424,804
515,48,person,1159,513,1212,665
515,52,person,891,550,955,726
515,58,person,981,569,1048,727
515,61,person,760,542,841,717
515,63,car,846,488,1102,678
515,67,person,927,515,967,679
515,68,person,519,567,600,739
516,8,person,581,571,680,754
516,12,person,688,596,755,789
516,19,person,1118,524,1193,689
516,24,person,1228,500,1282,649
516,26,car,1524,395,1846,545
516,30,person,1022,537,1101,707
516,33,car,1715,384,1919,524
516,36,person,1288,471,1374,626
516,42,person,1372,481,1440,644
516,47,person,335,614,413,804
516,48,person,1155,514,1211,666
516,52,person,891,547,950,726
516,58,person,982,568,1043,727
516,61,person,752,542,841,716
516,63,car,845,487,1113,679
516,67,person,923,515,965,678
516,68,person,518,566,594,738
517,8,person,582,572,674,754
517,12,person,681,598,752,789
517,19,person,1118,524,1186,688
517,24,person,1227,500,1279,649
517,26,car,1524,395,1846,545
517,30,person,1022,535,1100,711
517,33,car,1714,385,1919,524
517,36,person,1289,470,1373,626
517,42,person,1373,481,1435,643
517,47,person,331,616,405,803
517,48,person,1151,512,1213,663
517,52,person,892,538,943,725
517,58,person,981,569,1036,727
517,61,person,751,543,841,717
517,63,car,846,486,1106,671
517,67,person,918,516,964,678
517,68,person,517,566,587,739
518,8,person,582,572,668,754
518,12,person,676,599,753,789
518,19,person,1118,518,1180,688
518,24,person,1225,499,1278,649
518,26,car,1524,395,1846,545
518,30,person,1020,534,1099,707
518,33,car,1715,384,1919,524
518,36,person,1288,469,1373,627
518,42,person,1369,482,1430,643
518,47,person,325,615,400,804
518,48,person,1149,514,1209,666
518,52,person,891,532,939,724
518,58,person,981,571,1034,727
518,61,person,747,544,841,718
518,63,car,847,486,1107,668
518,67,person,916,517,964,682
518,68,person,518,566,580,739
519,8,person,582,572,665,755
519,12,person,672,600,753,789
519,19,person,1116,519,1175,688
519,24,person,1224,500,1275,650
519,26,car,1524,395,1846,545
519,30,person,1016,538,1099,712
519,33,car,1715,384,1919,524
519,36,person,1289,468,1372,627
519,42,person,1365,482,1427,642
519,47,person,321,616,399,804
519,48,person,1149,514,1207,668
519,52,person,888,541,933,724
519,58,person,979,572,1027,728
519,61,person,745,544,840,718
519,63,car,846,487,1106,668
519,67,person,916,513,961,680
519,68,person,513,567,572,738
520,8,person,583,570,656,755
520,12,person,668,599,753,791
520,19,person,1113,520,1167,689
520,24,person,1221,500,1272,651
520,26,car,1524,395,1846,545
520,30,person,1014,542,1095,709
520,33,car,1715,384,1919,524
520,36,person,1288,469,1370,626
520,42,person,1353,482,1424,644
520,47,person,318,617,399,804
520,48,person,1148,515,1207,666
520,52,person,882,525,928,725
520,58,person,976,571,1022,730
520,61,person,742,544,839,718
520,63,car,846,488,1109,669
520,67,person,914,515,960,682
520,68,person,508,566,563,739
521,8,person,580,569,649,756
521,12,person,663,600,752,791
521,19,person,1113,521,1161,690
521,24,person,1221,500,1271,651
521,26,car,1524,395,1846,545
521,30,person,1013,541,1091,707
521,33,car,1715,384,1919,524
521,36,person,1288,468,1368,625
521,42,person,1353,481,1422,646
521,47,person,315,618,399,805
521,48,person,1146,514,1206,668
521,52,person,878,534,927,724
521,58,person,969,571,1018,731
521,61,person,743,544,836,718
521,63,car,847,487,1115,653
521,67,person,912,517,959,680
521,68,person,503,567,556,744
522,8,person,574,568,639,758
522,12,person,661,602,751,792
522,19,person,1112,520,1156,690
522,24,person,1216,500,1270,652
522,26,car,1524,396,1846,545
522,30,person,1013,541,1088,707
522,33,car,1714,384,1919,524
522,36,person,1288,468,1366,625
522,42,person,1352,482,1420,648
522,47,person,312,622,399,806
522,48,person,1142,514,1204,670
522,52,person,873,544,926,724
522,58,person,966,571,1017,733
522,61,person,743,544,832,718
522,63,car,847,487,1123,658
522,67,person,912,529,958,678
522,68,person,498,567,554,744
523,8,person,565,568,631,757
523,12,person,662,604,751,792
523,19,person,1105,520,1153,692
523,24,person,1210,501,1269,652
523,26,car,1524,396,1846,545
523,30,person,1012,539,1083,707
523,33,car,1714,384,1919,524
523,36,person,1288,468,1363,625
523,42,person,1345,482,1419,650
523,47,person,304,624,398,809
523,48,person,1141,514,1203,671
523,52,person,867,549,926,723
523,58,person,961,573,1016,733
523,61,person,744,543,829,718
523,63,car,846,487,1117,647
523,67,person,907,526,955,677
523,68,person,494,567,553,747
524,8,person,558,569,625,760
524,12,person,660,606,750,792
524,19,person,1105,523,1152,693
524,24,person,1203,502,1266,652
524,26,car,1524,395,1846,545
524,30,person,1011,539,1076,706
524,33,car,1715,384,1919,524
524,36,person,1289,469,1360,625
524,42,person,1336,484,1418,650
524,47,person,301,624,398,812
524,48,person,1141,514,1199,670
524,52,person,857,546,925,723
524,58,person,960,574,1015,732
524,61,person,741,545,822,717
524,63,car,846,487,1115,650
524,67,person,904,517,955,677
524,68,person,486,570,553,747
525,8,person,550,569,623,761
525,12,person,661,606,748,792
525,19,person,1104,520,1151,695
525,24,person,1202,502,1264,652
525,26,car,1524,396,1846,545
525,30,person,1008,536,1070,707
525,33,car,1715,384,1919,524
525,36,person,1290,469,1353,624
525,42,person,1333,484,1417,646
525,47,person,302,625,397,814
525,48,person,1140,513,1197,671
525,52,person,848,542,924,725
525,58,person,955,577,1012,733
525,61,person,738,546,814,717
525,63,car,845,487,1113,649
525,67,person,899,519,955,677
525,68,person,477,572,552,747
526,8,person,546,571,622,764
526,12,person,661,605,740,794
526,19,person,1088,524,1149,694
526,24,person,1198,502,1263,652
526,26,car,1524,396,1846,545
526,30,person,1006,540,1060,708
526,33,car,1714,384,1919,524
526,36,person,1288,467,1349,624
526,42,person,1334,485,1415,647
526,47,person,302,625,396,815
526,48,person,1137,514,1197,671
526,52,person,844,548,925,723
526,58,person,948,578,1012,735
526,61,person,738,542,806,716
526,63,car,845,486,1112,643
526,67,person,895,516,955,678
526,68,person,472,572,551,746
527,8,person,547,571,619,765
527,12,person,662,604,737,794
527,19,person,1081,523,1148,693
527,24,person,1194,503,1263,651
527,26,car,1524,396,1846,545
527,30,person,1002,540,1054,707
527,33,car,1714,384,1919,524
527,36,person,1285,469,1343,625
527,42,person,1337,485,1413,650
527,47,person,302,625,395,816
527,48,person,1135,514,1197,672
527,52,person,842,548,923,723
527,58,person,947,578,1011,737
527,61,person,734,543,798,718
527,63,car,843,486,1109,644
527,67,person,892,522,953,678
527,68,person,469,571,553,747
528,8,person,544,572,618,763
528,12,person,662,605,731,795
528,19,person,1075,526,1148,692
528,24,person,1192,503,1263,653
528,26,car,1524,395,1846,545
528,30,person,999,540,1043,711
528,33,car,1716,384,1919,524
528,36,person,1284,468,1336,627
528,42,person,1338,485,1412,652
528,47,person,301,627,392,817
528,48,person,1134,515,1195,671
528,52,person,839,549,924,723
528,58,person,943,579,1009,740
528,61,person,730,543,790,716
528,63,car,844,487,1108,656
528,67,person,892,525,951,679
528,68,person,466,571,552,748
529,8,person,535,572,617,763
529,12,person,661,605,724,795
529,19,person,1068,527,1148,691
529,24,person,1195,503,1263,652
529,26,car,1524,395,1846,545
529,30,person,995,541,1037,709
529,33,car,1715,384,1919,524
529,36,person,1282,470,1332,626
529,42,person,1339,486,1410,651
529,47,person,300,626,384,817
529,48,person,1131,513,1189,673
529,52,person,837,549,923,725
529,58,person,946,582,1010,740
529,61,person,727,543,781,718
529,63,car,844,486,1107,657
529,68,person,465,573,551,750
530,8,person,531,574,617,761
530,12,person,658,605,718,795
530,19,person,1064,523,1148,692
530,24,person,1193,502,1262,652
530,26,car,1524,396,1846,545
530,30,person,992,540,1036,709
530,33,car,1716,384,1919,524
530,36,person,1281,468,1331,629
530,42,person,1341,486,1411,653
530,47,person,297,626,376,817
530,48,person,1130,515,1183,678
530,52,person,837,550,922,725
530,58,person,946,580,1005,739
530,61,person,724,543,775,720
530,63,car,841,486,1100,661
530,67,person,878,516,922,652
530,68,person,465,573,550,750
531,8,person,526,575,617,762
531,12,person,653,605,710,794
531,19,person,1062,523,1148,692
531,24,person,1192,501,1260,653
531,26,car,1524,396,1846,545
531,30,person,989,539,1035,709
531,33,car,1716,384,1919,524
531,36,person,1273,468,1328,629
531,42,person,1342,487,1408,652
531,47,person,296,626,369,816
531,48,person,1128,515,1180,678
531,52,person,835,551,922,725
531,58,person,946,581,1000,740
531,61,person,717,544,775,720
531,63,car,842,485,1100,652
531,67,person,875,514,916,630
531,68,person,465,573,546,750
532,8,person,518,576,618,764
532,12,person,648,607,703,795
532,19,person,1061,524,1150,692
532,24,person,1192,502,1260,653
532,26,car,1524,396,1846,545
532,30,person,985,542,1034,707
532,33,car,1716,384,1919,524
532,36,person,1272,467,1325,630
532,42,person,1342,487,1406,653
532,47,person,292,626,363,817
532,48,person,1128,516,1179,673
532,52,person,834,550,922,725
532,58,person,947,580,996,740
532,61,person,710,545,775,722
532,63,car,841,485,1099,651
532,67,person,877,514,912,623
532,68,person,464,573,543,749
533,8,person,518,577,617,765
533,12,person,644,607,694,795
533,19,person,1059,525,1149,692
533,24,person,1190,502,1257,653
533,26,car,1524,396,1846,545
533,30,person,979,543,1035,708
533,33,car,1716,384,1919,524
533,36,person,1271,469,1324,630
533,42,person,1342,487,1406,653
533,47,person,287,626,351,816
533,48,person,1127,518,1177,672
533,52,person,834,550,921,725
533,58,person,945,581,990,740
533,61,person,700,546,775,727
533,63,car,842,485,1101,646
533,67,person,875,514,908,634
533,68,person,463,574,540,749
534,8,person,517,576,617,764
534,12,person,639,606,693,795
534,19,person,1058,527,1147,694
534,24,person,1188,502,1255,653
534,26,car,1524,396,1846,545
534,30,person,968,543,1035,708
534,33,car,1713,384,1919,524
534,36,person,1267,470,1323,630
534,42,person,1342,487,1405,653
534,47,person,281,624,341,816
534,48,person,1122,517,1176,671
534,52,person,833,550,919,724
534,58,person,940,580,984,740
534,61,person,692,547,775,726
534,63,car,843,484,1102,647
534,67,person,866,514,907,639
534,68,person,461,575,534,750
535,8,person,518,576,615,766
535,12,person,634,604,693,794
535,19,person,1058,527,1140,694
535,24,person,1186,502,1252,653
535,26,car,1524,396,1846,545
535,30,person,966,545,1035,708
535,33,car,1714,384,1919,524
535,36,person,1262,470,1323,628
535,42,person,1342,487,1399,653
535,47,person,276,625,335,820
535,48,person,1117,520,1175,670
535,52,person,834,550,918,725
535,58,person,940,582,983,740
535,61,person,687,546,775,724
535,63,car,844,485,1102,642
535,68,person,459,575,528,750
536,8,person,517,576,611,766
536,12,person,626,609,692,794
536,19,person,1057,527,1136,694
536,24,person,1183,501,1246,654
536,26,car,1524,396,1846,545
536,30,person,965,540,1035,710
536,33,car,1714,384,1919,524
536,36,person,1259,469,1319,629
536,42,person,1341,488,1396,652
536,47,person,269,627,335,824
536,48,person,1118,520,1173,674
536,52,person,834,537,914,725
536,58,person,936,583,980,740
536,61,person,686,546,774,725
536,63,car,846,485,1143,653
536,68,person,457,575,518,748
537,8,person,517,576,611,765
537,12,person,613,607,692,797
537,19,person,1057,527,1136,694
537,24,person,1185,501,1243,653
537,26,car,1524,396,1846,545
537,30,person,966,541,1033,711
537,33,car,1714,384,1919,524
537,36,person,1256,471,1319,629
537,42,person,1339,490,1394,653
537,47,person,263,627,334,822
537,48,person,1119,521,1171,674
537,52,person,832,538,911,725
537,58,person,932,582,976,740
537,61,person,684,549,772,724
537,63,car,851,486,1141,650
537,68,person,456,573,511,750
538,8,person,517,578,596,766
538,12,person,605,607,691,797
538,19,person,1056,527,1132,694
538,24,person,1185,502,1242,654
538,26,car,1524,396,1846,545
538,30,person,966,543,1031,710
538,33,car,1714,384,1919,524
538,36,person,1256,471,1318,630
538,42,person,1337,490,1392,652
538,47,person,254,630,335,825
538,48,person,1120,520,1169,678
538,52,person,823,551,908,726
538,58,person,927,582,975,740
538,61,person,677,550,772,725
538,63,car,853,485,1135,652
538,67,person,850,514,906,675
538,68,person,450,572,501,751
539,8,person,518,578,591,766
539,12,person,597,609,691,799
539,19,person,1057,528,1123,693
539,24,person,1184,502,1239,653
539,26,car,1524,396,1846,545
539,30,person,966,543,1032,710
539,33,car,1713,384,1919,524
539,36,person,1255,472,1317,629
539,42,person,1337,490,1390,652
539,47,person,250,630,336,826
539,48,person,1121,520,1168,680
539,52,person,818,549,901,725
539,58,person,920,582,974,739
539,61,person,676,550,772,725
539,63,car,851,486,1120,651
539,67,person,849,514,899,677
539,68,person,449,574,498,752
540,8,person,518,577,583,766
540,12,person,589,610,691,800
540,19,person,1057,527,1118,694
540,24,person,1184,502,1239,655
540,26,car,1524,396,1846,545
540,30,person,964,542,1029,710
540,33,car,1713,384,1919,524
540,36,person,1256,472,1317,630
540,42,person,1334,489,1387,652
540,47,person,246,633,335,827
540,48,person,1119,520,1165,682
540,52,person,828,549,896,722
540,58,person,908,580,974,741
540,61,person,675,551,768,725
540,63,car,853,485,1083,651
540,67,person,850,519,896,679
540,68,person,446,575,496,752
541,8,person,517,576,576,765
541,12,person,588,611,691,802
541,19,person,1056,527,1100,699
541,24,person,1182,502,1236,658
541,26,car,1524,396,1846,545
541,30,person,960,542,1024,709
541,33,car,1713,384,1919,524
541,36,person,1256,471,1317,631
541,42,person,1331,490,1384,653
541,47,person,240,634,333,827
541,48,person,1118,520,1164,683
541,52,person,823,548,891,721
541,58,person,900,581,974,742
541,61,person,673,551,764,725
541,63,car,855,485,1079,657
541,67,person,848,521,897,680
541,68,person,441,577,495,750
542,8,person,515,577,566,766
542,12,person,588,613,691,801
542,19,person,1052,526,1096,698
542,24,person,1180,503,1234,660
542,26,car,1524,396,1847,544
542,30,person,958,537,1021,710
542,33,car,1712,384,1919,523
542,36,person,1255,470,1317,630
542,42,person,1328,489,1381,653
542,47,person,236,633,332,829
542,48,person,1118,520,1162,684
542,52,person,822,543,883,722
542,58,person,895,580,974,741
542,61,person,674,550,757,726
542,63,car,855,485,1077,661
542,67,person,844,522,895,680
542,68,person,422,576,495,752
543,8,person,509,577,564,767
543,12,person,586,613,690,802
543,19,person,1050,527,1096,698
543,24,person,1178,504,1231,659
543,26,car,1524,396,1846,544
543,30,person,955,541,1014,710
543,33,car,1712,384,1919,523
543,36,person,1254,470,1316,630
543,42,person,1326,487,1378,653
543,47,person,228,633,329,830
543,48,person,1115,521,1160,684
543,52,person,818,547,878,721
543,58,person,895,581,975,742
543,61,person,675,550,749,726
543,63,car,851,485,1123,663
543,67,person,837,522,892,679
543,68,person,414,578,495,752
544,8,person,506,578,558,767
544,12,person,586,614,689,802
544,19,person,1047,526,1092,694
544,24,person,1178,504,1229,659
544,26,car,1524,396,1846,544
544,30,person,952,545,1006,710
544,33,car,1712,384,1919,523
544,36,person,1252,469,1308,630
544,42,person,1322,487,1377,651
544,47,person,230,635,326,830
544,48,person,1117,520,1160,684
544,52,person,803,543,872,724
544,58,person,896,586,974,744
544,61,person,675,550,743,732
544,63,car,855,485,1079,654
544,67,person,837,522,893,678
544,68,person,405,579,495,752
545,8,person,500,578,556,767
545,12,person,585,615,689,801
545,19,person,1045,528,1090,694
545,24,person,1173,504,1227,657
545,26,car,1524,396,1847,544
545,30,person,948,545,998,709
545,33,car,1712,384,1919,523
545,36,person,1252,468,1303,629
545,42,person,1313,489,1373,651
545,47,person,227,636,321,831
545,48,person,1116,520,1157,684
545,52,person,800,546,873,725
545,58,person,895,586,973,744
545,61,person,672,550,736,729
545,63,car,855,486,1083,658
545,67,person,830,522,888,640
545,68,person,399,580,495,752
546,8,person,496,578,554,766
546,12,person,585,615,685,801
546,19,person,1037,527,1089,694
546,24,person,1173,504,1226,658
546,26,car,1524,396,1847,544
546,30,person,946,547,994,713
546,33,car,1712,384,1919,523
546,36,person,1251,466,1301,629
546,42,person,1307,490,1372,653
546,47,person,224,636,313,831
546,48,person,1114,519,1155,685
546,52,person,803,548,873,726
546,58,person,894,586,970,745
546,61,person,670,550,730,728
546,63,car,855,485,1070,656
546,68,person,398,578,494,754
547,8,person,490,577,552,766
547,12,person,584,614,681,802
547,19,person,1027,527,1088,696
547,24,person,1172,505,1224,658
547,26,car,1524,396,1846,544
547,30,person,944,546,985,721
547,33,car,1713,384,1919,523
547,36,person,1248,467,1296,631
547,42,person,1302,491,1371,653
547,47,person,223,637,304,829
547,48,person,1112,519,1153,684
547,52,person,800,551,873,726
547,58,person,894,587,969,746
547,61,person,664,551,722,728
547,63,car,856,484,1059,661
547,68,person,398,578,494,754
548,8,person,470,579,551,767
548,12,person,585,614,674,803
548,19,person,1017,528,1088,694
548,24,person,1171,507,1222,658
548,26,car,1524,396,1846,545
548,30,person,941,546,982,722
548,33,car,1713,384,1919,523
548,36,person,1246,468,1293,633
548,42,person,1297,492,1369,654
548,47,person,214,637,293,831
548,48,person,1106,520,1153,683
548,52,person,803,549,869,726
548,58,person,895,590,965,746
548,61,person,662,551,718,726
548,63,car,853,485,1055,648
548,68,person,397,578,495,756
549,8,person,464,581,550,767
549,12,person,586,615,667,803
549,19,person,1009,530,1088,695
549,24,person,1166,508,1220,658
549,26,car,1524,396,1846,545
549,30,person,937,541,981,716
549,33,car,1713,384,1919,523
549,36,person,1245,467,1292,630
549,42,person,1294,493,1369,655
549,47,person,213,637,287,830
549,48,person,1104,521,1151,683
549,52,person,796,548,870,727
549,58,person,894,584,959,745
549,61,person,659,552,715,726
549,63,car,852,485,1059,651
549,68,person,395,579,490,756
550,8,person,456,580,550,767
550,12,person,585,612,661,802
550,19,person,1001,529,1089,695
550,24,person,1165,507,1219,661
550,26,car,1524,396,1847,545
550,30,person,935,543,983,719
550,33,car,1713,384,1919,523
550,36,person,1242,467,1290,630
550,42,person,1294,492,1369,655
550,47,person,212,637,276,830
550,48,person,1101,523,1151,684
550,52,person,796,547,868,727
550,58,person,894,588,953,746
550,61,person,655,552,715,726
550,63,car,851,486,1111,638
550,68,person,395,579,485,755
551,8,person,452,581,551,767
551,12,person,582,612,655,801
551,19,person,999,530,1086,694
551,24,person,1157,507,1217,662
551,26,car,1524,396,1847,545
551,30,person,930,546,980,716
551,33,car,1713,384,1919,523
551,36,person,1238,467,1288,630
551,42,person,1293,494,1368,656
551,47,person,212,639,276,832
551,48,person,1098,523,1149,685
551,52,person,794,547,866,727
551,58,person,892,590,945,745
551,61,person,645,552,717,727
551,63,car,849,485,1102,638
551,68,person,396,579,482,755
552,8,person,452,584,551,770
552,12,person,577,612,645,803
552,19,person,996,531,1085,695
552,24,person,1156,507,1215,661
552,26,car,1524,396,1846,545
552,30,person,923,547,979,717
552,33,car,1714,384,1919,523
552,36,person,1233,467,1286,630
552,42,person,1292,496,1368,656
552,47,person,205,637,275,832
552,48,person,1094,526,1149,684
552,52,person,793,549,863,726
552,58,person,883,594,943,746
552,61,person,633,555,716,728
552,63,car,848,485,1100,643
552,68,person,395,579,479,757
553,8,person,447,584,551,770
553,12,person,571,612,638,804
553,19,person,997,529,1085,695
553,24,person,1159,511,1214,660
553,26,car,1524,396,1846,545
553,30,person,919,547,979,716
553,33,car,1714,384,1919,524
553,36,person,1228,467,1284,632
553,42,person,1291,493,1367,656
553,47,person,198,638,275,831
553,48,person,1089,525,1148,684
553,52,person,791,553,859,727
553,58,person,875,593,937,746
553,61,person,628,556,716,728
553,63,car,849,486,1095,643
553,68,person,397,580,473,756
554,8,person,444,583,551,770
554,12,person,565,612,628,805
554,19,person,994,529,1084,695
554,24,person,1160,506,1213,663
554,26,car,1524,396,1847,544
554,30,person,917,549,979,716
554,33,car,1714,384,1919,524
554,36,person,1219,468,1285,631
554,42,person,1292,495,1366,656
554,47,person,183,638,274,832
554,48,person,1086,527,1147,684
554,52,person,790,548,852,726
554,58,person,865,592,929,750
554,61,person,627,558,714,728
554,63,car,846,486,1094,663
554,68,person,396,577,468,754
555,8,person,444,583,550,769
555,12,person,559,612,624,808
555,19,person,992,532,1084,696
555,24,person,1155,508,1211,663
555,26,car,1524,395,1846,545
555,30,person,911,546,978,715
555,33,car,1714,384,1919,524
555,36,person,1213,468,1284,629
555,42,person,1292,494,1366,656
555,47,person,173,639,275,833
555,48,person,1084,525,1148,685
555,52,person,787,547,845,727
555,58,person,859,594,927,753
555,61,person,625,557,713,727
555,63,car,847,486,1103,662
555,68,person,395,577,462,756
555,77,person,798,522,843,587
556,8,person,443,582,548,770
556,12,person,554,614,623,809
556,19,person,993,530,1081,696
556,24,person,1155,509,1209,660
556,26,car,1524,396,1846,545
556,30,person,910,545,978,715
556,33,car,1714,384,1919,524
556,36,person,1206,470,1284,630
556,42,person,1292,495,1365,656
556,47,person,170,639,275,834
556,48,person,1082,527,1148,685
556,52,person,785,551,840,727
556,58,person,846,593,927,752
556,61,person,621,558,712,729
556,63,car,845,487,1104,661
556,68,person,394,577,456,755
556,77,person,797,522,840,589
557,8,person,442,580,544,773
557,12,person,550,615,621,808
557,19,person,993,531,1077,696
557,24,person,1155,510,1206,665
557,26,car,1524,395,1846,545
557,30,person,908,547,978,715
557,33,car,1715,384,1919,524
557,36,person,1201,472,1284,630
557,42,person,1290,495,1365,655
557,47,person,165,639,274,833
557,48,person,1080,531,1147,685
557,52,person,782,551,838,727
557,58,person,843,590,926,753
557,61,person,615,559,711,729
557,63,car,846,487,1102,663
557,68,person,391,579,445,757
557,77,person,794,522,836,588
558,8,person,442,580,542,772
558,12,person,544,615,621,810
558,19,person,992,528,1075,696
558,24,person,1151,511,1205,665
558,26,car,1524,395,1846,545
558,30,person,907,548,978,715
558,33,car,1715,384,1919,524
558,36,person,1198,471,1283,631
558,42,person,1291,494,1362,655
558,47,person,165,640,271,835
558,48,person,1078,531,1147,686
558,52,person,777,552,835,726
558,58,person,858,596,926,753
558,61,person,613,558,709,729
558,63,car,845,487,1100,661
558,68,person,387,579,435,759
558,77,person,791,523,834,586
559,8,person,443,580,535,772
559,12,person,535,617,620,808
559,19,person,991,528,1069,697
559,24,person,1149,511,1202,666
559,26,car,1524,395,1847,545
559,30,person,904,549,977,716
559,33,car,1715,384,1919,524
559,36,person,1198,471,1283,630
559,42,person,1291,494,1357,655
559,47,person,163,642,272,833
559,48,person,1076,532,1146,687
559,52,person,774,552,833,727
559,58,person,848,598,925,753
559,61,person,612,557,706,730
559,63,car,845,487,1095,661
559,68,person,382,581,433,762
559,77,person,787,523,832,586
560,8,person,442,584,528,771
560,12,person,529,618,619,808
560,19,person,991,528,1066,697
560,24,person,1148,510,1202,667
560,26,car,1524,395,1846,545
560,30,person,899,549,974,717
560,33,car,1715,384,1919,524
560,36,person,1197,472,1282,630
560,42,person,1291,493,1353,656
560,47,person,163,644,266,834
560,48,person,1074,533,1145,687
560,52,person,769,553,831,726
560,58,person,833,595,925,754
560,61,person,608,555,701,730
560,63,car,845,486,1087,663
560,68,person,377,580,429,764
560,77,person,783,523,829,584
561,8,person,442,584,521,771
561,12,person,525,619,619,808
561,19,person,991,529,1059,696
561,24,person,1146,510,1200,667
561,26,car,1524,396,1847,544
561,30,person,896,545,970,718
561,33,car,1715,384,1919,524
561,36,person,1197,471,1282,630
561,42,person,1288,492,1348,656
561,47,person,163,644,261,833
561,48,person,1073,534,1145,686
561,52,person,763,552,833,726
561,58,person,843,593,925,754
561,61,person,611,557,695,731
561,63,car,845,485,1089,662
561,68,person,369,582,428,766
561,77,person,780,524,826,584
562,8,person,442,582,516,771
562,12,person,520,621,619,809
562,19,person,990,528,1055,696
562,24,person,1144,509,1200,668
562,26,car,1524,395,1847,545
562,30,person,894,543,968,717
562,33,car,1715,384,1919,524
562,36,person,1196,468,1282,630
562,42,person,1288,495,1344,656
562,47,person,162,644,254,833
562,48,person,1071,533,1141,687
562,52,person,754,552,829,727
562,58,person,840,596,921,753
562,61,person,609,556,689,730
562,63,car,845,485,1087,661
562,68,person,363,583,428,763
562,77,person,776,523,822,586
563,8,person,441,583,508,772
563,12,person,517,619,619,808
563,19,person,989,528,1047,697
563,24,person,1140,510,1200,666
563,26,car,1524,395,1847,545
563,30,person,891,541,972,716
563,33,car,1715,384,1919,524
563,36,person,1196,467,1281,631
563,42,person,1282,494,1342,656
563,47,person,161,644,247,833
563,48,person,1068,531,1140,688
563,52,person,747,551,829,728
563,58,person,846,595,920,754
563,61,person,602,555,682,729
563,63,car,845,485,1069,659
563,68,person,352,585,427,765
564,8,person,436,584,499,772
564,12,person,515,619,618,810
564,19,person,987,527,1038,698
564,24,person,1137,510,1200,666
564,26,car,1524,395,1846,545
564,30,person,888,544,953,714
564,33,car,1716,384,1919,524
564,36,person,1195,466,1277,630
564,42,person,1279,494,1341,657
564,47,person,159,644,238,834
564,48,person,1068,529,1137,687
564,52,person,741,551,829,728
564,58,person,846,596,917,754
564,61,person,601,555,674,729
564,63,car,847,485,1067,659
564,68,person,348,585,428,765
565,8,person,424,584,494,774
565,12,person,515,620,618,811
565,19,person,984,528,1032,698
565,24,person,1134,511,1200,666
565,26,car,1524,396,1846,545
565,30,person,886,546,939,716
565,33,car,1715,384,1919,524
565,36,person,1195,466,1275,629
565,42,person,1276,494,1341,658
565,47,person,158,645,227,834
565,48,person,1067,529,1134,686
565,52,person,738,551,828,729
565,58,person,846,595,910,754
565,61,person,596,556,665,728
565,63,car,847,485,1075,658
565,68,person,345,587,430,767
565,77,person,762,524,811,587
566,8,person,418,584,492,776
566,12,person,515,620,616,811
566,19,person,983,529,1029,699
566,24,person,1131,511,1199,668
566,26,car,1524,396,1847,545
566,30,person,880,547,927,718
566,33,car,1714,384,1919,524
566,36,person,1194,465,1273,628
566,42,person,1273,494,1340,660
566,47,person,151,644,216,836
566,48,person,1065,529,1131,687
566,52,person,739,556,828,731
566,58,person,843,593,896,754
566,61,person,594,554,657,729
566,63,car,846,484,1073,658
566,68,person,345,588,429,768
566,77,person,759,525,807,588
567,8,person,415,584,492,779
567,12,person,516,620,610,811
567,19,person,981,531,1026,701
567,24,person,1129,510,1198,667
567,26,car,1524,396,1847,545
567,30,person,878,549,921,717
567,33,car,1715,384,1919,524
567,36,person,1192,464,1269,628
567,42,person,1272,494,1336,661
567,47,person,146,643,206,837
567,48,person,1063,530,1125,687
567,52,person,741,554,826,731
567,58,person,843,592,890,754
567,61,person,591,554,648,733
567,63,car,846,484,1072,657
567,68,person,344,588,428,769
567,77,person,756,524,806,586
568,8,person,411,586,491,780
568,12,person,516,621,607,812
568,19,person,978,531,1024,704
568,24,person,1125,512,1199,667
568,26,car,1524,396,1846,545
568,30,person,875,550,917,717
568,33,car,1715,384,1919,524
568,36,person,1191,464,1262,627
568,42,person,1271,495,1337,660
568,47,person,144,642,200,841
568,48,person,1059,529,1122,687
568,52,person,739,558,825,732
568,58,person,840,585,890,754
568,61,person,588,555,647,736
568,63,car,846,485,1069,656
568,68,person,343,589,426,768
568,77,person,753,523,802,586
569,8,person,406,587,487,782
569,12,person,517,622,598,812
569,19,person,964,532,1024,703
569,24,person,1125,513,1199,668
569,26,car,1524,396,1846,545
569,30,person,871,553,915,715
569,33,car,1715,384,1919,524
569,36,person,1191,464,1257,626
569,42,person,1266,495,1336,659
569,47,person,139,642,201,843
569,48,person,1056,530,1116,693
569,52,person,738,558,823,732
569,58,person,835,590,880,754
569,61,person,586,554,647,735
569,63,car,850,485,1118,657
569,68,person,342,590,424,769
569,77,person,751,523,799,587
570,8,person,402,587,492,780
570,12,person,517,621,593,812
570,19,person,957,530,1024,704
570,24,person,1122,513,1200,667
570,26,car,1524,396,1846,545
570,30,person,871,554,914,716
570,33,car,1715,384,1919,524
570,36,person,1189,462,1250,624
570,42,person,1264,495,1332,661
570,47,person,129,645,201,846
570,48,person,1051,531,1110,694
570,52,person,737,556,820,732
570,58,person,831,592,878,754
570,61,person,579,555,647,740
570,63,car,849,485,1114,657
570,68,person,342,590,422,769
570,77,person,748,523,796,586
571,8,person,396,588,492,778
571,12,person,516,617,584,813
571,19,person,953,528,1025,702
571,24,person,1121,514,1199,667
571,26,car,1524,396,1846,545
571,30,person,868,552,913,715
571,33,car,1714,384,1919,524
571,36,person,1189,462,1242,625
571,42,person,1260,496,1330,662
571,47,person,111,646,200,844
571,48,person,1048,534,1106,693
571,52,person,735,557,817,732
571,58,person,828,595,877,754
571,61,person,571,557,647,736
571,63,car,848,485,1112,656
571,68,person,341,590,415,770
571,77,person,746,522,795,594
572,8,person,392,589,493,778
572,12,person,513,618,576,813
572,19,person,951,528,1025,701
572,24,person,1120,514,1200,668
572,26,car,1524,396,1847,545
572,30,person,864,554,914,716
572,33,car,1716,384,1919,524
572,36,person,1187,459,1236,625
572,42,person,1259,498,1327,662
572,47,person,103,647,200,845
572,48,person,1052,534,1105,694
572,52,person,734,557,816,733
572,58,person,814,594,876,754
572,61,person,567,559,647,737
572,63,car,848,486,1113,653
572,68,person,338,588,408,770
572,77,person,743,522,791,597
573,8,person,390,590,493,781
573,12,person,509,619,563,812
573,19,person,946,529,1024,701
573,24,person,1119,514,1200,667
573,26,car,1524,396,1847,545
573,30,person,862,552,914,716
573,33,car,1715,384,1919,524
573,36,person,1186,461,1229,625
573,42,person,1259,497,1324,661
573,47,person,101,648,199,845
573,48,person,1046,533,1102,699
573,52,person,732,557,813,733
573,58,person,802,595,876,754
573,61,person,560,558,647,738
573,63,car,847,486,1110,653
573,68,person,336,589,395,770
573,77,person,743,522,788,600
574,8,person,390,592,493,783
574,12,person,503,620,558,813
574,19,person,942,531,1025,702
574,24,person,1117,514,1198,667
574,26,car,1524,396,1847,545
574,30,person,857,552,914,715
574,33,car,1714,384,1919,524
574,36,person,1184,461,1226,625
574,42,person,1257,497,1322,661
574,47,person,97,649,199,845
574,48,person,1048,534,1103,696
574,52,person,732,554,807,732
574,58,person,793,595,876,755
574,61,person,557,557,645,737
574,63,car,846,486,1106,658
574,68,person,332,590,390,770
574,77,person,741,523,786,590
575,8,person,387,593,492,783
575,12,person,499,619,554,814
575,19,person,938,533,1025,702
575,24,person,1116,513,1184,667
575,26,car,1524,396,1847,545
575,30,person,855,553,914,716
575,33,car,1714,384,1919,524
575,36,person,1177,461,1226,626
575,42,person,1256,500,1321,663
575,47,person,95,650,199,848
575,48,person,1043,534,1101,696
575,52,person,732,555,801,732
575,58,person,789,596,877,755
575,61,person,555,558,644,737
575,63,car,846,486,1106,671
575,68,person,330,589,384,770
575,77,person,734,522,783,590
576,8,person,386,593,490,785
576,12,person,492,619,552,814
576,19,person,936,531,1024,703
576,24,person,1116,514,1184,667
576,26,car,1524,396,1847,545
576,30,person,852,553,914,717
576,33,car,1715,384,1919,524
576,36,person,1172,460,1224,623
576,42,person,1256,500,1321,663
576,47,person,95,651,196,849
576,48,person,1039,535,1101,696
576,52,person,729,558,793,733
576,58,person,789,596,877,756
576,61,person,552,557,644,737
576,63,car,846,487,1107,668
576,68,person,327,590,380,770
576,77,person,732,521,779,588
577,8,person,384,594,481,785
577,12,person,481,621,550,813
577,19,person,936,533,1021,703
577,24,person,1114,512,1175,667
577,26,car,1524,396,1847,545
577,30,person,848,554,913,718
577,33,car,1715,384,1919,524
577,36,person,1167,461,1224,622
577,42,person,1257,501,1320,662
577,47,person,96,653,193,850
577,48,person,1039,536,1099,696
577,52,person,727,557,787,734
577,58,person,789,596,876,755
577,61,person,549,561,640,738
577,63,car,845,487,1105,669
577,68,person,324,590,377,770
577,77,person,731,522,777,587
578,8,person,384,593,478,785
578,12,person,468,621,550,813
578,19,person,935,533,1019,703
578,24,person,1112,513,1172,667
578,26,car,1524,395,1847,545
578,30,person,846,555,912,717
578,33,car,1714,384,1919,524
578,36,person,1160,462,1223,623
578,42,person,1257,499,1318,662
578,47,person,93,653,189,850
578,48,person,1036,539,1099,698
578,52,person,728,556,781,738
578,58,person,786,594,876,756
578,61,person,546,562,635,738
578,63,car,846,487,1151,654
578,68,person,319,591,375,770
578,77,person,728,523,774,587
579,8,person,385,592,477,784
579,12,person,460,622,550,814
579,19,person,937,534,1016,704
579,24,person,1110,513,1166,667
579,26,car,1524,396,1847,545
579,30,person,841,556,910,717
579,33,car,1714,384,1919,524
579,36,person,1155,465,1223,623
579,42,person,1257,498,1315,662
579,47,person,92,655,183,851
579,48,person,1038,539,1099,699
579,52,person,723,557,780,739
579,58,person,786,595,874,757
579,61,person,549,562,629,739
579,63,car,846,487,1144,655
579,68,person,306,591,373,770
579,77,person,724,523,772,594
580,8,person,385,593,463,786
580,12,person,450,623,550,816
580,19,person,936,533,1011,705
580,24,person,1110,513,1163,665
580,26,car,1524,395,1847,545
580,30,person,839,553,903,719
580,33,car,1715,384,1919,524
580,36,person,1151,465,1221,623
580,42,person,1256,497,1308,663
580,47,person,85,657,174,851
580,48,person,1036,538,1097,700
580,52,person,722,560,780,742
580,58,person,786,595,869,758
580,61,person,548,562,622,739
580,63,car,846,488,1149,654
580,68,person,295,592,373,770
580,77,person,719,525,770,598
581,8,person,384,592,453,785
581,12,person,444,624,550,816
581,19,person,937,537,1007,705
581,24,person,1109,515,1161,668
581,26,car,1524,395,1847,545
581,30,person,834,554,896,722
581,33,car,1716,384,1919,524
581,36,person,1151,464,1221,623
581,42,person,1256,496,1305,663
581,47,person,79,656,167,851
581,48,person,1036,539,1095,700
581,52,person,718,560,777,744
581,58,person,786,596,865,758
581,61,person,547,561,614,740
581,63,car,847,488,1131,660
581,68,person,286,593,373,770
582,8,person,384,593,446,785
582,12,person,443,626,549,816
582,19,person,937,535,1003,705
582,24,person,1108,515,1160,669
582,26,car,1524,395,1847,545
582,30,person,831,553,891,722
582,33,car,1715,384,1919,524
582,36,person,1148,463,1221,623
582,42,person,1255,497,1302,664
582,47,person,76,656,158,851
582,48,person,1036,539,1093,699
582,52,person,719,563,775,744
582,58,person,787,596,858,758
582,61,person,545,561,607,740
582,63,car,849,488,1111,658
582,68,person,280,593,373,770
582,78,person,687,523,758,689
583,8,person,383,593,436,785
583,12,person,439,627,549,817
583,19,person,935,535,996,705
583,24,person,1104,515,1161,670
583,26,car,1524,395,1847,545
583,30,person,828,553,881,729
583,33,car,1718,385,1919,524
583,36,person,1146,465,1221,623
583,42,person,1251,497,1298,665
583,48,person,1031,538,1083,701
583,52,person,717,560,773,745
583,58,person,786,596,849,758
583,61,person,540,560,596,741
583,63,car,850,487,1114,656
583,68,person,275,596,373,770
583,78,person,688,524,754,689
584,8,person,378,595,433,786
584,12,person,437,628,549,816
584,19,person,933,536,989,706
584,24,person,1103,515,1158,672
584,26,car,1524,396,1846,545
584,30,person,825,551,876,725
584,33,car,1716,385,1919,524
584,36,person,1144,464,1219,623
584,42,person,1250,497,1296,665
584,48,person,1028,539,1076,703
584,52,person,718,558,772,746
584,58,person,785,597,842,758
584,61,person,536,560,592,741
584,63,car,850,487,1120,662
584,68,person,275,597,372,771
584,78,person,687,524,751,689
584,79,person,62,658,135,850
585,8,person,372,596,428,786
585,12,person,438,628,548,817
585,19,person,932,536,983,705
585,24,person,1100,513,1154,671
585,26,car,1524,396,1847,545
585,30,person,821,552,871,724
585,33,car,1716,385,1919,524
585,36,person,1142,463,1216,623
585,42,person,1248,497,1293,665
585,48,person,1030,539,1076,701
585,52,person,713,562,772,749
585,58,person,778,596,836,758
585,61,person,533,560,585,740
585,63,car,848,487,1113,667
585,68,person,277,598,371,773
585,78,person,686,527,747,690
585,79,person,57,657,132,851
586,8,person,368,596,424,786
586,12,person,439,625,546,817
586,19,person,932,534,981,705
586,24,person,1098,515,1151,670
586,26,car,1524,396,1846,545
586,30,person,819,550,863,728
586,33,car,1716,385,1919,524
586,36,person,1141,463,1214,622
586,42,person,1244,497,1291,665
586,48,person,1026,537,1070,701
586,52,person,713,561,772,749
586,58,person,776,597,829,757
586,61,person,529,560,584,739
586,63,car,848,488,1116,649
586,68,person,273,597,371,775
586,78,person,686,526,745,691
586,79,person,52,657,131,851
587,8,person,362,595,421,787
587,12,person,438,627,544,817
587,19,person,928,534,978,705
587,24,person,1096,516,1151,671
587,26,car,1524,396,1846,545
587,30,person,816,550,860,726
587,33,car,1716,385,1919,524
587,36,person,1139,462,1208,623
587,42,person,1241,497,1289,664
587,48,person,1020,536,1071,701
587,52,person,711,564,771,750
587,58,person,769,597,820,761
587,61,person,524,561,584,740
587,63,car,847,488,1115,650
587,68,person,272,598,369,777
587,78,person,689,525,742,691
587,79,person,47,657,129,853
588,8,person,359,596,419,787
588,12,person,437,626,539,817
588,19,person,924,533,977,706
588,24,person,1094,516,1150,672
588,26,car,1524,396,1846,546
588,30,person,814,551,858,726
588,33,car,1714,385,1919,524
588,36,person,1136,461,1203,622
588,42,person,1237,499,1287,664
588,48,person,1021,542,1067,701
588,52,person,711,565,770,750
588,58,person,759,598,819,762
588,61,person,516,561,584,740
588,63,car,846,488,1112,641
588,68,person,274,599,365,777
588,78,person,688,524,740,690
588,79,person,42,657,130,853
589,8,person,352,596,416,787
589,12,person,437,626,531,817
589,19,person,918,535,977,705
589,24,person,1092,516,1149,672
589,26,car,1523,396,1847,545
589,30,person,808,552,857,726
589,33,car,1714,385,1919,524
589,36,person,1136,461,1195,618
589,42,person,1229,499,1286,665
589,48,person,1018,545,1066,700
589,52,person,707,563,764,748
589,58,person,763,600,817,761
589,61,person,506,562,583,741
589,63,car,847,488,1112,648
589,68,person,271,599,365,777
589,78,person,688,526,736,689
589,79,person,31,657,129,853
590,8,person,339,596,416,788
590,12,person,437,624,526,816
590,19,person,908,534,978,706
590,24,person,1089,517,1148,671
590,26,car,1523,396,1847,545
590,30,person,804,552,857,724
590,33,car,1715,384,1919,524
590,36,person,1134,461,1191,617
590,42,person,1222,500,1285,663
590,48,person,1015,544,1066,700
590,52,person,707,564,757,749
590,58,person,747,598,818,762
590,61,person,491,562,584,741
590,63,car,847,488,1112,656
590,68,person,273,597,356,777
590,78,person,686,525,734,687
590,79,person,29,657,128,852
591,8,person,327,599,417,789
591,12,person,437,626,517,816
591,19,person,901,534,978,707
591,24,person,1087,520,1147,672
591,26,car,1523,396,1847,545
591,30,person,801,552,857,726
591,33,car,1714,384,1919,524
591,36,person,1130,461,1183,617
591,42,person,1215,499,1284,665
591,48,person,1008,545,1066,700
591,52,person,710,566,757,747
591,58,person,742,599,817,760
591,61,person,493,563,583,742
591,63,car,847,488,1111,656
591,68,person,273,597,351,777
591,78,person,684,525,732,690
591,79,person,25,657,126,852
592,8,person,320,598,417,789
592,12,person,436,624,511,817
592,19,person,894,533,980,707
592,24,person,1085,521,1147,673
592,26,car,1523,396,1847,545
592,30,person,798,551,857,725
592,33,car,1715,384,1919,524
592,36,person,1128,460,1176,617
592,42,person,1209,502,1284,664
592,48,person,1000,546,1066,700
592,52,person,705,565,751,749
592,58,person,738,599,817,760
592,61,person,487,564,583,741
592,63,car,847,487,1107,658
592,68,person,274,597,346,777
592,78,person,683,525,730,690
592,79,person,22,657,127,854
593,8,person,317,600,416,789
593,12,person,434,623,501,817
593,19,person,892,533,980,707
593,24,person,1085,521,1146,672
593,26,car,1523,396,1846,546
593,30,person,796,554,858,725
593,33,car,1715,384,1919,524
593,36,person,1125,459,1172,617
593,42,person,1205,502,1285,665
593,48,person,990,545,1066,699
593,52,person,699,566,747,746
593,58,person,737,600,818,761
593,61,person,486,565,582,741
593,63,car,846,487,1103,657
593,68,person,272,595,339,777
593,78,person,680,524,729,689
593,79,person,19,656,124,853
594,8,person,313,597,415,788
594,12,person,432,623,493,818
594,19,person,888,532,977,708
594,24,person,1086,520,1145,671
594,26,car,1523,396,1846,546
594,30,person,794,555,857,725
594,33,car,1716,384,1919,524
594,36,person,1121,458,1169,620
594,42,person,1207,503,1286,665
594,48,person,983,543,1066,699
594,52,person,696,565,746,745
594,58,person,736,600,817,762
594,61,person,482,567,581,742
594,63,car,846,487,1102,656
594,68,person,271,595,327,777
594,78,person,677,524,723,689
594,79,person,14,656,121,853
595,8,person,314,598,415,790
595,12,person,426,623,483,820
595,19,person,886,533,967,709
595,24,person,1084,521,1143,671
595,26,car,1523,396,1846,545
595,30,person,789,554,857,725
595,33,car,1722,386,1919,524
595,36,person,1117,458,1167,622
595,42,person,1206,502,1285,664
595,48,person,978,545,1065,699
595,52,person,692,566,745,743
595,58,person,733,601,816,762
595,61,person,483,567,577,742
595,63,car,846,487,1099,655
595,68,person,267,596,315,778
595,78,person,673,525,720,690
595,79,person,9,657,114,853
596,8,person,312,599,415,791
596,12,person,421,623,475,822
596,19,person,886,534,965,710
596,24,person,1084,519,1137,670
596,26,car,1523,396,1846,546
596,30,person,784,555,856,725
596,33,car,1716,384,1919,524
596,36,person,1116,459,1163,620
596,42,person,1205,503,1285,664
596,48,person,975,548,1066,699
596,52,person,687,568,744,744
596,58,person,732,602,815,762
596,61,person,481,563,574,742
596,63,car,845,487,1099,657
596,68,person,262,594,310,780
596,78,person,670,525,718,696
596,79,person,4,657,107,853
597,8,person,311,600,414,791
597,12,person,415,625,473,824
597,19,person,887,540,965,711
597,24,person,1084,520,1131,670
597,26,car,1523,396,1846,546
597,30,person,779,552,855,726
597,33,car,1716,384,1919,524
597,36,person,1113,460,1161,620
597,42,person,1206,503,1284,664
597,48,person,972,545,1065,700
597,52,person,682,567,744,745
597,58,person,733,602,810,762
597,61,person,480,564,569,743
597,63,car,845,486,1097,658
597,68,person,258,597,309,780
597,78,person,667,525,718,695
597,79,person,2,658,98,854
598,8,person,311,601,411,792
598,12,person,401,625,472,825
598,19,person,886,540,964,712
598,24,person,1083,519,1130,670
598,26,car,1523,395,1846,546
598,30,person,777,552,852,726
598,33,car,1716,384,1919,524
598,36,person,1111,458,1161,620
598,42,person,1206,502,1284,663
598,48,person,966,548,1064,700
598,52,person,672,566,743,745
598,58,person,732,602,804,761
598,61,person,478,563,562,742
598,63,car,845,486,1099,662
598,68,person,249,598,308,782
598,78,person,659,527,716,692
598,79,person,0,658,92,853
599,8,person,310,601,408,793
599,12,person,390,624,473,823
599,19,person,886,536,963,713
599,24,person,1081,520,1127,669
599,26,car,1524,396,1846,545
599,30,person,774,552,848,726
599,33,car,1716,385,1919,524
599,36,person,1105,459,1162,621
599,42,person,1205,502,1283,665
599,48,person,973,545,1061,699
599,52,person,662,569,742,746
599,58,person,732,603,796,760
599,61,person,477,562,556,742
599,63,car,845,487,1102,663
599,68,person,235,598,308,781
599,78,person,652,527,713,694
599,79,person,0,656,79,853
600,8,person,311,600,405,795
600,12,person,382,628,473,822
600,19,person,887,539,962,713
600,24,person,1077,519,1125,669
600,26,car,1524,396,1846,545
600,30,person,771,554,844,730
600,33,car,1712,386,1918,523
600,36,person,1102,459,1161,621
600,42,person,1204,501,1281,666
600,48,person,970,543,1059,699
600,52,person,654,571,742,747
600,58,person,732,603,788,760
600,61,person,476,562,548,741
600,63,car,847,487,1111,665
600,68,person,224,599,308,783
600,78,person,649,527,711,695
600,79,person,0,654,70,853
601,8,person,309,600,398,796
601,12,person,371,628,473,823
601,19,person,887,540,962,713
601,24,person,1074,519,1123,670
601,26,car,1523,396,1847,544
601,30,person,768,554,838,730
601,33,car,1714,386,1918,524
601,36,person,1100,458,1163,621
601,42,person,1203,500,1278,666
601,48,person,968,545,1056,698
601,52,person,650,570,740,747
601,58,person,730,603,781,761
601,61,person,477,561,542,742
601,63,car,847,487,1117,665
601,68,person,217,602,309,785
601,78,person,647,526,708,693
601,79,person,0,653,62,854
602,8,person,311,600,392,796
602,12,person,369,625,474,822
602,19,person,888,540,958,713
602,24,person,1073,520,1122,670
602,26,car,1523,396,1847,544
602,30,person,765,553,831,728
602,33,car,1714,386,1918,523
602,36,person,1101,457,1164,619
602,42,person,1202,498,1274,666
602,48,person,965,542,1054,700
602,52,person,650,571,740,748
602,58,person,728,602,775,763
602,61,person,473,561,532,742
602,63,car,847,488,1120,671
602,68,person,212,607,310,784
602,78,person,643,526,705,695
602,79,person,0,653,62,855
603,8,person,309,601,387,795
603,12,person,367,629,473,821
603,19,person,888,538,957,713
603,24,person,1071,520,1121,671
603,26,car,1523,396,1847,544
603,30,person,763,553,824,729
603,33,car,1713,386,1918,523
603,36,person,1093,457,1163,617
603,42,person,1202,498,1271,665
603,48,person,966,541,1049,700
603,52,person,649,570,738,748
603,58,person,724,604,768,760
603,61,person,468,561,524,743
603,63,car,847,488,1120,666
603,68,person,209,607,308,785
603,78,person,635,527,702,698
603,79,person,0,654,63,854
604,8,person,310,600,381,795
604,12,person,364,629,472,823
604,19,person,888,536,953,713
604,24,person,1068,520,1120,671
604,26,car,1523,396,1847,544
604,30,person,760,552,814,729
604,33,car,1713,386,1918,523
604,36,person,1093,457,1162,615
604,42,person,1202,499,1265,665
604,48,person,964,538,1042,698
604,52,person,648,569,737,749
604,58,person,717,601,766,762
604,61,person,465,562,516,746
604,63,car,847,488,1120,665
604,68,person,208,608,308,785
604,78,person,634,527,698,700
604,79,person,0,655,62,855
605,8,person,309,600,373,796
605,12,person,361,631,472,823
605,19,person,887,538,946,713
605,24,person,1066,518,1119,671
605,26,car,1523,395,1847,544
605,30,person,755,552,805,727
605,33,car,1714,386,1918,523
605,36,person,1095,456,1157,617
605,42,person,1202,499,1260,665
605,48,person,964,537,1035,697
605,52,person,648,570,725,749
605,58,person,711,601,764,762
605,61,person,461,563,515,746
605,63,car,847,487,1115,667
605,68,person,208,608,307,786
605,78,person,635,527,696,701
605,79,person,0,656,62,852
606,8,person,301,602,365,794
606,12,person,358,632,472,824
606,19,person,884,537,943,712
606,24,person,1059,517,1117,672
606,26,car,1523,396,1847,544
606,30,person,752,552,799,729
606,33,car,1713,386,1918,523
606,36,person,1092,457,1152,620
606,42,person,1200,497,1255,663
606,48,person,963,537,1027,697
606,52,person,648,569,720,749
606,58,person,700,600,764,762
606,61,person,451,564,515,750
606,63,car,847,488,1115,655
606,68,person,208,608,304,786
606,78,person,638,528,692,701
606,79,person,0,656,61,853
607,8,person,295,601,360,795
607,12,person,359,630,468,825
607,19,person,880,539,939,712
607,24,person,1047,521,1114,672
607,26,car,1523,396,1847,544
607,30,person,751,551,795,731
607,33,car,1713,386,1918,523
607,36,person,1093,455,1143,611
607,42,person,1192,498,1250,664
607,48,person,964,536,1020,698
607,52,person,648,573,716,747
607,58,person,693,602,765,763
607,61,person,440,565,515,748
607,63,car,848,486,1082,653
607,68,person,208,608,300,786
607,78,person,637,529,689,701
607,79,person,0,656,61,853
608,8,person,287,601,360,797
608,12,person,360,631,466,825
608,19,person,876,543,936,712
608,24,person,1043,516,1114,672
608,26,car,1524,395,1847,545
608,30,person,749,554,795,729
608,33,car,1714,386,1918,523
608,36,person,1091,454,1141,617
608,42,person,1187,497,1248,666
608,48,person,959,536,1012,699
608,52,person,649,571,711,750
608,58,person,688,604,764,762
608,61,person,433,568,513,751
608,63,car,848,489,1132,646
608,68,person,209,610,292,786
608,78,person,636,529,686,700
608,79,person,0,656,62,853
609,8,person,282,602,360,800
609,12,person,360,631,460,825
609,19,person,873,544,934,714
609,24,person,1039,519,1113,671
609,26,car,1524,395,1847,545
609,30,person,746,555,794,729
609,33,car,1714,386,1918,523
609,36,person,1087,452,1133,603
609,42,person,1185,498,1246,669
609,48,person,955,537,1005,698
609,52,person,648,570,712,750
609,58,person,683,605,763,763
609,61,person,429,569,513,746
609,63,car,847,488,1133,650
609,68,person,208,608,282,786
609,78,person,633,530,682,702
609,79,person,0,671,61,853
610,8,person,276,603,360,801
610,12,person,360,631,450,825
610,19,person,871,548,932,717
610,24,person,1036,520,1113,672
610,26,car,1524,396,1847,544
610,30,person,742,554,793,725
610,33,car,1714,386,1918,523
610,36,person,1085,450,1132,603
610,42,person,1183,498,1244,668
610,48,person,952,538,997,702
610,52,person,648,570,707,750
610,58,person,684,606,763,765
610,61,person,424,568,513,749
610,63,car,848,488,1122,651
610,68,person,208,608,275,786
610,78,person,631,529,675,699
610,79,person,0,676,62,854
611,8,person,272,605,359,802
611,12,person,359,632,443,825
611,19,person,869,548,931,717
611,24,person,1035,522,1112,673
611,26,car,1523,396,1847,544
611,30,person,737,554,794,726
611,33,car,1714,386,1918,523
611,36,person,1084,449,1131,592
611,42,person,1180,500,1242,669
611,48,person,949,540,995,703
611,52,person,645,569,703,750
611,58,person,681,607,764,766
611,61,person,423,569,513,749
611,63,car,848,488,1125,652
611,68,person,206,607,260,786
611,78,person,626,529,671,697
611,79,person,0,680,60,854
612,8,person,267,606,353,803
612,12,person,359,631,434,825
612,19,person,869,549,931,721
612,24,person,1039,522,1112,672
612,26,car,1523,396,1847,544
612,30,person,737,556,794,726
612,33,car,1714,386,1918,523
612,36,person,1082,449,1127,614
612,42,person,1178,501,1241,668
612,48,person,944,538,995,704
612,52,person,643,574,698,746
612,58,person,679,610,764,765
612,61,person,428,571,511,753
612,63,car,848,487,1079,651
612,68,person,199,606,251,786
612,78,person,624,530,674,681
612,79,person,0,690,47,852
613,8,person,263,607,350,800
613,12,person,361,631,428,827
613,19,person,862,549,929,723
613,24,person,1038,524,1113,673
613,26,car,1523,396,1847,544
613,30,person,732,557,793,726
613,33,car,1713,386,1918,523
613,36,person,1081,449,1125,607
613,42,person,1177,502,1238,668
613,48,person,935,546,995,705
613,52,person,643,583,688,751
613,58,person,679,608,761,766
613,61,person,426,571,511,754
613,63,car,848,487,1076,652
613,68,person,192,607,246,786
613,78,person,620,531,673,673
614,8,person,259,608,349,801
614,12,person,355,631,416,826
614,19,person,861,550,927,723
614,24,person,1036,525,1112,674
614,26,car,1523,396,1847,544
614,30,person,728,558,793,727
614,33,car,1713,386,1918,523
614,36,person,1076,449,1124,599
614,42,person,1174,502,1237,668
614,48,person,928,545,994,702
614,52,person,639,579,684,755
614,58,person,676,607,759,767
614,61,person,419,573,508,755
614,63,car,847,489,1117,650
614,68,person,186,607,244,787
614,78,person,615,532,668,687
615,8,person,255,607,348,802
615,12,person,349,632,406,825
615,19,person,856,553,924,724
615,24,person,1033,523,1110,674
615,26,car,1523,396,1847,544
615,30,person,723,559,792,730
615,33,car,1714,386,1918,523
615,36,person,1073,450,1123,603
615,42,person,1173,503,1236,669
615,48,person,921,543,994,702
615,52,person,634,573,683,757
615,58,person,677,610,751,767
615,61,person,419,574,506,755
615,63,car,848,488,1115,651
615,68,person,182,607,241,787
615,78,person,613,534,665,689
616,8,person,253,610,346,802
616,12,person,341,633,400,825
616,19,person,855,552,923,722
616,24,person,1037,526,1107,674
616,26,car,1522,396,1847,544
616,30,person,720,560,792,733
616,33,car,1717,385,1919,524
616,36,person,1072,450,1121,594
616,42,person,1171,505,1236,671
616,48,person,918,545,994,702
616,52,person,628,574,681,757
616,58,person,671,607,743,768
616,61,person,417,574,500,756
616,63,car,848,486,1113,654
616,68,person,175,604,242,786
616,78,person,607,533,663,694
617,8,person,251,609,346,804
617,12,person,336,633,399,826
617,19,person,856,555,921,726
617,24,person,1036,527,1105,675
617,26,car,1523,396,1847,545
617,30,person,717,557,790,734
617,33,car,1716,385,1919,524
617,36,person,1069,450,1120,594
617,42,person,1167,504,1238,671
617,48,person,915,548,993,702
617,52,person,613,575,683,757
617,58,person,668,606,738,768
617,61,person,418,573,494,756
617,63,car,847,485,1114,660
617,68,person,166,607,241,786
617,78,person,593,532,659,696
618,8,person,251,609,343,808
618,12,person,329,634,399,826
618,19,person,857,555,919,726
618,24,person,1035,526,1101,674
618,26,car,1523,396,1847,545
618,30,person,713,555,784,735
618,33,car,1716,385,1919,524
618,36,person,1067,450,1118,593
618,42,person,1167,504,1236,671
618,48,person,914,547,993,702
618,52,person,606,574,682,756
618,58,person,663,605,735,768
618,61,person,418,572,488,756
618,63,car,847,486,1119,655
618,68,person,155,607,242,786
618,78,person,582,534,655,696
619,8,person,251,608,336,807
619,12,person,316,633,399,825
619,19,person,855,554,918,729
619,24,person,1033,525,1095,675
619,26,car,1522,395,1847,545
619,30,person,712,556,781,736
619,33,car,1713,386,1918,524
619,36,person,1064,450,1117,595
619,42,person,1167,505,1235,671
619,48,person,913,542,991,703
619,52,person,599,572,682,756
619,58,person,663,604,726,769
619,61,person,418,571,480,755
619,63,car,847,485,1121,656
619,68,person,154,608,242,786
619,78,person,581,534,653,699
620,8,person,250,610,333,807
620,12,person,306,633,397,826
620,19,person,852,554,917,729
620,24,person,1031,521,1090,674
620,26,car,1523,395,1847,545
620,30,person,707,557,774,737
620,33,car,1716,385,1919,524
620,36,person,1062,450,1117,594
620,42,person,1168,506,1235,671
620,48,person,912,543,988,704
620,52,person,595,573,682,756
620,58,person,664,605,719,771
620,61,person,415,571,470,755
620,63,car,844,487,1120,664
620,68,person,143,609,242,787
620,78,person,579,536,648,698
621,8,person,251,611,330,808
621,12,person,298,634,397,827
621,19,person,852,553,915,730
621,24,person,1032,522,1085,674
621,26,car,1523,395,1847,545
621,30,person,706,559,757,736
621,33,car,1716,385,1919,524
621,36,person,1058,450,1115,591
621,42,person,1167,506,1233,671
621,48,person,913,541,986,704
621,52,person,595,583,679,757
621,58,person,665,605,715,774
621,61,person,412,571,465,755
621,63,car,845,485,1121,662
621,68,person,142,609,242,786
621,78,person,578,539,646,700
622,8,person,251,613,326,808
622,12,person,292,634,396,827
622,19,person,852,555,913,731
622,24,person,1033,519,1080,676
622,26,car,1523,395,1847,545
622,30,person,704,560,755,736
622,33,car,1716,385,1919,524
622,36,person,1055,449,1114,589
622,42,person,1167,505,1229,671
622,48,person,910,540,984,703
622,52,person,595,578,675,757
622,58,person,666,605,714,775
622,61,person,408,572,458,756
622,63,car,845,486,1123,662
622,68,person,141,607,240,785
622,78,person,576,535,641,699
623,8,person,250,613,320,806
623,12,person,289,637,395,828
623,19,person,852,556,910,730
623,24,person,1030,521,1076,677
623,26,car,1523,395,1847,545
623,30,person,701,560,750,733
623,33,car,1716,385,1919,524
623,36,person,1051,448,1112,587
623,42,person,1166,505,1227,671
623,48,person,909,542,980,704
623,52,person,594,576,669,757
623,58,person,655,605,713,776
623,61,person,406,571,457,754
623,63,car,845,485,1124,660
623,68,person,138,609,239,786
623,78,person,582,537,640,691
624,8,person,250,613,310,807
624,12,person,286,637,395,829
624,19,person,850,558,908,730
624,24,person,1025,520,1071,679
624,26,car,1522,395,1847,545
624,30,person,697,559,745,735
624,33,car,1716,385,1919,524
624,36,person,1047,446,1110,586
624,42,person,1166,504,1222,671
624,48,person,908,544,979,704
624,52,person,592,577,671,756
624,58,person,645,607,713,775
624,61,person,401,573,456,756
624,63,car,845,485,1125,662
624,68,person,137,606,237,786
624,78,person,582,536,635,702
625,8,person,249,613,302,806
625,12,person,283,637,395,829
625,19,person,850,556,907,730
625,24,person,1024,519,1067,680
625,26,car,1523,395,1847,546
625,30,person,696,559,741,737
625,33,car,1723,387,1919,524
625,36,person,1044,447,1104,583
625,42,person,1166,504,1217,671
625,48,person,907,543,980,704
625,52,person,593,577,666,757
625,58,person,638,609,713,776
625,61,person,392,575,457,756
625,63,car,845,485,1126,663
625,68,person,136,606,233,786
625,78,person,582,534,634,700
625,81,person,905,542,957,703
626,8,person,243,613,299,806
626,12,person,282,636,394,830
626,19,person,847,553,906,730
626,24,person,1024,520,1065,680
626,26,car,1523,396,1847,544
626,30,person,691,559,743,737
626,33,car,1716,385,1919,524
626,36,person,1044,447,1098,577
626,42,person,1166,504,1214,671
626,52,person,592,575,660,757
626,58,person,635,607,714,776
626,61,person,380,575,457,756
626,63,car,844,485,1125,661
626,68,person,136,600,230,786
626,78,person,580,534,628,698
626,81,person,902,542,952,703
627,8,person,237,613,294,806
627,12,person,281,636,392,830
627,19,person,847,551,901,730
627,24,person,1012,520,1064,682
627,26,car,1523,396,1847,544
627,30,person,688,560,741,734
627,33,car,1716,385,1919,524
627,36,person,1043,446,1093,574
627,42,person,1163,504,1209,671
627,52,person,593,574,658,756
627,58,person,633,608,713,776
627,61,person,373,575,458,756
627,63,car,844,486,1125,660
627,68,person,136,601,224,779
627,78,person,576,534,627,696
627,81,person,898,539,947,702
628,8,person,233,614,290,806
628,12,person,281,636,390,830
628,19,person,843,552,898,730
628,24,person,1004,518,1064,681
628,26,car,1523,395,1847,544
628,30,person,684,559,741,735
628,33,car,1716,385,1919,524
628,36,person,1040,444,1088,567
628,42,person,1160,503,1207,671
628,52,person,592,577,651,757
628,58,person,634,605,713,779
628,61,person,369,576,458,756
628,63,car,844,486,1125,660
628,68,person,136,598,221,776
628,78,person,574,534,623,701
628,81,person,898,540,942,704
629,8,person,229,612,287,805
629,12,person,279,636,385,830
629,19,person,841,552,896,730
629,24,person,999,523,1064,678
629,26,car,1523,396,1846,545
629,30,person,682,560,740,735
629,33,car,1723,387,1919,524
629,36,person,1040,443,1084,565
629,42,person,1157,504,1205,671
629,52,person,591,583,639,757
629,58,person,631,612,711,779
629,61,person,360,576,458,756
629,63,car,845,486,1125,660
629,68,person,137,598,215,773
629,78,person,571,534,622,701
629,81,person,894,541,940,704
630,8,person,224,613,286,805
630,12,person,279,635,381,832
630,19,person,839,552,891,730
630,24,person,994,519,1064,679
630,26,car,1523,395,1847,544
630,30,person,678,561,741,736
630,33,car,1716,384,1919,524
630,36,person,1037,441,1083,565
630,42,person,1155,504,1202,671
630,52,person,585,575,635,757
630,58,person,632,614,709,779
630,61,person,357,576,458,756
630,63,car,846,486,1125,660
630,68,person,136,595,208,771
630,78,person,568,533,619,701
630,81,person,890,541,939,704
631,8,person,212,616,285,806
631,12,person,280,635,372,832
631,19,person,834,554,891,731
631,24,person,990,524,1064,677
631,26,car,1523,395,1847,544
631,30,person,675,560,740,736
631,33,car,1717,385,1919,524
631,36,person,1034,442,1082,563
631,42,person,1152,504,1201,671
631,52,person,577,578,629,756
631,58,person,631,613,704,776
631,61,person,356,577,455,757
631,63,car,846,486,1123,659
631,68,person,135,594,203,773
631,78,person,567,533,615,664
631,81,person,886,544,938,703
632,8,person,200,615,285,806
632,12,person,280,637,368,832
632,19,person,829,553,891,731
632,24,person,990,522,1063,678
632,26,car,1523,395,1846,545
632,30,person,671,562,742,736
632,33,car,1717,385,1919,524
632,36,person,1031,442,1082,561
632,42,person,1144,503,1199,671
632,52,person,574,576,626,756
632,58,person,627,614,702,778
632,61,person,357,578,455,757
632,63,car,847,487,1124,659
632,68,person,132,593,196,771
632,78,person,565,533,613,656
632,81,person,883,547,938,705
633,8,person,193,616,284,807
633,12,person,281,636,358,833
633,19,person,822,553,889,733
633,24,person,987,525,1063,679
633,26,car,1523,395,1846,545
633,30,person,668,561,741,737
633,33,car,1717,385,1919,524
633,36,person,1028,442,1081,561
633,42,person,1138,505,1199,672
633,52,person,568,576,625,756
633,58,person,622,613,697,779
633,61,person,358,576,452,757
633,63,car,845,487,1125,658
633,68,person,130,592,185,770
633,78,person,563,533,611,650
633,81,person,878,547,938,704
634,8,person,185,613,284,808
634,12,person,279,633,349,834
634,19,person,816,553,887,734
634,24,person,988,523,1063,678
634,26,car,1523,395,1847,545
634,30,person,664,560,743,736
634,33,car,1716,385,1919,524
634,36,person,1025,442,1081,560
634,42,person,1133,506,1199,673
634,52,person,562,574,626,757
634,58,person,615,610,691,779
634,61,person,357,576,447,756
634,63,car,844,487,1125,658
634,68,person,127,591,180,770
634,78,person,560,534,609,647
634,81,person,875,550,938,704
635,8,person,183,615,284,808
635,12,person,274,633,340,833
635,19,person,812,554,885,736
635,24,person,987,525,1061,678
635,26,car,1523,395,1847,545
635,30,person,658,562,738,737
635,33,car,1716,385,1919,524
635,36,person,1023,442,1080,559
635,42,person,1127,508,1198,673
635,52,person,550,576,625,757
635,58,person,611,611,684,779
635,61,person,355,577,443,757
635,63,car,842,487,1123,660
635,68,person,124,591,178,772
635,78,person,557,533,607,647
635,81,person,870,551,937,704
636,8,person,178,616,282,809
636,12,person,273,633,328,832
636,19,person,808,555,884,737
636,24,person,987,526,1058,679
636,26,car,1524,395,1847,546
636,30,person,655,563,740,739
636,33,car,1722,387,1919,523
636,36,person,1021,442,1078,559
636,42,person,1123,508,1198,674
636,52,person,540,583,626,758
636,58,person,610,611,676,779
636,61,person,355,576,437,758
636,63,car,842,488,1122,660
636,68,person,119,591,177,772
636,78,person,555,534,606,666
636,81,person,870,549,937,704
637,8,person,177,617,281,808
637,12,person,268,634,320,836
637,19,person,809,556,882,738
637,24,person,987,526,1054,678
637,26,car,1523,396,1847,545
637,30,person,653,563,730,737
637,33,car,1721,387,1919,524
637,36,person,1020,442,1078,559
637,42,person,1121,509,1198,674
637,52,person,533,581,625,758
637,58,person,610,610,672,779
637,61,person,352,575,431,758
637,63,car,844,486,1122,658
637,68,person,117,594,175,772
637,78,person,553,535,601,605
637,81,person,866,549,935,704
638,8,person,175,618,278,810
638,12,person,262,631,320,837
638,19,person,811,557,882,738
638,24,person,986,530,1049,678
638,26,car,1523,396,1847,545
638,30,person,649,562,720,736
638,33,car,1721,386,1919,524
638,36,person,1018,443,1077,555
638,42,person,1120,510,1198,674
638,52,person,525,580,625,758
638,58,person,609,611,668,780
638,61,person,352,575,424,757
638,63,car,845,487,1123,660
638,68,person,110,594,175,773
638,78,person,550,536,599,623
638,81,person,865,551,936,708
638,84,person,529,532,594,707
639,8,person,175,617,269,811
639,12,person,251,636,320,837
639,19,person,810,558,880,741
639,24,person,986,526,1042,678
639,26,car,1523,396,1847,545
639,30,person,649,562,715,737
639,33,car,1721,386,1919,524
639,36,person,1017,443,1075,558
639,42,person,1120,509,1198,675
639,52,person,524,585,626,760
639,58,person,602,614,665,781
639,61,person,349,575,412,756
639,63,car,844,487,1123,661
639,68,person,98,594,176,776
639,78,person,547,538,595,627
639,81,person,859,552,934,705
639,84,person,529,537,595,707
640,8,person,174,617,263,812
640,12,person,234,637,320,837
640,19,person,810,559,880,741
640,24,person,985,523,1033,680
640,26,car,1523,396,1847,545
640,30,person,642,561,705,737
640,33,car,1721,386,1919,524
640,36,person,1016,441,1071,555
640,42,person,1119,509,1198,676
640,52,person,522,586,623,760
640,58,person,600,614,664,780
640,61,person,345,576,407,757
640,63,car,844,487,1124,662
640,68,person,88,596,177,778
640,81,person,857,550,932,706
640,84,person,525,536,588,709
641,8,person,175,615,259,812
641,12,person,224,635,320,838
641,19,person,810,559,879,741
641,24,person,984,523,1027,679
641,26,car,1523,396,1847,545
641,30,person,640,561,696,738
641,33,car,1715,384,1919,524
641,36,person,1016,440,1065,536
641,42,person,1118,511,1199,675
641,52,person,523,588,618,761
641,58,person,590,614,664,780
641,61,person,344,577,399,758
641,63,car,845,487,1123,662
641,68,person,78,595,180,779
641,78,person,537,538,589,635
641,81,person,853,547,929,706
641,84,person,523,538,589,707
642,8,person,174,619,254,811
642,12,person,216,637,319,837
642,19,person,809,559,877,741
642,24,person,982,524,1023,680
642,26,car,1523,396,1847,545
642,30,person,637,561,683,736
642,33,car,1722,386,1919,524
642,36,person,1015,440,1062,531
642,42,person,1119,510,1198,677
642,52,person,522,581,615,761
642,58,person,584,613,664,781
642,61,person,340,577,392,760
642,63,car,846,487,1123,663
642,68,person,77,596,178,779
642,81,person,853,548,923,705
642,84,person,522,538,586,711
642,85,person,537,539,586,613
643,8,person,174,619,249,811
643,12,person,210,641,318,837
643,19,person,807,562,876,741
643,24,person,978,521,1019,679
643,26,car,1523,396,1847,545
643,30,person,635,562,675,734
643,33,car,1721,386,1919,524
643,36,person,1013,440,1060,529
643,42,person,1119,511,1197,675
643,52,person,522,585,610,762
643,58,person,581,614,664,781
643,61,person,336,577,393,763
643,63,car,847,487,1123,662
643,68,person,75,596,180,780
643,78,person,535,539,582,627
643,81,person,852,550,919,704
643,84,person,528,539,581,707
644,8,person,174,619,243,812
644,12,person,209,642,319,836
644,19,person,804,562,873,741
644,24,person,976,521,1017,680
644,26,car,1524,396,1847,545
644,30,person,632,561,675,736
644,33,car,1715,385,1919,524
644,36,person,1011,439,1058,529
644,42,person,1117,511,1199,676
644,52,person,522,582,608,762
644,58,person,581,622,662,782
644,61,person,332,577,393,763
644,63,car,848,487,1123,663
644,68,person,75,596,181,780
644,78,person,532,540,578,616
644,81,person,851,548,912,704
645,8,person,174,619,239,811
645,12,person,205,643,319,836
645,19,person,800,563,870,741
645,24,person,972,523,1016,679
645,26,car,1524,396,1847,545
645,30,person,629,561,673,740
645,33,car,1715,385,1919,524
645,36,person,1010,437,1056,534
645,42,person,1117,512,1198,676
645,52,person,523,586,603,761
645,58,person,578,621,660,782
645,61,person,318,577,393,764
645,63,car,848,487,1123,661
645,68,person,76,598,175,778
645,78,person,527,540,574,633
645,81,person,849,553,905,703
646,8,person,173,620,233,812
646,12,person,203,645,316,838
646,19,person,802,563,865,742
646,24,person,965,519,1015,680
646,26,car,1524,397,1847,545
646,30,person,626,561,671,736
646,33,car,1715,385,1919,524
646,36,person,1003,437,1053,531
646,42,person,1118,511,1193,676
646,52,person,522,587,600,761
646,58,person,578,618,660,782
646,61,person,308,577,393,763
646,63,car,847,486,1124,649
646,68,person,76,596,173,777
646,78,person,525,541,570,628
646,81,person,847,552,898,707
647,8,person,170,616,226,810
647,12,person,202,646,316,839
647,19,person,800,563,862,742
647,24,person,953,524,1015,678
647,26,car,1524,397,1847,545
647,30,person,623,562,672,737
647,33,car,1714,384,1919,524
647,36,person,1003,436,1048,526
647,42,person,1118,511,1183,676
647,52,person,518,578,598,761
647,58,person,566,616,658,784
647,61,person,300,578,392,762
647,63,car,847,486,1124,648
647,68,person,76,595,168,777
647,78,person,524,542,566,612
647,81,person,843,550,890,709
648,8,person,161,616,222,814
648,12,person,202,646,312,840
648,19,person,797,568,856,742
648,24,person,951,523,1016,677
648,26,car,1524,397,1847,545
648,30,person,618,563,672,737
648,33,car,1716,385,1919,525
648,36,person,1000,436,1045,524
648,42,person,1117,511,1178,677
648,52,person,515,581,592,762
648,58,person,562,616,654,784
648,61,person,293,577,392,761
648,63,car,852,486,1123,649
648,68,person,75,596,162,778
648,78,person,522,543,565,613
648,81,person,843,550,885,711
649,8,person,154,618,221,815
649,12,person,203,645,308,840
649,19,person,793,565,852,744
649,24,person,947,525,1016,677
649,26,car,1524,397,1847,545
649,30,person,614,567,672,737
649,33,car,1716,385,1919,524
649,36,person,998,437,1043,527
649,42,person,1117,510,1174,677
649,52,person,510,579,586,762
649,58,person,569,620,649,785
649,61,person,293,579,392,761
649,63,car,851,487,1122,649
649,68,person,74,597,156,779
649,78,person,521,542,564,616
649,81,person,838,549,883,713
650,8,person,146,619,220,821
650,12,person,203,646,304,839
650,19,person,786,565,851,747
650,24,person,944,524,1016,678
650,26,car,1524,397,1847,545
650,30,person,610,566,672,737
650,33,car,1716,384,1919,525
650,36,person,996,435,1041,527
650,42,person,1113,511,1168,677
650,52,person,510,579,580,763
650,58,person,574,620,644,787
650,61,person,293,580,391,760
650,63,car,851,487,1122,649
650,68,person,75,598,142,778
650,78,person,516,543,561,617
650,81,person,834,548,879,711
651,8,person,137,619,218,824
651,12,person,202,645,296,840
651,19,person,785,565,850,750
651,24,person,941,523,1015,678
651,26,car,1524,397,1847,545
651,30,person,608,566,673,736
651,33,car,1716,385,1919,525
651,36,person,993,436,1041,529
651,42,person,1111,511,1166,679
651,52,person,494,580,572,762
651,58,person,573,620,635,787
651,61,person,290,578,389,762
651,63,car,851,488,1122,647
651,68,person,70,598,135,777
651,78,person,514,544,558,619
651,81,person,832,550,878,712
652,8,person,134,620,214,825
652,12,person,199,643,288,841
652,19,person,786,567,849,752
652,24,person,941,524,1013,678
652,26,car,1524,397,1847,545
652,30,person,606,566,672,735
652,33,car,1715,385,1919,525
652,36,person,991,437,1037,526
652,42,person,1110,511,1164,679
652,52,person,493,583,569,765
652,58,person,571,618,628,783
652,61,person,290,578,387,762
652,63,car,851,488,1122,647
652,68,person,65,596,121,777
652,78,person,510,543,555,620
652,81,person,829,549,878,710
653,8,person,128,622,212,819
653,12,person,202,644,279,840
653,19,person,776,569,848,755
653,24,person,940,524,1007,680
653,26,car,1524,397,1847,546
653,30,person,602,566,670,736
653,33,car,1715,385,1919,525
653,36,person,986,437,1034,525
653,42,person,1112,511,1164,680
653,52,person,491,580,564,767
653,58,person,566,616,622,784
653,61,person,290,581,383,762
653,63,car,849,488,1120,647
653,68,person,57,596,113,778
653,78,person,507,543,551,617
653,81,person,825,549,877,711
654,8,person,121,623,215,816
654,12,person,200,643,270,839
654,19,person,773,571,847,754
654,24,person,940,523,1004,679
654,26,car,1524,397,1847,545
654,30,person,600,568,669,738
654,33,car,1715,385,1919,525
654,36,person,983,436,1032,523
654,42,person,1112,511,1162,684
654,52,person,500,579,560,768
654,58,person,564,620,613,787
654,61,person,289,580,378,762
654,63,car,848,488,1120,648
654,68,person,49,597,109,777
654,78,person,503,544,549,615
654,81,person,821,555,878,712
655,8,person,115,625,214,816
655,12,person,197,642,261,839
655,19,person,771,572,846,755
655,24,person,937,521,998,677
655,26,car,1524,397,1847,546
655,30,person,595,567,667,738
655,33,car,1715,385,1919,525
655,36,person,980,436,1030,524
655,42,person,1098,512,1161,683
655,52,person,498,582,557,768
655,58,person,556,618,613,788
655,61,person,289,579,372,762
655,63,car,848,488,1120,647
655,68,person,44,594,108,776
655,78,person,500,544,546,615
655,81,person,820,557,878,711
656,8,person,111,623,213,816
656,12,person,193,643,253,839
656,19,person,770,574,845,755
656,24,person,934,520,993,676
656,26,car,1524,398,1847,545
656,30,person,592,569,661,740
656,33,car,1713,385,1919,525
656,36,person,978,437,1027,520
656,42,person,1095,512,1158,685
656,52,person,487,583,557,770
656,58,person,557,619,610,791
656,61,person,287,577,366,762
656,63,car,847,488,1119,646
656,68,person,36,595,109,776
656,78,person,496,543,545,616
656,81,person,817,557,877,711
657,8,person,109,625,208,820
657,12,person,188,644,242,840
657,19,person,768,572,842,756
657,24,person,933,520,989,673
657,26,car,1524,398,1847,545
657,30,person,587,568,653,740
657,33,car,1714,385,1919,525
657,36,person,975,437,1024,518
657,42,person,1091,511,1155,684
657,52,person,480,589,556,770
657,58,person,545,623,611,790
657,61,person,287,578,360,762
657,63,car,848,487,1117,648
657,68,person,31,595,107,777
657,78,person,494,546,542,617
657,81,person,817,558,876,710
658,8,person,108,628,212,825
658,12,person,181,644,240,840
658,19,person,770,573,841,757
658,24,person,938,520,980,672
658,26,car,1524,397,1847,545
658,30,person,584,567,646,738
658,33,car,1721,387,1919,524
658,36,person,972,437,1020,517
658,42,person,1087,512,1153,682
658,52,person,474,578,556,770
658,58,person,537,623,611,791
658,61,person,288,576,352,763
658,63,car,847,486,1117,652
658,68,person,27,598,109,777
658,78,person,491,546,538,626
658,81,person,813,559,875,709
659,8,person,107,629,191,826
659,12,person,172,644,239,840
659,19,person,770,574,839,758
659,24,person,934,519,977,672
659,26,car,1524,397,1848,545
659,30,person,583,568,639,739
659,33,car,1721,387,1919,525
659,36,person,968,436,1016,511
659,42,person,1085,513,1151,682
659,52,person,471,582,556,771
659,58,person,532,623,611,792
659,61,person,283,577,344,762
659,63,car,847,487,1112,651
659,68,person,23,598,107,775
659,78,person,488,546,537,631
659,81,person,808,555,871,708
660,8,person,105,630,183,826
660,12,person,159,647,238,839
660,19,person,770,574,837,758
660,24,person,930,518,973,673
660,26,car,1524,397,1848,545
660,30,person,580,567,627,736
660,33,car,1721,387,1919,525
660,36,person,966,436,1014,512
660,42,person,1080,515,1150,683
660,52,person,470,590,553,770
660,58,person,531,625,611,791
660,61,person,283,577,336,763
660,63,car,848,487,1111,651
660,68,person,18,597,108,777
660,78,person,482,547,534,631
660,81,person,806,556,869,707
661,8,person,106,630,177,826
661,12,person,150,647,238,841
661,19,person,767,575,833,759
661,24,person,925,522,968,674
661,26,car,1524,397,1848,546
661,30,person,576,567,623,748
661,33,car,1721,387,1919,525
661,36,person,963,436,1010,509
661,42,person,1078,519,1150,683
661,52,person,467,592,552,771
661,58,person,530,623,610,793
661,61,person,279,577,326,763
661,63,car,848,486,1108,654
661,68,person,16,596,107,777
661,78,person,478,547,531,634
661,81,person,805,557,846,707
662,8,person,105,628,174,826
662,12,person,142,647,239,842
662,19,person,766,574,830,757
662,24,person,923,521,967,673
662,26,car,1525,397,1847,546
662,30,person,574,568,620,747
662,33,car,1721,387,1919,525
662,36,person,960,436,1004,506
662,42,person,1078,519,1150,685
662,52,person,467,590,549,771
662,58,person,526,625,610,793
662,61,person,274,578,324,762
662,63,car,849,486,1107,653
662,68,person,12,595,106,777
662,78,person,474,546,527,632
662,81,person,803,557,847,706
663,8,person,104,630,171,828
663,12,person,137,648,239,841
663,19,person,767,577,821,758
663,24,person,913,520,967,675
663,26,car,1524,397,1847,546
663,30,person,572,567,617,747
663,33,car,1721,387,1919,525
663,36,person,956,434,1000,502
663,42,person,1079,518,1150,685
663,52,person,467,592,546,771
663,58,person,527,626,607,793
663,61,person,268,579,324,761
663,63,car,848,487,1101,651
663,68,person,10,596,104,777
663,81,person,801,556,843,714
664,8,person,103,630,168,828
664,12,person,128,647,239,842
664,19,person,768,577,816,760
664,24,person,902,518,966,674
664,26,car,1524,397,1847,546
664,30,person,568,567,619,748
664,33,car,1721,387,1919,525
664,36,person,954,433,996,501
664,42,person,1079,516,1150,685
664,52,person,466,591,544,772
664,58,person,525,627,604,793
664,61,person,259,579,324,764
664,63,car,849,487,1099,652
664,68,person,8,594,104,775
664,81,person,798,555,836,717
664,86,person,461,544,532,717
665,8,person,104,631,166,829
665,12,person,126,648,239,844
665,19,person,768,578,813,759
665,24,person,895,515,966,674
665,26,car,1525,398,1847,546
665,30,person,563,568,618,748
665,33,car,1722,387,1919,525
665,36,person,954,433,992,500
665,42,person,1078,517,1147,684
665,52,person,466,589,539,772
665,58,person,508,625,597,793
665,61,person,251,581,325,763
665,63,car,848,487,1098,654
665,68,person,7,594,102,776
665,78,person,466,546,515,644
665,81,person,793,557,835,725
665,86,person,463,545,519,714
666,8,person,104,631,161,828
666,12,person,125,647,239,843
666,19,person,765,578,811,759
666,24,person,888,515,966,672
666,26,car,1525,398,1847,546
666,30,person,559,569,621,746
666,33,car,1721,387,1919,525
666,36,person,950,433,990,498
666,42,person,1078,517,1145,685
666,52,person,465,587,534,772
666,58,person,515,627,592,793
666,61,person,241,579,325,761
666,63,car,848,488,1096,655
666,68,person,6,594,96,776
666,78,person,463,546,514,641
666,81,person,791,556,834,721
666,86,person,461,546,515,705
667,8,person,102,631,159,830
667,12,person,124,649,237,842
667,19,person,760,578,807,759
667,24,person,886,515,967,671
667,26,car,1525,398,1847,546
667,30,person,556,570,622,745
667,33,car,1721,387,1919,525
667,36,person,947,432,986,497
667,42,person,1078,517,1129,684
667,52,person,465,588,525,771
667,58,person,520,627,586,793
667,61,person,232,580,325,762
667,63,car,848,488,1095,655
667,68,person,9,593,92,775
667,78,person,460,546,508,648
667,81,person,788,557,834,717
667,86,person,459,545,506,706
668,8,person,99,631,156,830
668,12,person,124,648,236,843
668,19,person,757,579,808,760
668,24,person,885,518,967,672
668,26,car,1525,398,1847,546
668,30,person,552,571,622,746
668,33,car,1722,387,1919,525
668,36,person,946,432,983,496
668,42,person,1078,517,1125,685
668,52,person,461,586,518,771
668,58,person,519,628,580,794
668,61,person,226,580,324,762
668,63,car,848,488,1091,657
668,68,person,9,593,86,774
668,78,person,455,546,506,655
668,81,person,786,559,832,718
669,8,person,94,632,154,830
669,12,person,124,646,232,843
669,19,person,755,579,805,759
669,24,person,883,516,965,673
669,26,car,1525,398,1847,546
669,30,person,550,572,622,746
669,33,car,1722,387,1919,525
669,36,person,944,433,980,495
669,42,person,1078,519,1123,684
669,52,person,454,586,511,772
669,58,person,515,627,568,794
669,61,person,223,582,322,763
669,63,car,849,487,1091,657
669,68,person,13,592,78,772
669,78,person,452,547,505,648
669,81,person,781,557,832,719
670,8,person,89,632,147,829
670,12,person,124,647,226,843
670,19,person,750,579,806,759
670,24,person,882,516,964,671
670,26,car,1525,398,1847,546
670,30,person,548,572,622,747
670,33,car,1722,387,1919,524
670,36,person,941,433,977,494
670,42,person,1074,518,1123,684
670,52,person,443,586,508,773
670,58,person,514,628,565,793
670,61,person,222,583,322,763
670,63,car,849,486,1089,657
670,68,person,12,590,71,772
670,78,person,448,546,500,637
670,81,person,781,557,830,719
671,8,person,86,632,143,827
671,12,person,121,648,217,844
671,19,person,741,579,805,760
671,24,person,882,516,961,671
671,26,car,1525,398,1848,546
671,30,person,543,572,621,746
671,33,car,1722,387,1919,524
671,36,person,938,433,976,492
671,42,person,1072,517,1122,684
671,52,person,435,588,503,771
671,58,person,509,629,562,794
671,61,person,223,583,322,763
671,63,car,849,486,1088,658
671,68,person,8,589,63,773
671,78,person,447,546,495,628
671,81,person,777,558,829,720
672,8,person,80,626,140,826
672,12,person,123,648,211,843
672,19,person,734,582,804,762
672,24,person,880,517,957,672
672,26,car,1525,398,1847,546
672,30,person,541,572,620,745
672,33,car,1722,387,1919,524
672,36,person,935,433,972,492
672,42,person,1070,517,1120,684
672,52,person,429,589,500,771
672,58,person,497,625,559,793
672,61,person,221,583,320,764
672,63,car,849,487,1088,658
672,68,person,2,590,52,774
672,78,person,446,546,493,637
672,81,person,770,559,829,720
673,8,person,74,632,136,826
673,12,person,122,647,206,844
673,19,person,726,584,804,763
673,24,person,882,516,950,672
673,26,car,1525,398,1847,546
673,30,person,535,572,616,746
673,33,car,1722,387,1919,524
673,36,person,933,434,969,492
673,42,person,1068,516,1117,684
673,52,person,424,594,499,769
673,58,person,490,626,559,793
673,61,person,220,583,318,764
673,63,car,849,488,1087,658
673,68,person,1,592,51,776
673,78,person,443,546,490,641
673,81,person,762,560,831,718
674,8,person,66,631,137,826
674,12,person,116,647,189,845
674,19,person,721,588,804,763
674,24,person,881,515,947,671
674,26,car,1525,398,1847,546
674,30,person,532,572,608,746
674,33,car,1723,387,1919,525
674,36,person,930,434,967,491
674,42,person,1066,516,1117,684
674,52,person,418,592,499,770
674,58,person,482,627,560,794
674,61,person,219,582,314,763
674,63,car,849,488,1084,659
674,68,person,0,591,50,775
674,78,person,439,546,489,645
674,81,person,757,561,832,718
675,8,person,46,634,136,828
675,12,person,110,646,181,847
675,19,person,717,590,803,764
675,24,person,881,514,941,671
675,26,car,1525,398,1848,546
675,30,person,529,571,604,747
675,33,car,1712,386,1918,525
675,36,person,926,435,964,492
675,42,person,1059,518,1114,685
675,52,person,412,593,498,772
675,58,person,471,629,560,796
675,61,person,218,582,307,763
675,63,car,849,489,1083,660
675,68,person,0,592,49,776
675,78,person,436,547,487,647
675,81,person,755,560,828,718
675,89,handbag,157,755,192,804
676,8,person,37,635,134,829
676,12,person,103,648,174,847
676,19,person,717,594,802,765
676,24,person,877,513,933,670
676,26,car,1525,398,1847,547
676,30,person,527,572,597,748
676,33,car,1723,387,1919,525
676,36,person,922,435,961,493
676,42,person,1053,518,1111,685
676,52,person,405,596,496,770
676,58,person,469,632,557,795
676,61,person,215,583,300,763
676,63,car,845,488,1087,659
676,68,person,0,594,50,774
676,78,person,434,549,483,643
676,81,person,751,561,828,718
676,89,handbag,154,751,191,807
677,8,person,30,637,138,831
677,12,person,106,647,164,849
677,19,person,718,597,801,765
677,24,person,879,515,930,668
677,26,car,1524,398,1847,547
677,30,person,522,571,591,748
677,33,car,1712,386,1918,525
677,36,person,918,435,958,493
677,42,person,1047,518,1110,685
677,52,person,401,598,494,771
677,58,person,468,632,557,795
677,61,person,211,581,292,762
677,63,car,845,489,1087,659
677,68,person,0,595,48,772
677,78,person,430,549,480,647
677,81,person,747,560,821,718
677,89,handbag,152,752,191,807
678,8,person,29,636,126,831
678,12,person,106,648,163,849
678,19,person,718,591,799,766
678,24,person,876,515,923,667
678,26,car,1524,398,1847,547
678,30,person,518,572,583,748
678,33,car,1711,386,1918,525
678,36,person,910,435,953,493
678,42,person,1038,517,1111,684
678,52,person,400,596,493,771
678,58,person,463,632,556,797
678,61,person,208,582,285,762
678,63,car,844,488,1084,659
678,68,person,0,593,49,773
678,78,person,428,550,477,655
678,81,person,742,560,817,717
678,89,handbag,150,750,190,807
679,8,person,27,637,118,833
679,12,person,99,648,163,850
679,19,person,718,585,798,766
679,24,person,874,515,918,669
679,26,car,1524,398,1847,547
679,30,person,515,574,573,748
679,33,car,1722,387,1919,524
679,36,person,906,435,951,491
679,42,person,1034,521,1112,685
679,52,person,399,599,491,771
679,58,person,464,631,555,798
679,61,person,203,582,274,762
679,63,car,841,487,1098,661
679,68,person,0,597,48,772
679,78,person,424,550,474,654
679,81,person,751,562,813,719
679,89,handbag,147,748,191,807
680,8,person,25,636,114,833
680,12,person,84,650,162,851
680,19,person,718,586,796,766
680,24,person,869,515,914,669
680,26,car,1524,398,1847,547
680,30,person,512,572,559,748
680,33,car,1712,386,1918,525
680,36,person,907,434,947,493
680,42,person,1031,520,1111,686
680,52,person,399,594,489,771
680,58,person,462,631,552,799
680,61,person,205,581,267,762
680,63,car,841,489,1110,660
680,68,person,0,602,49,773
680,78,person,421,552,470,653
680,81,person,745,563,815,720
680,89,handbag,145,747,190,808
681,8,person,23,635,111,832
681,12,person,67,650,160,849
681,19,person,718,586,793,767
681,24,person,868,514,913,668
681,26,car,1524,398,1847,547
681,30,person,509,572,556,748
681,33,car,1712,386,1918,525
681,36,person,907,434,944,493
681,42,person,1030,522,1111,686
681,52,person,399,594,484,771
681,58,person,458,630,551,799
681,61,person,196,581,256,762
681,63,car,845,489,1114,660
681,68,person,0,602,48,772
681,78,person,417,552,467,654
681,81,person,740,565,805,718
682,8,person,22,631,105,831
682,12,person,53,651,161,851
682,19,person,718,586,789,767
682,24,person,861,512,912,668
682,26,car,1524,398,1847,547
682,30,person,507,573,552,746
682,33,car,1714,385,1919,525
682,36,person,905,433,941,492
682,42,person,1029,522,1111,686
682,52,person,399,594,479,770
682,58,person,455,630,544,799
682,61,person,191,582,255,761
682,63,car,842,488,1115,660
682,68,person,0,606,46,771
682,78,person,414,553,463,654
682,81,person,740,565,796,716
683,8,person,21,631,99,834
683,12,person,48,652,161,851
683,19,person,717,586,784,767
683,26,car,1524,398,1847,546
683,30,person,504,573,551,746
683,33,car,1714,385,1919,525
683,36,person,902,434,938,491
683,42,person,1028,523,1109,686
683,52,person,400,591,478,769
683,58,person,448,629,538,799
683,61,person,190,585,254,762
683,63,car,841,488,1116,660
683,68,person,0,605,44,772
683,78,person,411,553,458,656
683,81,person,740,564,795,719
683,90,person,851,514,911,668
684,8,person,23,629,94,837
684,12,person,47,651,162,852
684,19,person,713,588,777,767
684,26,car,1524,398,1847,547
684,30,person,502,574,553,746
684,33,car,1714,385,1919,526
684,36,person,900,433,936,492
684,42,person,1028,522,1109,687
684,52,person,397,591,475,770
684,58,person,450,630,531,800
684,61,person,181,584,254,761
684,63,car,845,488,1118,660
684,68,person,0,609,40,771
684,78,person,410,553,454,656
684,81,person,738,568,787,720
684,90,person,847,514,910,668
684,91,person,736,560,781,671
685,8,person,24,630,86,836
685,12,person,46,654,162,850
685,19,person,710,590,771,768
685,26,car,1524,398,1847,547
685,30,person,496,575,549,749
685,33,car,1711,386,1918,525
685,36,person,897,433,934,493
685,42,person,1029,520,1108,686
685,52,person,391,591,472,770
685,58,person,458,633,523,800
685,61,person,169,584,253,761
685,63,car,845,488,1118,660
685,68,person,0,618,36,767
685,78,person,407,553,451,658
685,81,person,734,564,784,720
685,90,person,845,517,909,667
685,91,person,734,560,778,689
686,8,person,26,634,81,832
686,12,person,47,655,161,850
686,19,person,708,589,767,768
686,26,car,1524,398,1847,546
686,30,person,493,576,547,752
686,33,car,1711,386,1918,525
686,36,person,894,433,932,493
686,42,person,1028,521,1108,687
686,52,person,382,588,462,769
686,58,person,456,631,511,799
686,61,person,159,588,253,761
686,63,car,852,487,1119,660
686,78,person,403,553,448,687
686,81,person,733,560,774,722
686,90,person,842,517,909,667
686,91,person,733,561,774,672
687,8,person,29,633,75,833
687,12,person,43,655,158,850
687,19,person,707,590,764,770
687,26,car,1524,398,1847,546
687,30,person,489,574,548,750
687,33,car,1711,386,1918,525
687,36,person,892,433,930,494
687,42,person,1027,520,1106,685
687,52,person,375,587,457,772
687,58,person,454,632,506,801
687,61,person,155,589,253,760
687,63,car,851,487,1119,660
687,78,person,400,554,445,664
687,81,person,733,559,773,715
687,90,person,841,518,908,668
687,91,person,732,561,772,674
688,8,person,26,634,71,832
688,12,person,40,654,157,851
688,19,person,704,590,766,772
688,26,car,1524,398,1847,546
688,30,person,487,575,549,751
688,33,car,1711,386,1918,525
688,36,person,889,433,928,494
688,42,person,1026,520,1104,687
688,52,person,368,585,449,773
688,58,person,448,631,497,802
688,61,person,150,589,254,761
688,63,car,851,487,1120,660
688,78,person,397,553,443,657
688,81,person,728,565,770,713
688,90,person,838,516,905,667
688,91,person,730,563,770,667
688,92,handbag,741,673,769,726
689,8,person,21,633,69,834
689,12,person,40,654,155,853
689,19,person,684,590,763,775
689,26,car,1524,398,1847,546
689,30,person,483,577,548,752
689,33,car,1711,386,1918,525
689,36,person,886,433,927,495
689,42,person,1025,519,1102,687
689,52,person,361,588,439,775
689,58,person,441,634,496,804
689,61,person,141,590,253,762
689,63,car,853,487,1119,661
689,78,person,395,553,440,653
689,81,person,722,562,769,725
689,90,person,839,515,903,666
690,8,person,14,632,65,835
690,12,person,40,655,149,852
690,19,person,677,591,760,779
690,26,car,1524,398,1847,546
690,30,person,481,578,549,752
690,33,car,1711,386,1918,525
690,36,person,883,434,923,496
690,42,person,1026,519,1096,687
690,52,person,366,592,436,778
690,58,person,430,635,496,804
690,61,person,137,591,253,762
690,63,car,853,486,1120,661
690,78,person,391,552,438,652
690,81,person,720,565,769,726
690,90,person,836,514,898,666
691,8,person,7,635,62,835
691,12,person,39,655,140,852
691,19,person,675,597,762,780
691,26,car,1524,398,1848,546
691,30,person,477,577,548,750
691,33,car,1714,386,1919,526
691,36,person,861,435,922,521
691,42,person,1026,519,1092,687
691,52,person,351,590,439,781
691,58,person,418,635,497,803
691,61,person,136,591,251,762
691,63,car,854,487,1122,661
691,78,person,388,552,435,652
691,81,person,714,567,768,726
691,90,person,836,515,893,666
692,8,person,0,633,60,839
692,12,person,38,655,132,852
692,19,person,675,595,753,781
692,26,car,1524,398,1848,547
692,30,person,473,575,545,752
692,33,car,1721,387,1919,525
692,36,person,867,435,918,520
692,42,person,1026,519,1088,685
692,52,person,347,589,437,781
692,58,person,408,634,497,803
692,61,person,135,591,250,761
692,63,car,855,487,1125,661
692,78,person,384,552,432,652
692,81,person,715,567,769,726
692,90,person,834,515,886,665
692,93,person,873,435,919,495
693,8,person,0,633,60,838
693,12,person,39,654,123,853
693,19,person,673,596,756,780
693,26,car,1524,398,1848,547
693,30,person,471,575,542,755
693,33,car,1722,387,1919,525
693,36,person,853,436,917,525
693,42,person,1024,519,1081,684
693,52,person,348,593,435,782
693,58,person,403,636,496,802
693,61,person,135,591,247,761
693,63,car,849,487,1126,662
693,78,person,382,553,429,653
693,81,person,715,569,767,727
693,90,person,831,514,882,664
694,8,person,0,632,55,835
694,12,person,37,654,113,853
694,19,person,670,597,754,781
694,26,car,1524,398,1848,546
694,30,person,467,575,536,757
694,33,car,1722,387,1919,525
694,36,person,856,436,914,516
694,42,person,1020,518,1078,685
694,52,person,357,596,434,779
694,58,person,402,643,497,802
694,61,person,130,592,244,761
694,63,car,848,488,1125,663
694,78,person,378,553,427,658
694,81,person,712,568,767,726
694,90,person,830,513,878,662
694,93,person,872,437,914,496
695,8,person,0,635,75,836
695,12,person,35,654,102,848
695,19,person,674,597,750,782
695,26,car,1525,398,1848,547
695,30,person,466,575,531,757
695,33,car,1723,387,1919,525
695,36,person,851,437,912,519
695,42,person,1018,518,1073,685
695,52,person,351,597,429,781
695,58,person,400,639,496,802
695,61,person,127,593,241,761
695,63,car,858,488,1126,663
695,78,person,373,553,425,671
695,81,person,711,568,765,726
695,90,person,828,512,879,665
696,8,person,0,635,49,832
696,12,person,27,653,90,854
696,19,person,675,598,748,783
696,26,car,1525,398,1848,547
696,30,person,465,578,523,756
696,33,car,1723,387,1919,525
696,36,person,850,438,910,524
696,42,person,1012,517,1068,685
696,52,person,349,596,425,783
696,58,person,399,639,492,804
696,61,person,125,593,238,762
696,63,car,858,487,1126,661
696,78,person,371,554,423,656
696,81,person,707,568,762,728
696,90,person,825,512,872,665
697,8,person,0,635,43,817
697,12,person,24,653,81,852
697,19,person,674,597,748,784
697,26,car,1525,398,1848,547
697,30,person,463,577,507,757
697,33,car,1723,387,1919,525
697,36,person,848,438,906,525
697,42,person,1008,517,1065,689
697,52,person,347,600,422,783
697,58,person,399,641,489,804
697,61,person,120,593,235,761
697,63,car,856,487,1125,661
697,78,person,368,554,421,673
697,81,person,703,567,756,726
697,90,person,821,512,868,666
698,8,person,0,637,38,818
698,12,person,22,656,79,852
698,19,person,675,598,746,784
698,26,car,1525,398,1848,547
698,30,person,459,578,508,759
698,33,car,1724,387,1919,524
698,36,person,848,438,903,525
698,42,person,1012,517,1063,691
698,52,person,349,597,418,784
698,58,person,400,642,481,804
698,61,person,116,593,229,760
698,63,car,849,488,1124,663
698,78,person,364,555,418,657
698,81,person,700,567,756,726
698,90,person,816,511,867,665
699,8,person,0,637,33,809
699,12,person,14,656,78,852
699,19,person,675,599,743,784
699,26,car,1525,398,1848,547
699,30,person,453,580,504,759
699,33,car,1724,387,1919,524
699,36,person,845,437,900,526
699,42,person,1007,518,1062,689
699,52,person,352,598,415,784
699,58,person,399,643,472,804
699,61,person,113,592,226,756
699,63,car,851,488,1124,661
699,78,person,361,555,411,649
699,81,person,694,569,744,721
699,90,person,809,511,867,666
700,8,person,0,639,27,809
700,12,person,1,657,78,852
700,19,person,675,598,737,784
700,26,car,1525,398,1848,547
700,30,person,450,580,497,764
700,33,car,1723,387,1919,524
700,36,person,846,437,897,526
700,42,person,1001,519,1059,688
700,52,person,350,599,413,782
700,58,person,396,643,464,803
700,61,person,109,591,220,755
700,63,car,852,490,1124,658
700,78,person,359,555,408,659
700,81,person,695,569,739,730
700,90,person,802,512,867,664
701,8,person,0,638,24,790
701,12,person,0,657,78,853
701,19,person,674,597,720,784
701,26,car,1525,398,1848,547
701,30,person,447,578,498,762
701,33,car,1723,387,1919,524
701,36,person,849,437,894,525
701,42,person,991,521,1059,687
701,52,person,342,598,403,781
701,58,person,394,639,454,803
701,61,person,106,591,214,754
701,63,car,853,490,1124,657
701,78,person,355,556,404,662
701,81,person,686,568,738,754
701,90,person,795,513,867,664
702,12,person,0,657,77,854
702,19,person,673,599,723,783
702,26,car,1525,398,1848,546
702,30,person,440,576,496,766
702,33,car,1722,387,1919,524
702,36,person,850,437,891,526
702,42,person,987,518,1058,687
702,52,person,337,597,398,781
702,58,person,391,639,445,803
702,61,person,103,589,207,754
702,63,car,851,490,1123,657
702,78,person,353,555,401,655
702,81,person,687,569,738,738
702,90,person,789,513,866,662
703,12,person,0,657,78,853
703,19,person,669,600,721,784
703,26,car,1526,398,1849,547
703,30,person,435,577,495,765
703,33,car,1723,387,1919,524
703,36,person,850,437,888,534
703,42,person,985,521,1059,685
703,52,person,338,595,396,783
703,58,person,387,638,434,803
703,61,person,100,588,199,754
703,63,car,852,490,1123,657
703,78,person,348,553,398,661
703,81,person,690,572,738,738
703,90,person,788,513,866,662
704,12,person,0,658,77,853
704,19,person,663,603,713,785
704,26,car,1525,398,1848,546
704,30,person,427,579,495,763
704,33,car,1724,387,1919,525
704,36,person,845,437,887,549
704,42,person,982,524,1058,686
704,52,person,337,596,390,783
704,58,person,382,637,433,804
704,61,person,96,588,191,754
704,63,car,848,487,1123,661
704,78,person,344,553,394,660
704,81,person,686,572,742,736
704,90,person,788,514,866,662
705,12,person,0,661,78,853
705,19,person,656,602,711,785
705,26,car,1525,398,1848,546
705,30,person,423,581,496,766
705,33,car,1724,387,1919,525
705,36,person,845,437,885,551
705,42,person,982,524,1058,685
705,52,person,329,598,385,782
705,58,person,371,643,432,805
705,61,person,95,585,181,754
705,63,car,848,487,1123,662
705,78,person,343,553,389,646
705,81,person,682,572,741,734
705,90,person,789,513,863,662
706,12,person,0,662,77,853
706,19,person,652,602,711,785
706,26,car,1525,398,1849,546
706,30,person,421,579,495,767
706,33,car,1724,387,1919,525
706,36,person,840,437,883,552
706,42,person,981,524,1058,686
706,52,person,319,598,382,777
706,58,person,358,639,432,806
706,61,person,91,585,173,753
706,63,car,848,487,1123,661
706,78,person,340,553,385,652
706,81,person,679,571,742,736
706,90,person,788,513,864,661
707,12,person,0,661,77,853
707,19,person,651,603,709,785
707,26,car,1525,398,1849,547
707,30,person,417,582,495,766
707,33,car,1723,387,1919,525
707,36,person,837,436,878,557
707,42,person,980,525,1057,687
707,52,person,310,597,378,777
707,58,person,346,641,432,805
707,61,person,89,583,172,753
707,63,car,848,487,1123,661
707,78,person,337,553,383,654
707,81,person,677,571,743,737
707,90,person,786,515,862,661
708,12,person,0,661,76,854
708,19,person,646,604,707,786
708,26,car,1526,399,1849,547
708,30,person,415,582,495,766
708,33,car,1723,387,1919,525
708,36,person,834,437,876,577
708,42,person,979,525,1057,688
708,52,person,302,599,377,782
708,58,person,340,643,433,806
708,61,person,86,583,172,754
708,63,car,847,487,1123,661
708,78,person,335,553,380,659
708,81,person,673,574,742,737
708,90,person,785,515,857,661
709,12,person,0,662,73,854
709,19,person,625,607,708,785
709,26,car,1526,399,1849,547
709,30,person,411,583,495,766
709,33,car,1723,388,1919,525
709,36,person,832,436,874,580
709,42,person,980,524,1056,687
709,52,person,296,600,373,782
709,58,person,339,644,433,806
709,61,person,83,582,172,755
709,63,car,850,489,1124,657
709,78,person,332,553,376,666
709,81,person,669,574,741,735
709,90,person,784,514,851,662
710,12,person,0,661,67,856
710,19,person,623,607,707,786
710,26,car,1525,399,1849,547
710,30,person,408,583,495,766
710,33,car,1723,387,1919,525
710,36,person,828,438,872,581
710,42,person,979,523,1054,688
710,52,person,291,601,371,780
710,58,person,337,645,432,806
710,61,person,80,582,173,754
710,63,car,851,487,1123,660
710,78,person,329,553,372,653
710,81,person,667,575,736,735
710,90,person,782,513,847,661
711,12,person,0,688,65,855
711,19,person,618,609,708,786
711,26,car,1526,399,1849,547
711,30,person,403,583,492,763
711,33,car,1723,387,1919,525
711,36,person,825,438,869,586
711,42,person,979,524,1049,691
711,52,person,285,603,365,781
711,58,person,335,645,430,807
711,61,person,78,582,173,755
711,63,car,849,487,1123,661
711,78,person,326,552,368,651
711,81,person,660,577,737,735
711,90,person,778,513,842,661
712,12,person,0,690,65,853
712,19,person,613,610,707,787
712,26,car,1526,399,1849,547
712,30,person,401,583,493,768
712,33,car,1723,388,1919,525
712,36,person,822,440,868,581
712,42,person,978,523,1046,690
712,52,person,281,606,359,782
712,58,person,334,643,428,809
712,61,person,73,582,172,755
712,63,car,848,487,1123,659
712,78,person,322,553,365,648
712,81,person,659,579,731,735
712,90,person,778,513,837,661
713,12,person,0,738,55,855
713,19,person,610,610,706,788
713,26,car,1526,399,1849,547
713,30,person,399,583,491,767
713,33,car,1713,387,1918,526
713,36,person,819,441,865,581
713,42,person,979,523,1042,690
713,52,person,277,607,355,783
713,58,person,335,639,423,809
713,61,person,71,582,171,756
713,63,car,848,487,1124,659
713,78,person,321,553,362,654
713,81,person,653,579,733,737
713,90,person,775,513,830,660
714,19,person,608,609,707,790
714,26,car,1526,399,1849,547
714,30,person,398,582,491,768
714,33,car,1722,388,1919,526
714,36,person,816,440,861,585
714,42,person,978,524,1037,688
714,52,person,276,606,352,783
714,58,person,335,643,416,808
714,61,person,67,581,170,756
714,63,car,846,487,1124,661
714,78,person,317,554,359,654
714,81,person,652,580,722,737
714,90,person,774,512,823,660
715,19,person,608,609,705,790
715,26,car,1526,399,1849,547
715,30,person,397,582,476,762
715,33,car,1714,387,1918,526
715,36,person,812,442,859,591
715,42,person,978,525,1023,688
715,52,person,271,610,353,786
715,58,person,332,641,405,808
715,61,person,65,582,169,756
715,63,car,847,487,1124,661
715,78,person,312,556,357,655
715,81,person,652,580,720,738
715,90,person,772,512,820,661
716,19,person,611,608,703,790
716,26,car,1526,399,1848,547
716,30,person,397,582,465,760
716,33,car,1718,386,1919,527
716,36,person,808,442,859,594
716,42,person,978,526,1020,688
716,52,person,270,608,347,786
716,58,person,330,642,397,808
716,61,person,63,581,166,756
716,63,car,847,488,1124,662
716,78,person,307,555,354,658
716,81,person,648,582,717,738
716,90,person,771,511,818,660
717,19,person,609,613,698,792
717,26,car,1525,399,1848,548
717,30,person,395,580,456,762
717,33,car,1725,389,1919,527
717,36,person,804,443,859,595
717,42,person,978,528,1018,689
717,52,person,263,608,343,784
717,58,person,328,643,389,811
717,61,person,59,580,162,757
717,63,car,848,489,1125,661
717,78,person,304,557,348,650
717,81,person,636,583,716,738
717,90,person,769,510,815,662
718,19,person,613,614,694,795
718,26,car,1526,402,1848,550
718,30,person,394,581,447,765
718,33,car,1727,391,1919,528
718,36,person,800,445,859,595
718,42,person,976,528,1015,690
718,52,person,260,612,336,786
718,58,person,325,643,378,814
718,61,person,57,580,157,760
718,63,car,849,489,1126,660
718,78,person,301,559,345,659
718,81,person,637,584,714,740
718,90,person,764,512,815,665
719,19,person,613,615,688,796
719,26,car,1526,403,1848,552
719,30,person,391,585,435,768
719,33,car,1723,392,1918,530
719,36,person,800,447,858,598
719,42,person,972,528,1013,692
719,52,person,260,613,328,788
719,58,person,320,646,369,816
719,61,person,53,580,152,761
719,63,car,850,492,1125,658
719,78,person,297,562,343,660
719,81,person,637,581,696,738
719,90,person,757,515,814,667
720,19,person,612,616,682,799
720,26,car,1526,405,1849,553
720,30,person,386,588,432,770
720,33,car,1722,394,1918,532
720,36,person,797,448,856,601
720,42,person,967,532,1012,692
720,52,person,257,616,324,790
720,58,person,314,649,367,822
720,61,person,51,582,146,762
720,63,car,848,494,1125,659
720,78,person,293,562,339,664
720,81,person,639,582,702,752
720,90,person,751,518,814,668
721,19,person,611,615,673,799
721,26,car,1526,406,1849,555
721,30,person,382,589,432,771
721,33,car,1723,395,1918,533
721,36,person,798,449,857,602
721,42,person,957,534,1010,693
721,52,person,258,614,320,791
721,58,person,305,650,366,822
721,61,person,49,582,140,762
721,63,car,847,496,1125,659
721,78,person,288,564,335,674
721,81,person,636,585,693,753
721,90,person,748,518,814,668
722,19,person,605,614,665,801
722,26,car,1525,406,1849,555
722,30,person,373,592,431,773
722,33,car,1723,395,1918,533
722,36,person,794,449,855,604
722,42,person,951,531,1009,695
722,52,person,256,615,318,790
722,58,person,292,654,366,821
722,61,person,48,580,132,762
722,63,car,846,496,1125,658
722,78,person,286,564,332,667
722,81,person,633,587,686,755
722,90,person,745,518,813,668
723,19,person,597,618,656,800
723,26,car,1525,406,1849,555
723,30,person,365,592,430,775
723,33,car,1723,395,1918,533
723,36,person,793,449,846,604
723,42,person,943,532,1008,696
723,52,person,255,615,314,788
723,58,person,284,650,366,821
723,61,person,46,580,127,761
723,63,car,845,496,1125,658
723,78,person,281,563,327,664
723,81,person,632,587,680,758
723,90,person,742,517,813,669
723,97,car,1854,384,1919,428
724,19,person,591,622,650,802
724,26,car,1525,406,1849,555
724,30,person,357,591,430,772
724,33,car,1722,395,1918,533
724,36,person,787,449,842,607
724,42,person,937,533,1007,695
724,52,person,254,621,309,795
724,58,person,278,654,366,821
724,61,person,41,579,117,762
724,63,car,845,497,1124,657
724,78,person,275,562,323,661
724,81,person,625,589,676,760
724,90,person,741,518,812,669
724,97,car,1853,384,1919,428
725,19,person,591,622,651,805
725,26,car,1525,406,1849,555
725,30,person,350,593,429,772
725,33,car,1722,395,1918,533
725,36,person,787,448,833,604
725,42,person,931,534,1007,695
725,52,person,252,620,305,796
725,58,person,276,655,366,824
725,61,person,39,578,109,764
725,63,car,845,496,1124,658
725,78,person,272,562,319,663
725,81,person,624,590,673,762
725,90,person,741,517,809,668
725,97,car,1853,384,1919,428
726,19,person,581,618,654,808
726,26,car,1525,406,1849,555
726,30,person,346,590,431,771
726,33,car,1722,395,1918,533
726,36,person,784,449,826,601
726,42,person,932,536,1008,695
726,52,person,244,612,298,798
726,58,person,273,656,364,825
726,61,person,35,578,102,766
726,63,car,845,496,1124,658
726,78,person,268,562,317,668
726,81,person,622,592,670,761
726,90,person,741,515,804,669
726,97,car,1854,383,1919,428
727,19,person,579,618,655,810
727,26,car,1525,405,1848,554
727,30,person,340,595,431,772
727,33,car,1722,395,1918,532
727,36,person,779,448,827,606
727,42,person,932,537,1007,695
727,52,person,236,613,293,797
727,58,person,272,656,362,825
727,61,person,35,578,102,767
727,63,car,845,495,1124,657
727,78,person,264,561,315,680
727,81,person,621,592,668,758
727,90,person,739,517,801,668
727,97,car,1854,383,1919,427
728,19,person,572,618,655,808
728,26,car,1525,405,1848,554
728,30,person,340,596,431,773
728,33,car,1723,395,1918,532
728,36,person,778,449,823,605
728,42,person,930,540,1006,695
728,52,person,224,613,289,798
728,58,person,269,655,357,824
728,61,person,32,579,104,766
728,63,car,845,495,1125,657
728,78,person,264,562,310,672
728,81,person,617,593,667,757
728,90,person,736,515,795,666
729,19,person,563,618,656,807
729,26,car,1525,405,1848,554
729,30,person,338,597,430,774
729,33,car,1723,395,1918,532
729,36,person,776,449,820,607
729,42,person,927,541,1007,695
729,52,person,215,619,285,796
729,58,person,270,657,352,824
729,61,person,28,579,103,767
729,63,car,845,495,1125,658
729,78,person,250,561,308,687
729,81,person,614,593,666,757
729,90,person,736,514,791,664
730,19,person,559,618,657,808
730,26,car,1525,405,1848,554
730,30,person,337,595,427,774
730,33,car,1723,395,1918,532
730,36,person,774,449,819,606
730,42,person,926,538,1007,696
730,52,person,207,622,279,795
730,58,person,270,654,342,825
730,61,person,20,580,102,765
730,63,car,845,494,1125,658
730,78,person,247,562,305,684
730,81,person,610,595,668,756
730,90,person,733,512,785,663
731,19,person,553,619,653,808
731,26,car,1525,405,1848,554
731,30,person,335,595,421,776
731,33,car,1722,395,1918,532
731,36,person,762,449,819,605
731,42,person,926,533,1006,696
731,52,person,206,619,275,799
731,58,person,267,656,335,824
731,61,person,9,581,101,764
731,63,car,845,494,1125,659
731,78,person,250,562,301,682
731,81,person,608,594,667,757
731,90,person,727,512,782,662
732,19,person,550,620,651,808
732,26,car,1525,405,1848,554
732,30,person,334,595,418,777
732,33,car,1722,395,1918,532
732,36,person,765,451,817,607
732,42,person,925,532,1005,696
732,52,person,203,620,272,800
732,58,person,261,656,324,824
732,61,person,5,579,101,764
732,63,car,845,494,1125,659
732,78,person,250,562,299,686
732,81,person,605,594,666,757
732,90,person,727,513,778,664
733,19,person,545,621,647,808
733,26,car,1525,405,1849,554
733,30,person,334,594,412,776
733,33,car,1722,395,1918,532
733,36,person,761,452,818,608
733,42,person,925,530,1002,698
733,52,person,203,623,271,797
733,58,person,257,656,315,826
733,61,person,1,582,101,763
733,63,car,847,494,1125,659
733,78,person,247,562,295,686
733,81,person,601,597,663,757
733,90,person,726,512,774,665
734,19,person,545,622,645,809
734,26,car,1525,405,1849,554
734,30,person,335,594,406,776
734,33,car,1722,395,1918,532
734,36,person,755,452,816,606
734,42,person,925,529,999,699
734,52,person,201,625,261,797
734,58,person,251,657,307,825
734,61,person,1,583,101,764
734,63,car,846,494,1125,659
734,78,person,244,562,293,680
734,81,person,599,597,657,766
734,90,person,725,511,772,666
735,19,person,544,621,640,809
735,26,car,1525,405,1849,554
735,30,person,332,592,399,775
735,33,car,1721,395,1918,532
735,36,person,752,453,817,605
735,42,person,923,532,996,704
735,52,person,199,626,254,798
735,58,person,248,658,307,824
735,61,person,0,582,99,764
735,63,car,847,494,1125,660
735,78,person,241,563,289,682
735,81,person,596,597,658,757
735,90,person,722,511,771,666
736,19,person,542,621,635,810
736,26,car,1525,405,1849,554
736,30,person,333,593,386,775
736,33,car,1721,395,1918,532
736,36,person,750,454,816,606
736,42,person,923,534,989,706
736,52,person,196,624,251,798
736,58,person,238,657,305,825
736,61,person,0,583,98,764
736,63,car,847,494,1125,660
736,78,person,237,564,287,677
736,81,person,595,597,653,758
736,90,person,719,512,770,666
737,19,person,538,620,628,810
737,26,car,1524,405,1849,554
737,30,person,330,593,383,775
737,33,car,1723,395,1918,532
737,36,person,752,453,816,605
737,42,person,924,535,984,695
737,52,person,193,622,251,797
737,58,person,224,660,304,827
737,61,person,0,582,95,764
737,63,car,847,494,1125,660
737,78,person,231,564,285,682
737,81,person,592,597,647,761
737,90,person,708,511,770,666
738,19,person,534,623,622,809
738,26,car,1524,405,1849,553
738,30,person,327,594,373,775
738,33,car,1721,394,1918,531
738,36,person,747,453,813,608
738,42,person,924,536,979,694
738,52,person,190,621,246,798
738,58,person,212,659,304,827
738,61,person,0,582,88,764
738,63,car,849,494,1126,660
738,78,person,229,563,281,680
738,90,person,705,512,769,663
738,98,person,228,562,286,734
739,19,person,533,622,600,810
739,26,car,1524,405,1849,553
739,30,person,321,594,369,776
739,33,car,1720,394,1918,531
739,36,person,748,454,811,605
739,42,person,924,535,975,694
739,52,person,187,617,242,802
739,58,person,206,666,305,826
739,61,person,0,581,83,765
739,63,car,850,493,1125,659
739,78,person,227,562,277,674
739,90,person,699,511,768,662
739,98,person,227,562,278,724
739,99,person,585,600,630,768
740,19,person,528,622,598,810
740,26,car,1524,405,1848,553
740,30,person,318,593,368,776
740,33,car,1720,394,1918,531
740,36,person,744,452,805,604
740,42,person,923,533,969,698
740,52,person,184,618,239,798
740,58,person,205,656,303,829
740,61,person,0,580,76,765
740,63,car,850,493,1125,661
740,78,person,224,563,273,673
740,90,person,696,513,768,661
740,98,person,223,562,289,729
740,99,person,583,598,626,771
741,19,person,528,622,594,806
741,26,car,1524,405,1848,553
741,30,person,306,592,368,775
741,33,car,1720,394,1918,531
741,36,person,745,453,799,603
741,42,person,921,530,965,698
741,52,person,178,620,234,795
741,58,person,204,658,301,829
741,61,person,0,580,68,765
741,63,car,847,493,1124,663
741,78,person,220,563,270,672
741,90,person,695,514,768,661
741,98,person,221,562,290,728
741,99,person,577,598,625,775
742,19,person,526,622,591,808
742,26,car,1524,405,1848,553
742,30,person,295,595,368,774
742,33,car,1720,394,1918,531
742,36,person,741,451,795,602
742,42,person,917,529,964,701
742,52,person,172,616,231,779
742,58,person,202,661,299,829
742,61,person,0,579,62,765
742,63,car,848,493,1125,662
742,78,person,218,562,266,682
742,90,person,693,513,767,662
742,99,person,575,599,626,773
743,19,person,525,622,590,807
743,26,car,1524,405,1848,553
743,30,person,286,597,369,775
743,33,car,1720,394,1918,531
743,36,person,740,451,783,599
743,42,person,910,528,962,702
743,52,person,162,616,229,781
743,58,person,200,660,295,829
743,61,person,0,578,53,765
743,63,car,847,493,1125,663
743,78,person,216,562,263,679
743,90,person,694,514,766,661
743,99,person,573,600,625,774
744,19,person,525,623,588,809
744,26,car,1524,405,1848,553
744,30,person,278,597,369,776
744,33,car,1720,394,1918,531
744,36,person,737,451,780,605
744,42,person,900,529,960,700
744,52,person,156,614,229,773
744,58,person,199,658,289,829
744,61,person,0,580,45,764
744,63,car,847,493,1125,663
744,78,person,211,561,259,682
744,90,person,692,512,766,661
744,99,person,571,601,624,773
745,19,person,513,623,588,808
745,26,car,1524,405,1848,553
745,30,person,272,596,368,776
745,33,car,1721,394,1918,531
745,36,person,734,450,775,609
745,42,person,892,531,958,700
745,52,person,151,615,221,770
745,58,person,195,655,282,830
745,61,person,0,581,37,765
745,63,car,847,494,1124,663
745,78,person,207,560,255,681
745,90,person,692,512,765,661
745,99,person,567,604,623,774
746,19,person,505,624,590,807
746,26,car,1524,404,1848,553
746,30,person,270,596,368,775
746,33,car,1722,393,1918,530
746,36,person,730,451,772,608
746,42,person,887,528,957,697
746,52,person,143,614,214,772
746,58,person,194,657,273,830
746,61,person,0,589,36,764
746,63,car,847,493,1125,662
746,78,person,205,560,256,706
746,90,person,691,512,762,661
746,99,person,563,604,623,772
747,19,person,494,625,589,808
747,26,car,1524,404,1848,552
747,30,person,270,595,365,776
747,33,car,1721,393,1918,530
747,36,person,729,450,771,611
747,42,person,884,528,956,700
747,52,person,139,615,211,773
747,58,person,176,656,265,832
747,61,person,0,595,35,764
747,63,car,847,493,1125,661
747,78,person,201,559,252,709
747,90,person,691,512,759,661
747,99,person,560,605,623,770
748,19,person,489,623,589,808
748,26,car,1524,404,1848,552
748,30,person,270,595,366,776
748,33,car,1721,393,1918,530
748,36,person,727,451,770,612
748,42,person,882,528,956,700
748,52,person,135,614,207,777
748,58,person,175,656,255,830
748,61,person,0,594,35,765
748,63,car,848,493,1125,662
748,78,person,199,559,249,717
748,90,person,690,514,755,663
748,99,person,557,605,623,771
749,19,person,486,625,586,808
749,26,car,1524,404,1848,553
749,30,person,269,595,363,776
749,33,car,1720,393,1918,530
749,36,person,724,451,769,612
749,42,person,881,530,956,700
749,52,person,131,615,202,779
749,58,person,180,660,245,831
749,61,person,0,596,35,765
749,63,car,848,493,1125,662
749,78,person,194,558,248,724
749,90,person,687,513,753,662
749,99,person,554,604,622,772
750,19,person,486,623,585,809
750,26,car,1524,404,1848,553
750,30,person,268,596,359,777
750,33,car,1720,394,1918,530
750,36,person,723,452,768,610
750,42,person,879,531,957,700
750,52,person,131,612,200,778
750,58,person,184,664,238,833
750,61,person,0,600,35,765
750,63,car,848,493,1125,663
750,78,person,191,559,247,727
750,90,person,687,513,748,661
750,99,person,548,605,621,774
751,19,person,485,626,585,810
751,26,car,1524,404,1848,553
751,30,person,268,595,353,777
751,33,car,1721,394,1918,530
751,36,person,720,451,768,612
751,42,person,880,530,957,702
751,52,person,131,610,198,779
751,58,person,177,666,240,838
751,61,person,0,604,34,765
751,63,car,848,492,1125,663
751,78,person,190,559,247,727
751,90,person,685,513,741,661
751,99,person,544,606,621,772
752,19,person,484,625,583,808
752,26,car,1524,405,1848,553
752,30,person,268,595,349,777
752,33,car,1717,394,1918,530
752,36,person,715,453,768,612
752,42,person,880,529,956,701
752,52,person,131,608,192,779
752,58,person,167,665,239,837
752,61,person,0,605,34,765
752,63,car,848,493,1125,664
752,78,person,186,560,247,726
752,90,person,683,512,735,661
752,99,person,542,607,620,772
753,19,person,483,624,579,809
753,26,car,1524,405,1848,553
753,30,person,268,594,342,776
753,33,car,1717,394,1918,530
753,36,person,713,453,767,611
753,42,person,880,529,954,700
753,52,person,130,607,187,779
753,58,person,153,665,239,837
753,61,person,0,608,34,766
753,63,car,846,493,1124,666
753,78,person,181,561,245,726
753,90,person,680,512,731,660
753,99,person,538,609,619,772
754,19,person,484,622,574,810
754,26,car,1524,405,1848,553
754,30,person,267,592,333,775
754,33,car,1717,394,1918,531
754,36,person,709,453,766,611
754,42,person,879,529,949,702
754,52,person,131,604,185,779
754,58,person,148,667,238,837
754,61,person,0,612,31,765
754,63,car,847,493,1124,666
754,78,person,178,561,242,726
754,90,person,678,511,726,660
754,99,person,535,607,618,772
755,19,person,484,622,567,810
755,26,car,1524,405,1848,553
755,30,person,264,592,323,775
755,33,car,1717,394,1918,531
755,36,person,707,453,767,611
755,42,person,879,530,943,701
755,52,person,132,602,181,779
755,58,person,143,669,236,838
755,61,person,0,619,30,765
755,63,car,846,493,1124,666
755,78,person,174,561,242,723
755,90,person,677,511,724,660
755,99,person,531,607,607,775
756,19,person,484,622,560,808
756,26,car,1524,405,1848,553
756,30,person,265,591,318,775
756,33,car,1719,394,1918,531
756,36,person,703,454,766,611
756,42,person,880,529,938,702
756,52,person,131,601,179,778
756,58,person,143,666,232,839
756,61,person,0,622,28,765
756,63,car,846,492,1125,666
756,78,person,176,562,240,731
756,90,person,676,510,724,660
756,99,person,531,607,599,776
757,19,person,484,623,553,808
757,26,car,1524,405,1848,553
757,30,person,259,593,306,776
757,33,car,1721,394,1918,531
757,36,person,702,454,765,610
757,42,person,879,533,930,702
757,52,person,131,600,177,777
757,58,person,141,669,230,839
757,63,car,847,492,1124,665
757,78,person,168,564,240,727
757,90,person,672,510,722,660
757,99,person,529,607,591,780
758,19,person,483,626,544,810
758,26,car,1524,405,1848,553
758,30,person,255,595,303,777
758,33,car,1723,394,1918,531
758,36,person,698,454,764,612
758,42,person,878,532,926,702
758,52,person,128,598,174,779
758,58,person,137,673,229,841
758,63,car,847,492,1124,666
758,78,person,166,563,241,727
758,90,person,664,511,721,661
758,99,person,523,606,585,783
759,19,person,480,625,534,810
759,26,car,1525,405,1849,553
759,30,person,251,595,303,778
759,33,car,1725,394,1918,532
759,36,person,696,455,762,613
759,42,person,876,532,920,702
759,52,person,126,599,169,776
759,58,person,139,675,225,841
759,63,car,847,492,1124,667
759,78,person,163,564,241,730
759,90,person,658,510,721,662
759,99,person,521,610,577,783
760,19,person,478,624,528,812
760,26,car,1525,405,1849,554
760,30,person,240,595,302,778
760,33,car,1723,395,1918,532
760,36,person,693,454,759,613
760,42,person,871,533,918,703
760,52,person,125,599,167,743
760,58,person,137,671,219,841
760,63,car,846,493,1124,667
760,78,person,160,565,238,732
760,90,person,654,511,721,661
760,99,person,518,610,567,784
761,19,person,472,624,523,815
761,26,car,1525,405,1849,554
761,30,person,228,597,302,779
761,33,car,1725,394,1918,532
761,36,person,688,452,756,609
761,42,person,867,533,915,703
761,58,person,132,672,208,841
761,63,car,846,493,1125,667
761,78,person,150,563,233,732
761,90,person,653,512,720,661
761,99,person,514,610,564,788
761,101,person,121,599,164,705
762,19,person,467,624,523,816
762,26,car,1525,405,1849,554
762,30,person,217,597,302,778
762,33,car,1723,395,1918,532
762,36,person,685,451,747,609
762,42,person,865,534,913,704
762,52,person,119,598,167,779
762,58,person,132,672,201,842
762,63,car,846,493,1125,666
762,78,person,149,562,223,728
762,90,person,651,512,719,661
762,99,person,512,611,563,787
762,101,person,117,596,166,712
763,19,person,458,625,522,816
763,26,car,1525,405,1849,554
763,30,person,209,598,302,776
763,33,car,1723,394,1918,532
763,36,person,684,453,739,610
763,42,person,855,534,911,703
763,52,person,112,599,173,784
763,58,person,130,673,187,842
763,63,car,846,493,1124,667
763,78,person,146,562,215,719
763,90,person,650,512,719,661
763,99,person,509,611,562,789
763,101,person,113,597,170,727
764,19,person,444,628,522,819
764,26,car,1525,405,1849,554
764,30,person,207,599,301,777
764,33,car,1724,394,1918,532
764,36,person,680,453,732,608
764,42,person,847,535,911,704
764,52,person,110,601,173,789
764,58,person,127,677,173,842
764,63,car,845,493,1125,667
764,78,person,143,560,211,726
764,90,person,650,510,717,661
764,99,person,508,612,562,783
764,101,person,110,597,172,731
765,19,person,432,628,521,819
765,26,car,1525,405,1849,554
765,30,person,205,599,301,778
765,33,car,1725,394,1918,532
765,36,person,679,453,723,612
765,42,person,834,536,911,705
765,52,person,99,601,169,788
765,58,person,121,670,173,843
765,63,car,844,493,1125,667
765,78,person,138,560,197,725
765,90,person,650,507,714,661
765,99,person,504,614,562,783
765,101,person,107,601,168,714
766,19,person,423,627,522,818
766,26,car,1525,405,1849,554
766,30,person,202,603,300,779
766,33,car,1725,394,1918,532
766,36,person,676,453,717,613
766,42,person,830,536,911,704
766,52,person,89,602,166,786
766,58,person,116,671,173,842
766,63,car,845,493,1125,667
766,78,person,132,560,185,727
766,90,person,650,509,706,662
766,99,person,497,617,562,782
767,19,person,420,631,521,819
767,26,car,1525,405,1849,554
767,30,person,201,603,299,780
767,33,car,1725,395,1918,532
767,36,person,673,453,714,615
767,42,person,829,538,911,705
767,58,person,101,670,172,842
767,63,car,847,494,1124,667
767,78,person,129,561,183,727
767,90,person,648,507,703,663
767,99,person,493,617,561,783
767,101,person,103,602,166,721
768,19,person,419,631,520,820
768,26,car,1525,405,1849,554
768,30,person,202,606,296,780
768,33,car,1724,395,1918,532
768,36,person,671,454,712,617
768,42,person,828,538,911,705
768,52,person,84,603,159,792
768,58,person,92,672,172,842
768,63,car,846,494,1125,667
768,78,person,128,561,181,726
768,90,person,648,511,700,660
768,99,person,491,618,561,783
768,101,person,99,603,156,717
769,19,person,416,632,517,821
769,26,car,1525,405,1849,554
769,30,person,202,604,292,779
769,33,car,1723,395,1918,532
769,36,person,668,454,710,614
769,42,person,824,537,911,705
769,52,person,86,604,155,791
769,58,person,78,674,172,843
769,63,car,846,493,1125,667
769,78,person,124,560,180,726
769,90,person,642,512,695,658
769,99,person,488,616,557,783
769,101,person,97,604,151,720
770,19,person,414,633,513,821
770,26,car,1525,405,1849,554
770,30,person,201,602,287,778
770,33,car,1722,394,1918,531
770,36,person,664,455,709,612
770,42,person,823,536,911,705
770,52,person,80,605,150,791
770,58,person,74,674,173,843
770,63,car,848,493,1125,667
770,78,person,121,559,180,729
770,90,person,642,509,690,657
770,99,person,483,616,557,784
770,101,person,94,604,141,720
771,19,person,414,633,511,821
771,26,car,1525,405,1849,554
771,30,person,200,601,280,779
771,33,car,1722,394,1918,531
771,36,person,663,454,709,610
771,42,person,824,538,910,705
771,58,person,74,675,170,844
771,63,car,847,493,1125,667
771,78,person,118,559,180,725
771,90,person,640,509,687,656
771,99,person,484,616,554,785
771,101,person,93,605,143,722
772,19,person,413,635,503,821
772,26,car,1525,405,1849,554
772,30,person,199,600,273,779
772,33,car,1722,394,1918,531
772,36,person,661,453,709,610
772,42,person,825,536,909,705
772,58,person,71,675,168,843
772,63,car,851,493,1125,667
772,78,person,113,560,180,726
772,90,person,638,507,684,657
772,99,person,484,615,550,788
772,104,person,88,605,132,700
773,19,person,410,637,497,822
773,26,car,1524,405,1848,554
773,30,person,195,602,262,779
773,33,car,1722,394,1918,531
773,36,person,657,454,708,610
773,42,person,823,534,910,706
773,58,person,68,674,168,844
773,63,car,852,493,1125,667
773,78,person,110,562,179,731
773,90,person,635,508,680,658
773,99,person,482,616,544,788
773,104,person,84,605,124,696
774,19,person,409,638,489,822
774,26,car,1524,405,1848,554
774,30,person,194,602,255,781
774,33,car,1721,394,1918,531
774,36,person,656,455,706,609
774,42,person,823,539,906,706
774,58,person,68,672,163,843
774,63,car,846,493,1125,666
774,78,person,105,561,179,727
774,90,person,633,507,678,659
774,99,person,480,617,534,791
774,104,person,77,604,123,698
775,19,person,410,633,473,823
775,26,car,1524,404,1848,554
775,30,person,188,602,242,780
775,33,car,1722,394,1918,531
775,36,person,651,457,709,610
775,42,person,823,540,902,705
775,58,person,62,674,157,844
775,63,car,845,493,1125,666
775,78,person,93,559,178,727
775,90,person,628,506,677,658
775,99,person,479,615,526,792
775,104,person,71,605,118,702
776,19,person,407,633,467,822
776,26,car,1524,404,1848,554
776,30,person,183,601,238,780
776,33,car,1722,394,1918,531
776,36,person,649,459,706,610
776,42,person,824,537,900,706
776,58,person,61,676,151,844
776,63,car,854,493,1125,666
776,78,person,91,558,178,728
776,90,person,620,506,677,658
776,99,person,475,615,523,793
776,104,person,69,606,114,702
777,19,person,401,633,457,821
777,26,car,1524,404,1848,553
777,30,person,178,602,237,780
777,33,car,1722,393,1918,530
777,36,person,647,459,705,610
777,42,person,825,538,893,704
777,58,person,60,673,140,844
777,63,car,853,493,1124,666
777,78,person,89,556,176,728
777,90,person,615,506,676,657
777,99,person,472,616,516,793
777,104,person,65,614,124,721
778,19,person,396,630,454,821
778,26,car,1525,403,1848,552
778,30,person,173,604,236,779
778,33,car,1723,392,1918,530
778,36,person,644,457,705,612
778,42,person,824,536,887,703
778,58,person,57,644,132,843
778,63,car,853,493,1123,665
778,78,person,84,553,170,727
778,90,person,611,507,675,656
778,99,person,468,616,514,794
779,19,person,392,631,453,820
779,26,car,1524,403,1848,552
779,30,person,161,603,234,779
779,33,car,1723,391,1918,530
779,36,person,640,455,703,614
779,42,person,824,535,882,703
779,58,person,55,668,120,842
779,63,car,853,493,1124,665
779,78,person,80,552,167,725
779,90,person,607,507,675,655
779,99,person,462,616,514,793
779,104,person,46,604,112,704
780,19,person,386,632,451,820
780,26,car,1524,403,1848,552
780,30,person,160,605,234,779
780,33,car,1722,391,1918,529
780,36,person,635,454,700,611
780,42,person,824,533,876,704
780,58,person,51,670,110,844
780,63,car,852,493,1124,665
780,78,person,78,550,162,721
780,90,person,605,506,674,656
780,99,person,459,617,513,793
780,104,person,39,612,112,709
781,19,person,374,633,452,820
781,26,car,1524,402,1848,552
781,30,person,155,607,234,778
781,33,car,1721,391,1918,529
781,36,person,633,454,692,608
781,42,person,822,534,870,705
781,52,person,36,611,156,788
781,58,person,51,668,102,847
781,63,car,850,493,1123,665
781,78,person,75,549,155,716
781,90,person,606,508,674,655
781,99,person,448,617,513,793
781,104,person,36,612,112,709
782,19,person,361,634,452,820
782,26,car,1524,402,1848,551
782,30,person,148,605,234,778
782,33,car,1721,391,1918,529
782,36,person,629,453,686,611
782,42,person,817,535,865,708
782,52,person,32,618,140,788
782,58,person,43,671,102,857
782,63,car,849,493,1124,665
782,78,person,67,547,152,709
782,90,person,604,508,674,655
782,99,person,446,620,513,794
782,104,person,33,614,109,778
783,19,person,353,636,452,821
783,26,car,1524,402,1848,551
783,30,person,139,606,233,778
783,33,car,1720,391,1918,529
783,36,person,617,453,679,611
783,42,person,814,535,864,709
783,52,person,28,632,128,791
783,58,person,31,672,101,853
783,63,car,849,493,1124,666
783,78,person,67,546,146,699
783,90,person,603,510,673,656
783,99,person,442,620,513,794
783,104,person,50,624,112,788
784,19,person,347,638,451,822
784,26,car,1524,402,1847,551
784,30,person,135,607,231,777
784,33,car,1723,390,1918,529
784,36,person,622,454,668,602
784,42,person,806,536,861,710
784,52,person,24,613,110,788
784,58,person,18,672,99,849
784,63,car,848,492,1124,666
784,78,person,63,544,146,712
784,90,person,603,505,672,656
784,99,person,437,621,512,794
785,19,person,344,639,451,822
785,26,car,1523,402,1847,551
785,30,person,135,607,230,776
785,33,car,1717,389,1918,529
785,36,person,616,453,665,600
785,42,person,799,535,856,710
785,52,person,20,614,106,789
785,58,person,11,670,97,844
785,63,car,847,491,1123,665
785,78,person,60,544,131,702
785,90,person,603,505,669,654
785,99,person,432,621,511,795
785,104,person,18,607,138,791
786,19,person,345,637,448,824
786,26,car,1522,402,1847,550
786,30,person,134,607,228,776
786,33,car,1728,391,1919,528
786,36,person,614,451,662,603
786,42,person,786,534,855,707
786,52,person,18,631,113,787
786,58,person,1,673,97,844
786,63,car,846,490,1123,664
786,78,person,53,542,122,697
786,90,person,603,504,665,653
786,99,person,430,622,511,794
787,19,person,343,637,446,823
787,26,car,1522,401,1846,551
787,30,person,130,606,227,778
787,33,car,1715,390,1918,528
787,42,person,782,535,854,707
787,52,person,19,628,112,789
787,58,person,1,677,96,845
787,63,car,845,490,1123,664
787,78,person,54,542,117,701
787,90,person,601,507,660,652
787,99,person,427,623,509,794
788,19,person,343,638,443,823
788,26,car,1522,401,1846,550
788,30,person,130,605,222,777
788,33,car,1726,391,1919,528
788,42,person,778,535,854,707
788,52,person,32,628,109,788
788,58,person,0,679,97,844
788,63,car,845,490,1123,664
788,78,person,52,539,108,702
788,90,person,599,504,657,652
788,99,person,425,622,509,794
788,107,person,608,449,655,551
789,19,person,343,640,439,824
789,26,car,1522,401,1846,550
789,30,person,127,604,218,778
789,33,car,1727,391,1919,528
789,36,person,606,453,652,611
789,42,person,775,536,854,708
789,52,person,32,613,107,792
789,58,person,0,675,96,846
789,63,car,845,490,1123,664
789,78,person,48,539,106,708
789,90,person,592,505,652,652
789,99,person,424,621,507,794
790,19,person,343,639,430,825
790,26,car,1522,401,1846,550
790,30,person,122,600,214,776
790,33,car,1727,391,1919,528
790,36,person,604,454,655,611
790,42,person,777,538,853,708
790,52,person,28,605,104,793
790,58,person,0,675,93,844
790,63,car,845,490,1123,664
790,78,person,46,538,103,706
790,90,person,592,503,647,652
790,99,person,420,622,503,795
791,19,person,344,638,425,824
791,26,car,1522,401,1846,550
791,30,person,120,598,208,775
791,33,car,1726,391,1919,528
791,36,person,599,454,652,615
791,42,person,773,538,854,708
791,52,person,18,606,100,791
791,58,person,0,677,86,845
791,63,car,845,490,1123,664
791,78,person,43,539,102,704
791,90,person,592,498,642,651
791,99,person,419,623,500,797
792,19,person,343,635,417,824
792,26,car,1522,401,1846,550
792,30,person,117,596,206,769
792,33,car,1726,391,1919,528
792,36,person,600,454,650,610
792,42,person,773,540,853,708
792,52,person,10,603,100,792
792,58,person,1,677,79,844
792,63,car,845,490,1123,664
792,78,person,38,537,100,704
792,90,person,589,504,636,650
792,99,person,417,623,494,796
792,104,person,20,605,84,784
793,19,person,342,634,407,823
793,26,car,1522,400,1846,550
793,30,person,114,594,198,766
793,33,car,1713,389,1918,527
793,36,person,596,454,651,611
793,42,person,770,539,851,710
793,52,person,5,600,97,790
793,58,person,0,672,70,845
793,63,car,846,489,1122,663
793,78,person,35,538,100,712
793,90,person,587,505,628,650
793,99,person,415,619,490,797
793,104,person,18,601,55,728
794,19,person,337,636,398,823
794,26,car,1521,400,1846,550
794,30,person,111,592,192,764
794,33,car,1712,387,1919,527
794,36,person,593,454,651,613
794,42,person,769,536,849,710
794,52,person,14,578,91,786
794,58,person,0,671,66,843
794,63,car,845,489,1122,662
794,78,person,31,538,99,714
794,90,person,581,506,627,649
794,99,person,408,621,488,798
794,104,person,17,601,51,708
795,19,person,328,635,388,824
795,26,car,1522,399,1846,550
795,30,person,109,591,185,761
795,33,car,1712,387,1919,527
795,36,person,589,454,650,613
795,42,person,770,535,845,710
795,52,person,13,602,81,785
795,58,person,0,671,51,842
795,63,car,845,488,1122,662
795,78,person,31,539,100,707
795,90,person,581,502,626,615
795,99,person,402,622,475,798
795,104,person,14,601,48,713
795,108,person,13,603,58,754
796,19,person,319,636,383,827
796,26,car,1522,400,1846,550
796,30,person,107,588,178,760
796,33,car,1712,389,1918,528
796,36,person,585,454,650,614
796,42,person,770,538,839,710
796,52,person,2,601,71,786
796,58,person,0,671,39,845
796,63,car,845,489,1123,663
796,78,person,26,539,100,703
796,99,person,395,622,464,797
796,104,person,3,600,52,722
796,109,person,577,529,628,651
797,19,person,312,637,380,829
797,26,car,1521,401,1846,550
797,30,person,103,588,172,763
797,33,car,1726,391,1919,528
797,36,person,582,455,651,614
797,42,person,771,538,833,709
797,52,person,2,599,54,779
797,58,person,0,671,35,847
797,63,car,845,490,1123,663
797,78,person,25,542,102,704
797,99,person,391,621,456,800
797,104,person,1,599,52,725
797,109,person,571,511,627,652
798,19,person,305,640,382,834
798,26,car,1522,401,1846,550
798,30,person,100,588,167,764
798,33,car,1722,390,1918,528
798,36,person,579,455,649,615
798,42,person,772,539,828,710
798,52,person,1,598,52,783
798,58,person,0,671,33,847
798,63,car,846,490,1123,664
798,78,person,23,542,100,705
798,99,person,389,623,447,803
798,104,person,0,600,51,718
798,109,person,570,520,626,652
799,19,person,302,639,379,835
799,26,car,1521,401,1846,550
799,30,person,98,586,167,764
799,33,car,1722,390,1918,528
799,36,person,577,454,648,614
799,42,person,770,538,814,710
799,52,person,0,602,49,782
799,58,person,0,671,33,848
799,63,car,846,490,1123,664
799,78,person,19,543,98,705
799,99,person,383,624,448,806
799,104,person,0,601,49,728
799,109,person,561,507,627,652
800,19,person,294,642,379,835
800,26,car,1522,401,1846,550
800,30,person,96,584,167,765
800,33,car,1722,390,1918,528
800,36,person,575,454,640,617
800,42,person,765,538,812,710
800,52,person,0,604,47,783
800,58,person,0,672,33,848
800,63,car,846,490,1123,664
800,78,person,16,543,98,705
800,99,person,380,624,448,807
800,104,person,0,603,45,732
800,109,person,560,502,627,652
801,19,person,287,642,381,833
801,26,car,1522,401,1846,550
801,30,person,94,585,167,765
801,33,car,1722,390,1918,528
801,36,person,570,454,633,616
801,42,person,761,538,807,710
801,52,person,0,606,46,784
801,58,person,0,664,33,848
801,63,car,846,490,1123,664
801,78,person,12,541,95,706
801,90,person,561,450,629,653
801,99,person,379,625,448,807
801,109,person,557,500,626,651
802,19,person,281,644,377,835
802,26,car,1522,401,1846,550
802,30,person,83,586,166,765
802,33,car,1719,390,1918,528
802,36,person,567,453,631,617
802,42,person,758,540,804,710
802,52,person,0,604,46,785
802,58,person,0,679,32,848
802,63,car,846,490,1123,664
802,78,person,9,539,85,706
802,90,person,558,468,625,650
802,99,person,375,625,447,809
803,19,person,277,644,378,836
803,26,car,1521,401,1846,550
803,30,person,78,586,166,766
803,33,car,1727,391,1919,528
803,36,person,565,453,627,610
803,42,person,754,539,802,710
803,52,person,0,608,48,782
803,58,person,0,675,32,848
803,63,car,846,490,1123,664
803,78,person,4,539,77,708
803,99,person,370,627,448,807
803,104,person,0,613,44,856
803,109,person,557,494,622,650
804,19,person,276,645,378,837
804,26,car,1522,402,1846,550
804,30,person,71,589,166,766
804,33,car,1722,390,1918,529
804,36,person,563,452,618,603
804,42,person,746,539,802,710
804,52,person,0,613,48,785
804,58,person,0,692,31,849
804,63,car,846,490,1123,664
804,78,person,3,539,57,701
804,99,person,369,627,448,809
804,104,person,0,639,38,852
804,109,person,556,499,619,650
805,19,person,275,645,374,838
805,26,car,1523,401,1846,551
805,30,person,68,590,166,766
805,33,car,1718,390,1918,529
805,36,person,561,452,611,590
805,42,person,735,540,802,712
805,52,person,0,612,49,786
805,58,person,0,684,30,849
805,63,car,846,491,1124,665
805,78,person,0,539,53,705
805,99,person,368,629,446,809
805,109,person,555,496,613,651
806,19,person,275,646,369,838
806,26,car,1523,402,1847,551
806,30,person,65,590,167,767
806,33,car,1720,390,1918,529
806,42,person,724,542,802,711
806,52,person,0,612,48,790
806,58,person,0,703,27,849
806,63,car,846,492,1124,665
806,78,person,0,539,50,707
806,99,person,367,630,444,809
806,109,person,552,497,610,651
807,19,person,274,647,365,838
807,26,car,1523,402,1847,551
807,30,person,65,590,166,768
807,33,car,1721,390,1918,529
807,42,person,718,542,803,713
807,52,person,0,624,47,789
807,63,car,846,492,1124,665
807,78,person,0,539,46,707
807,99,person,366,632,443,810
807,109,person,549,501,607,651
808,19,person,274,648,356,838
808,26,car,1523,402,1847,551
808,30,person,65,589,163,768
808,33,car,1724,391,1918,529
808,42,person,713,545,802,712
808,52,person,0,626,47,788
808,63,car,846,492,1124,665
808,78,person,0,540,44,707
808,99,person,366,632,441,809
808,109,person,544,454,601,649
809,19,person,272,647,349,838
809,26,car,1522,402,1847,551
809,30,person,63,589,158,768
809,33,car,1720,390,1918,529
809,42,person,710,547,802,711
809,52,person,0,655,47,788
809,63,car,845,492,1124,665
809,78,person,0,541,44,706
809,99,person,362,633,435,812
809,104,person,0,584,45,787
809,109,person,542,454,598,648
810,19,person,272,647,341,837
810,26,car,1523,402,1847,551
810,30,person,63,588,153,767
810,33,car,1718,390,1918,529
810,42,person,710,547,801,712
810,52,person,0,635,45,788
810,63,car,845,492,1124,665
810,78,person,0,542,44,706
810,99,person,359,632,430,813
810,104,person,0,548,44,788
810,109,person,542,484,593,647
811,19,person,270,646,326,838
811,26,car,1523,402,1847,551
811,30,person,63,588,145,767
811,33,car,1721,390,1918,529
811,42,person,708,545,802,712
811,52,person,0,655,42,787
811,63,car,845,492,1124,665
811,78,person,0,542,42,708
811,90,person,544,454,594,646
811,99,person,358,632,424,813
811,104,person,0,543,43,789
811,109,person,541,499,589,650
812,19,person,266,647,323,838
812,26,car,1523,402,1846,551
812,30,person,62,589,138,768
812,33,car,1723,390,1918,529
812,42,person,707,544,802,714
812,52,person,0,644,39,790
812,63,car,845,492,1124,665
812,78,person,0,544,41,708
812,90,person,544,454,596,639
812,99,person,357,633,416,812
812,104,person,0,542,42,792
812,109,person,538,498,590,650
813,19,person,260,648,314,839
813,26,car,1523,402,1847,551
813,30,person,61,589,129,770
813,33,car,1722,391,1918,529
813,42,person,708,544,801,715
813,58,person,0,728,30,789
813,63,car,846,492,1124,665
813,78,person,0,548,42,707
813,90,person,541,455,595,641
813,99,person,354,633,406,814
813,109,person,537,494,590,650
814,19,person,252,647,314,839
814,26,car,1523,402,1847,551
814,30,person,57,588,115,768
814,33,car,1723,390,1918,529
814,42,person,707,544,799,715
814,63,car,846,492,1124,665
814,78,person,0,556,42,706
814,90,person,537,455,594,633
814,99,person,351,633,400,813
814,109,person,534,500,587,651
815,19,person,243,648,312,839
815,26,car,1523,402,1847,551
815,30,person,51,586,110,769
815,33,car,1723,390,1918,529
815,42,person,708,545,796,714
815,63,car,846,492,1124,665
815,78,person,0,556,39,706
815,90,person,535,457,590,618
815,99,person,346,634,393,813
815,109,person,527,503,586,651
816,19,person,238,647,310,839
816,26,car,1523,402,1846,551
816,30,person,47,586,101,769
816,33,car,1721,390,1918,529
816,42,person,709,546,791,714
816,63,car,846,492,1124,665
816,78,person,0,562,40,708
816,90,person,535,457,574,528
816,99,person,342,634,392,813
816,109,person,524,501,587,652
817,19,person,225,647,312,838
817,26,car,1523,401,1846,550
817,30,person,39,586,100,768
817,33,car,1726,391,1919,528
817,42,person,707,545,786,712
817,63,car,845,490,1123,664
817,78,person,0,560,40,707
817,90,person,528,457,582,618
817,99,person,337,634,393,812
817,104,person,0,558,24,704
817,109,person,519,500,586,650
818,19,person,213,648,312,839
818,26,car,1522,400,1846,550
818,30,person,34,582,99,768
818,33,car,1713,388,1919,528
818,42,person,708,543,780,712
818,63,car,846,489,1123,663
818,99,person,328,634,393,812
818,109,person,517,501,585,647
819,19,person,206,649,311,840
819,26,car,1523,400,1846,550
819,30,person,29,583,98,767
819,33,car,1713,388,1919,528
819,42,person,707,543,774,712
819,63,car,845,489,1123,663
819,90,person,525,457,574,620
819,99,person,320,637,392,814
819,109,person,516,500,584,647
820,19,person,204,653,311,841
820,26,car,1522,401,1846,550
820,30,person,21,583,99,767
820,33,car,1725,390,1919,527
820,42,person,704,542,767,711
820,63,car,845,490,1123,664
820,90,person,522,456,566,613
820,99,person,311,641,392,814
820,109,person,515,502,582,647
820,110,person,523,456,559,532
821,19,person,203,653,310,842
821,26,car,1522,401,1846,550
821,30,person,14,586,98,767
821,33,car,1726,391,1919,528
821,42,person,700,542,759,712
821,63,car,846,490,1123,664
821,90,person,518,456,560,611
821,99,person,307,642,392,815
821,109,person,514,501,582,648
821,110,person,519,456,557,535
822,19,person,202,653,309,843
822,26,car,1522,401,1846,550
822,30,person,10,586,98,769
822,33,car,1725,391,1919,528
822,42,person,687,542,752,714
822,63,car,845,490,1123,664
822,99,person,306,639,392,816
822,109,person,512,501,580,649
822,110,person,515,456,552,543
823,19,person,202,654,306,843
823,26,car,1522,401,1846,550
823,30,person,9,587,98,767
823,33,car,1725,391,1919,528
823,42,person,681,541,749,713
823,63,car,846,490,1123,664
823,99,person,303,639,392,815
823,109,person,513,500,579,648
823,110,person,514,456,549,547
824,19,person,202,654,303,842
824,26,car,1522,401,1846,550
824,30,person,7,588,97,767
824,33,car,1726,391,1919,528
824,42,person,674,542,748,716
824,63,car,846,490,1123,664
824,90,person,508,457,545,618
824,99,person,300,640,389,816
824,109,person,511,498,578,649
825,19,person,202,654,297,842
825,26,car,1522,400,1846,550
825,30,person,7,588,97,766
825,33,car,1726,390,1919,527
825,42,person,672,542,745,713
825,63,car,846,489,1123,663
825,99,person,300,642,388,815
825,109,person,510,498,575,648
826,19,person,202,653,288,841
826,26,car,1522,400,1846,550
826,30,person,7,583,95,766
826,33,car,1725,390,1919,527
826,42,person,667,543,743,715
826,63,car,846,489,1123,663
826,99,person,297,642,386,817
826,109,person,505,497,572,648
826,110,person,506,454,541,538
827,19,person,201,653,279,842
827,26,car,1522,400,1846,550
827,30,person,6,583,92,767
827,33,car,1726,390,1919,527
827,42,person,663,544,741,713
827,63,car,846,489,1123,663
827,99,person,295,641,383,818
827,109,person,501,499,569,648
827,110,person,503,455,538,548
828,19,person,197,652,273,844
828,26,car,1522,401,1846,550
828,30,person,6,582,90,767
828,33,car,1726,391,1919,528
828,42,person,659,545,738,715
828,63,car,845,490,1123,663
828,90,person,499,454,535,603
828,99,person,295,638,379,818
828,109,person,500,500,565,647
828,110,person,502,455,535,516
829,19,person,192,653,261,844
829,26,car,1523,402,1846,550
829,30,person,6,582,85,768
829,33,car,1725,391,1919,528
829,42,person,656,545,737,716
829,63,car,846,491,1124,664
829,90,person,496,457,534,613
829,99,person,294,637,373,821
829,109,person,504,504,559,648
830,19,person,181,653,251,845
830,26,car,1524,402,1847,551
830,30,person,6,584,79,768
830,33,car,1718,390,1918,529
830,42,person,655,546,737,717
830,63,car,846,492,1124,665
830,90,person,490,457,532,611
830,99,person,290,638,368,821
830,109,person,504,494,551,649
831,19,person,170,654,240,847
831,26,car,1524,402,1847,551
831,30,person,5,584,72,767
831,33,car,1720,390,1918,529
831,42,person,656,546,738,718
831,63,car,846,492,1124,665
831,90,person,478,457,529,615
831,99,person,287,640,361,821
831,109,person,501,491,546,649
832,19,person,159,655,239,849
832,26,car,1524,402,1847,551
832,30,person,3,585,65,767
832,33,car,1720,390,1918,529
832,42,person,655,546,738,720
832,63,car,846,493,1124,665
832,90,person,468,457,526,613
832,99,person,283,642,352,822
832,109,person,498,492,546,650
833,19,person,153,654,239,852
833,26,car,1524,402,1847,551
833,30,person,1,584,58,766
833,33,car,1720,390,1918,529
833,42,person,655,547,737,722
833,63,car,846,492,1124,665
833,90,person,461,457,524,615
833,99,person,276,642,345,822
833,109,person,495,499,542,647
834,19,person,145,654,238,853
834,26,car,1524,402,1847,551
834,30,person,0,584,50,766
834,33,car,1720,390,1918,529
834,42,person,654,547,735,722
834,63,car,846,493,1124,665
834,90,person,458,458,521,616
834,99,person,272,642,337,824
834,109,person,493,501,541,648
835,19,person,143,656,238,853
835,26,car,1525,402,1848,551
835,30,person,0,584,41,768
835,33,car,1717,391,1918,530
835,42,person,654,548,735,723
835,63,car,846,493,1124,665
835,90,person,452,458,519,619
835,99,person,269,642,327,827
835,109,person,486,503,541,649
836,19,person,137,658,238,853
836,26,car,1524,404,1847,552
836,30,person,0,584,41,769
836,33,car,1720,392,1918,530
836,42,person,655,549,727,723
836,63,car,847,493,1124,665
836,90,person,452,459,515,620
836,99,person,265,645,326,829
836,109,person,482,507,541,649
837,19,person,129,661,236,854
837,26,car,1524,404,1848,553
837,30,person,0,584,41,767
837,33,car,1721,394,1918,531
837,42,person,655,549,720,724
837,63,car,846,493,1125,666
837,90,person,451,460,512,621
837,99,person,261,646,327,833
837,109,person,476,508,541,651
838,19,person,127,661,237,856
838,26,car,1525,404,1848,553
838,30,person,0,586,40,767
838,33,car,1720,394,1918,531
838,42,person,656,550,708,723
838,63,car,846,493,1125,667
838,90,person,455,460,509,620
838,99,person,258,648,326,833
838,109,person,475,508,541,650
839,19,person,124,664,236,857
839,26,car,1525,405,1848,554
839,30,person,0,587,40,767
839,33,car,1723,393,1918,532
839,42,person,656,550,703,724
839,63,car,846,493,1125,667
839,90,person,455,462,504,619
839,99,person,252,651,327,834
839,109,person,471,507,540,652
840,19,person,123,664,231,857
840,26,car,1525,405,1848,554
840,30,person,0,589,40,767
840,33,car,1723,394,1918,532
840,42,person,654,549,699,723
840,63,car,846,494,1125,668
840,90,person,451,461,502,620
840,99,person,246,648,327,834
840,109,person,470,506,539,652
841,19,person,122,664,226,857
841,26,car,1525,405,1848,554
841,30,person,0,589,40,767
841,33,car,1721,393,1918,532
841,42,person,649,548,697,722
841,63,car,846,493,1125,668
841,90,person,454,459,498,619
841,99,person,243,648,327,832
841,109,person,469,505,536,651
842,19,person,121,663,219,857
842,26,car,1525,405,1848,554
842,30,person,0,591,40,767
842,33,car,1722,394,1918,532
842,42,person,645,549,692,723
842,63,car,846,493,1125,668
842,90,person,454,460,495,619
842,99,person,239,650,326,833
842,109,person,467,502,532,650
843,19,person,121,664,210,858
843,26,car,1525,405,1848,554
843,30,person,0,600,39,766
843,33,car,1722,394,1918,532
843,42,person,642,549,690,722
843,63,car,846,493,1125,668
843,90,person,455,461,493,619
843,99,person,238,650,324,833
843,109,person,467,503,527,650
844,19,person,121,663,202,859
844,26,car,1525,405,1848,554
844,30,person,0,611,38,766
844,33,car,1722,393,1918,532
844,42,person,638,550,689,722
844,63,car,846,494,1125,668
844,90,person,450,460,490,620
844,99,person,237,652,324,833
844,109,person,468,504,522,650
845,19,person,120,663,190,859
845,26,car,1525,405,1848,554
845,30,person,0,615,38,766
845,33,car,1724,394,1918,532
845,42,person,631,551,687,724
845,63,car,846,495,1124,668
845,90,person,447,461,488,620
845,99,person,236,654,321,836
845,109,person,467,504,518,650
845,112,handbag,149,764,191,817
846,19,person,118,663,177,858
846,26,car,1525,405,1848,554
846,30,person,0,624,36,766
846,33,car,1724,394,1918,532
846,42,person,617,552,687,724
846,63,car,846,495,1124,668
846,90,person,443,460,485,620
846,99,person,235,654,316,835
846,109,person,467,503,515,650
847,19,person,109,665,168,860
847,26,car,1525,405,1848,554
847,30,person,0,667,34,766
847,33,car,1724,394,1918,532
847,42,person,609,552,687,723
847,63,car,846,494,1124,668
847,90,person,441,460,483,620
847,99,person,236,653,311,835
847,109,person,467,504,510,648
847,112,handbag,144,758,190,816
848,19,person,102,664,159,857
848,26,car,1524,405,1848,554
848,30,person,0,711,31,765
848,33,car,1725,394,1918,532
848,42,person,603,551,687,723
848,63,car,846,494,1124,668
848,90,person,438,460,481,621
848,99,person,235,652,301,836
848,109,person,464,502,504,649
849,19,person,94,664,159,856
849,26,car,1524,405,1848,553
849,30,person,0,715,26,765
849,33,car,1723,394,1918,531
849,42,person,598,553,686,724
849,63,car,846,493,1124,667
849,90,person,433,460,477,622
849,99,person,233,655,295,835
849,109,person,461,498,499,650
850,19,person,85,664,161,855
850,26,car,1524,404,1847,552
850,30,person,0,719,21,764
850,33,car,1724,393,1918,530
850,42,person,597,553,685,724
850,63,car,847,493,1124,666
850,90,person,429,460,475,622
850,99,person,229,654,284,835
850,109,person,455,496,499,647
851,19,person,78,664,158,857
851,26,car,1524,404,1847,552
851,33,car,1725,393,1918,530
851,42,person,598,553,686,723
851,63,car,847,493,1124,666
851,90,person,423,461,473,622
851,99,person,225,653,282,834
851,109,person,453,494,497,646
852,19,person,66,665,157,856
852,26,car,1524,404,1847,552
852,33,car,1723,392,1918,530
852,42,person,592,556,687,724
852,63,car,846,493,1123,666
852,90,person,417,462,470,621
852,99,person,221,654,271,834
852,109,person,449,494,496,646
853,19,person,51,664,158,858
853,26,car,1524,403,1847,552
853,33,car,1721,391,1918,530
853,42,person,592,553,685,724
853,63,car,846,493,1124,666
853,90,person,408,462,468,622
853,99,person,216,652,269,834
853,109,person,438,499,495,648
854,19,person,45,665,156,859
854,26,car,1524,403,1847,552
854,33,car,1721,391,1918,529
854,42,person,592,552,683,724
854,63,car,847,493,1124,666
854,90,person,401,462,465,622
854,99,person,211,653,269,834
854,109,person,433,499,496,647
855,19,person,43,666,156,858
855,26,car,1523,403,1847,552
855,33,car,1723,391,1918,529
855,42,person,592,553,682,724
855,63,car,846,493,1124,666
855,90,person,397,464,460,620
855,99,person,205,654,269,833
855,109,person,430,501,496,647
856,19,person,43,667,155,857
856,26,car,1523,402,1847,552
856,33,car,1724,390,1918,530
856,42,person,592,553,681,724
856,63,car,846,493,1124,665
856,90,person,397,464,457,622
856,99,person,190,657,268,833
856,109,person,428,502,496,646
857,19,person,41,668,154,856
857,26,car,1523,402,1847,551
857,33,car,1721,390,1918,529
857,42,person,592,553,675,723
857,63,car,846,492,1124,665
857,90,person,395,464,455,621
857,99,person,177,656,268,834
857,109,person,428,503,496,646
858,19,person,40,668,149,857
858,26,car,1522,402,1846,551
858,33,car,1717,390,1918,529
858,42,person,591,553,671,723
858,63,car,845,491,1123,665
858,90,person,395,464,452,621
858,99,person,172,656,267,834
858,109,person,426,501,496,645
859,19,person,40,668,142,858
859,26,car,1522,402,1847,551
859,33,car,1717,390,1918,529
859,42,person,591,552,667,722
859,63,car,845,491,1124,664
859,90,person,396,463,449,621
859,99,person,167,660,270,834
859,109,person,425,503,495,645
860,19,person,40,667,133,858
860,26,car,1523,402,1847,551
860,33,car,1718,389,1918,529
860,42,person,591,552,660,720
860,63,car,845,491,1124,665
860,90,person,396,463,446,622
860,99,person,165,660,268,835
860,109,person,423,500,495,645
861,19,person,39,668,126,858
861,26,car,1523,402,1847,551
861,33,car,1718,390,1918,529
861,42,person,588,550,655,721
861,63,car,845,491,1124,664
861,90,person,396,463,444,621
861,99,person,161,658,266,836
861,109,person,421,500,490,645
862,19,person,33,665,113,858
862,26,car,1522,402,1847,551
862,33,car,1718,390,1918,528
862,42,person,583,549,649,722
862,63,car,846,491,1124,664
862,90,person,394,463,440,621
862,99,person,160,659,265,836
862,109,person,422,501,485,646
863,19,person,18,664,106,859
863,26,car,1523,402,1847,551
863,33,car,1718,389,1918,529
863,42,person,581,549,643,724
863,63,car,846,491,1124,664
863,90,person,392,460,435,621
863,99,person,161,659,262,837
863,109,person,418,500,482,645
864,19,person,11,664,95,857
864,26,car,1523,402,1847,551
864,33,car,1720,390,1918,528
864,42,person,585,549,638,727
864,63,car,846,491,1123,664
864,90,person,388,460,432,621
864,99,person,161,659,259,838
864,109,person,415,499,479,646
865,19,person,2,665,86,861
865,26,car,1523,402,1847,551
865,33,car,1722,390,1918,529
865,42,person,565,549,635,729
865,63,car,846,491,1124,664
865,90,person,387,460,429,621
865,99,person,162,659,254,837
865,109,person,415,498,473,645
866,19,person,1,665,82,862
866,26,car,1523,402,1847,551
866,33,car,1720,390,1918,529
866,42,person,568,550,634,729
866,63,car,846,491,1124,664
866,90,person,384,461,427,621
866,99,person,159,659,249,837
866,109,person,409,496,468,646
867,19,person,0,665,82,863
867,26,car,1524,402,1848,551
867,33,car,1720,390,1918,529
867,42,person,569,553,629,730
867,63,car,846,491,1124,664
867,90,person,380,461,424,621
867,99,person,155,659,241,838
867,109,person,403,498,463,645
868,19,person,0,667,79,865
868,26,car,1524,402,1848,551
868,33,car,1722,391,1918,529
868,42,person,561,553,627,727
868,63,car,847,492,1124,665
868,90,person,377,461,424,622
868,99,person,153,659,233,837
868,109,person,406,497,455,645
869,19,person,0,669,79,865
869,26,car,1525,403,1848,551
869,33,car,1720,391,1918,530
869,42,person,554,553,625,729
869,63,car,847,493,1124,664
869,90,person,377,462,421,619
869,99,person,152,658,225,839
869,109,person,404,498,452,647
870,19,person,0,670,78,864
870,26,car,1525,403,1848,551
870,33,car,1720,392,1918,530
870,42,person,548,554,625,728
870,63,car,847,493,1124,665
870,90,person,373,464,419,619
870,99,person,148,659,216,840
870,109,person,404,496,451,645
871,19,person,0,671,77,863
871,26,car,1525,404,1848,552
871,33,car,1723,393,1918,530
871,42,person,544,559,624,731
871,63,car,847,493,1125,665
871,90,person,361,462,415,620
871,99,person,132,661,206,843
871,109,person,400,496,449,646
872,19,person,0,673,77,862
872,26,car,1525,404,1848,552
872,33,car,1723,393,1918,531
872,42,person,544,560,624,732
872,63,car,847,493,1125,666
872,90,person,352,463,414,618
872,99,person,122,662,195,846
872,109,person,390,501,450,647
873,19,person,0,673,77,861
873,26,car,1525,404,1848,552
873,33,car,1723,393,1918,531
873,42,person,543,560,625,733
873,63,car,847,493,1125,666
873,90,person,347,464,413,617
873,99,person,124,663,197,849
873,109,person,386,501,450,647
874,19,person,0,673,74,862
874,26,car,1525,404,1848,553
874,33,car,1724,393,1918,531
874,42,person,539,561,625,735
874,63,car,847,493,1125,666
874,90,person,343,464,411,617
874,99,person,125,665,197,853
874,109,person,381,501,450,647
875,19,person,0,672,71,860
875,26,car,1525,404,1848,553
875,33,car,1724,393,1918,530
875,42,person,540,562,624,734
875,63,car,847,493,1125,666
875,90,person,342,465,408,618
875,99,person,123,665,198,853
875,109,person,380,500,450,647
876,19,person,0,674,66,861
876,26,car,1525,404,1848,553
876,33,car,1723,393,1918,531
876,42,person,540,562,622,735
876,63,car,846,493,1125,667
876,90,person,341,466,406,620
876,99,person,117,669,198,854
876,109,person,379,501,451,648
877,19,person,0,689,64,861
877,26,car,1525,404,1848,553
877,33,car,1721,393,1918,531
877,42,person,540,563,617,734
877,63,car,846,493,1125,667
877,90,person,340,465,402,621
877,99,person,108,671,196,854
877,109,person,375,502,449,649
878,19,person,0,698,62,861
878,26,car,1525,404,1848,553
878,33,car,1722,393,1918,531
878,42,person,541,563,611,734
878,63,car,846,493,1125,667
878,90,person,339,464,401,620
878,99,person,106,671,196,855
878,109,person,376,500,447,648
879,19,person,0,699,43,853
879,26,car,1525,404,1848,553
879,33,car,1722,393,1918,531
879,42,person,541,561,603,733
879,63,car,846,493,1125,667
879,90,person,340,463,397,621
879,99,person,103,672,196,855
879,109,person,375,500,443,648
880,19,person,0,697,32,856
880,26,car,1525,404,1847,553
880,33,car,1722,393,1918,531
880,42,person,542,560,598,733
880,63,car,846,493,1124,667
880,90,person,340,462,391,621
880,99,person,101,673,192,857
880,109,person,375,501,439,648
881,26,car,1524,404,1848,553
881,33,car,1722,393,1918,531
881,42,person,538,561,590,733
881,63,car,846,493,1124,667
881,90,person,338,462,385,619
881,99,person,102,673,190,856
881,109,person,374,501,432,648
882,26,car,1525,404,1847,553
882,33,car,1726,393,1918,530
882,42,person,535,560,583,733
882,63,car,846,493,1124,667
882,90,person,339,461,382,620
882,99,person,95,673,186,857
882,109,person,374,503,426,648
883,26,car,1524,404,1847,553
883,33,car,1725,393,1918,530
883,42,person,530,561,578,733
883,63,car,846,493,1124,667
883,90,person,338,462,382,619
883,99,person,93,674,184,857
883,109,person,371,501,421,648
884,26,car,1524,404,1847,553
884,33,car,1726,393,1918,530
884,42,person,527,560,574,732
884,63,car,846,493,1124,666
884,90,person,335,460,379,619
884,99,person,90,674,172,856
884,109,person,371,499,414,647
885,26,car,1524,404,1847,553
885,33,car,1724,393,1918,530
885,42,person,524,561,572,734
885,63,car,846,493,1124,666
885,90,person,331,460,374,619
885,99,person,87,675,163,857
885,109,person,368,498,412,647
886,26,car,1524,404,1847,553
886,33,car,1724,393,1918,530
886,42,person,519,560,571,732
886,63,car,846,493,1124,666
886,90,person,330,459,374,619
886,99,person,82,674,152,857
886,109,person,367,498,409,648
887,26,car,1524,403,1847,553
887,33,car,1723,392,1918,530
887,42,person,510,561,571,734
887,63,car,846,493,1124,666
887,90,person,328,459,369,619
887,99,person,75,673,143,857
887,109,person,362,498,405,649
888,26,car,1524,403,1847,553
888,33,car,1723,392,1918,530
888,42,person,495,560,571,734
888,63,car,846,493,1123,666
888,90,person,324,459,366,622
888,99,person,73,675,137,858
888,109,person,359,499,404,650
889,26,car,1524,403,1847,553
889,33,car,1721,391,1918,530
889,42,person,488,560,571,733
889,63,car,846,493,1124,666
889,90,person,320,459,365,623
889,99,person,70,675,136,857
889,109,person,356,499,403,648
890,26,car,1524,402,1847,552
890,33,car,1720,391,1918,529
890,42,person,485,560,570,733
890,63,car,846,493,1124,665
890,90,person,316,460,361,622
890,99,person,65,675,135,857
890,109,person,351,498,402,648
891,26,car,1524,402,1847,552
891,33,car,1724,390,1918,529
891,42,person,481,561,570,733
891,63,car,846,492,1124,666
891,90,person,304,460,360,620
891,99,person,60,674,136,856
891,109,person,343,497,402,648
892,26,car,1524,402,1847,552
892,33,car,1724,390,1918,529
892,42,person,480,562,571,733
892,63,car,846,492,1124,666
892,90,person,295,461,361,621
892,99,person,46,674,135,861
892,109,person,337,498,402,648
893,26,car,1523,402,1847,552
893,33,car,1724,390,1918,529
893,42,person,479,562,571,733
893,63,car,846,492,1124,666
893,90,person,286,461,360,621
893,99,person,42,674,134,857
893,109,person,333,499,402,649
894,26,car,1523,401,1847,552
894,33,car,1723,390,1918,529
894,42,person,476,562,571,733
894,63,car,845,492,1124,666
894,90,person,282,461,356,620
894,99,person,32,676,133,857
894,109,person,335,499,402,647
895,26,car,1523,401,1847,552
895,33,car,1724,390,1918,529
895,42,person,476,563,570,733
895,63,car,845,492,1124,666
895,90,person,281,460,353,619
895,99,person,26,677,134,858
895,109,person,334,501,402,648
896,26,car,1523,402,1847,551
896,33,car,1721,390,1918,529
896,42,person,474,563,568,733
896,63,car,845,492,1124,666
896,90,person,280,461,355,619
896,99,person,21,671,133,859
896,109,person,331,500,401,647
897,26,car,1523,402,1847,551
897,33,car,1718,390,1918,528
897,42,person,477,561,566,734
897,63,car,846,492,1124,665
897,90,person,279,462,353,620
897,99,person,17,677,131,859
897,109,person,330,500,400,647
898,26,car,1523,401,1847,551
898,33,car,1722,390,1918,528
898,42,person,476,561,566,734
898,63,car,845,491,1124,665
898,90,person,280,463,345,620
898,99,person,15,678,129,862
898,109,person,328,501,398,647
899,26,car,1523,401,1847,551
899,33,car,1720,390,1918,528
899,42,person,474,561,563,734
899,63,car,846,491,1123,665
899,90,person,281,463,343,620
899,99,person,15,679,128,862
899,109,person,326,501,391,646
900,26,car,1523,402,1846,550
900,33,car,1719,390,1918,528
900,42,person,476,561,559,734
900,63,car,846,491,1124,664
900,90,person,279,463,341,620
900,99,person,15,677,125,861
900,109,person,327,499,389,646
901,26,car,1523,402,1846,550
901,33,car,1717,390,1918,528
901,42,person,475,562,552,733
901,63,car,846,491,1123,663
901,90,person,279,462,338,620
901,99,person,14,676,115,862
901,109,person,325,498,383,646
902,26,car,1523,401,1846,549
902,33,car,1714,390,1918,528
902,42,person,473,560,548,733
902,63,car,846,490,1123,663
902,90,person,278,460,336,621
902,99,person,11,676,107,863
902,109,person,322,497,378,645
903,26,car,1523,402,1846,549
903,33,car,1713,389,1918,528
903,42,person,471,559,541,734
903,63,car,846,490,1123,663
903,90,person,278,459,333,621
903,99,person,8,676,98,863
903,109,person,320,496,371,645
904,26,car,1523,402,1846,549
904,33,car,1715,390,1918,528
904,42,person,466,559,534,733
904,63,car,846,491,1123,663
904,90,person,277,459,330,621
904,99,person,4,676,88,862
904,109,person,318,497,367,645
905,26,car,1523,402,1846,549
905,33,car,1716,390,1918,528
905,42,person,460,560,527,733
905,63,car,846,491,1123,663
905,90,person,272,462,319,619
905,99,person,0,674,78,863
905,109,person,317,497,362,645
906,26,car,1523,402,1846,549
906,33,car,1717,390,1918,528
906,42,person,457,559,523,734
906,63,car,846,491,1123,663
906,90,person,270,462,315,618
906,99,person,0,673,64,864
906,109,person,314,496,360,647
907,26,car,1523,402,1847,549
907,33,car,1717,389,1918,528
907,42,person,455,560,518,736
907,63,car,846,491,1123,663
907,90,person,268,461,313,620
907,99,person,0,674,61,864
907,109,person,312,497,358,647
908,26,car,1523,402,1846,549
908,33,car,1716,389,1918,528
908,42,person,448,560,516,739
908,63,car,847,491,1123,663
908,90,person,264,461,309,620
908,99,person,0,674,61,868
908,109,person,308,498,358,647
909,26,car,1523,402,1846,550
909,33,car,1716,390,1918,528
909,42,person,444,561,514,740
909,63,car,847,492,1123,664
909,90,person,260,462,307,618
909,99,person,0,674,60,865
909,109,person,304,498,356,646
910,26,car,1524,402,1847,550
910,33,car,1717,389,1918,528
910,42,person,441,561,514,738
910,63,car,847,492,1123,664
910,90,person,255,463,305,616
910,99,person,0,673,60,865
910,109,person,301,498,355,646
911,26,car,1524,402,1846,550
911,33,car,1716,389,1918,528
911,42,person,440,562,511,737
911,63,car,846,492,1123,664
911,90,person,253,462,306,617
911,99,person,0,674,62,862
911,109,person,298,498,354,646
912,26,car,1523,402,1846,550
912,33,car,1716,390,1918,528
912,42,person,437,563,510,738
912,63,car,846,492,1123,664
912,90,person,247,461,305,618
912,99,person,0,675,62,861
912,109,person,292,500,354,645
913,26,car,1523,402,1846,550
913,33,car,1717,390,1918,529
913,42,person,434,565,510,737
913,63,car,846,492,1123,664
913,90,person,241,460,304,617
913,99,person,0,675,62,861
913,109,person,283,499,354,645
914,26,car,1523,402,1846,550
914,33,car,1717,390,1918,528
914,42,person,433,564,510,737
914,63,car,846,492,1123,664
914,90,person,236,462,303,617
914,99,person,0,698,62,861
914,109,person,283,499,353,646
915,26,car,1522,402,1846,550
915,33,car,1718,390,1918,528
915,42,person,431,566,511,738
915,63,car,846,491,1123,664
915,90,person,236,463,302,618
915,99,person,0,700,62,861
915,109,person,284,501,353,647
916,26,car,1522,402,1846,550
916,33,car,1716,390,1918,528
916,42,person,426,566,510,740
916,63,car,846,492,1123,664
916,90,person,234,463,298,618
916,99,person,0,713,61,862
916,109,person,283,499,350,647
917,26,car,1523,402,1846,550
917,33,car,1717,390,1918,528
917,42,person,426,565,509,741
917,63,car,846,492,1123,664
917,90,person,232,463,294,621
917,99,person,0,755,51,861
917,109,person,281,499,345,646
918,26,car,1523,402,1846,550
918,33,car,1716,390,1918,528
918,42,person,425,563,508,741
918,63,car,846,492,1123,664
918,90,person,231,462,293,621
918,99,person,0,802,40,860
918,109,person,280,500,338,645
919,26,car,1523,402,1846,550
919,33,car,1717,390,1918,528
919,42,person,425,563,505,740
919,63,car,845,492,1123,664
919,90,person,230,460,291,620
919,109,person,277,498,335,646
920,26,car,1522,402,1846,550
920,33,car,1717,390,1918,528
920,42,person,425,564,500,740
920,63,car,845,491,1123,664
920,90,person,230,459,289,619
920,109,person,274,498,327,644
921,26,car,1522,402,1846,550
921,33,car,1719,390,1918,528
921,42,person,425,564,497,739
921,63,car,845,491,1123,664
921,90,person,229,461,276,619
921,109,person,272,496,322,643
922,26,car,1522,402,1846,550
922,33,car,1719,390,1918,528
922,42,person,426,564,492,739
922,63,car,845,491,1123,664
922,90,person,226,461,275,619
922,109,person,272,495,316,644
923,26,car,1522,402,1846,550
923,33,car,1719,390,1918,528
923,42,person,426,565,486,739
923,63,car,845,491,1123,664
923,90,person,224,461,270,619
923,109,person,270,495,313,646
924,26,car,1522,402,1846,550
924,33,car,1719,390,1918,528
924,42,person,426,563,472,739
924,63,car,845,491,1123,664
924,90,person,224,461,270,618
924,109,person,266,495,311,646
925,26,car,1522,402,1846,550
925,33,car,1719,390,1918,528
925,42,person,423,562,470,739
925,63,car,845,491,1123,664
925,90,person,220,459,270,618
925,109,person,263,496,309,647
926,26,car,1522,402,1846,550
926,33,car,1718,389,1918,528
926,42,person,420,563,467,739
926,63,car,845,490,1122,663
926,90,person,218,458,268,617
926,109,person,260,496,307,647
927,26,car,1521,401,1845,550
927,33,car,1714,389,1918,528
927,42,person,416,564,464,740
927,63,car,845,489,1122,663
927,90,person,216,458,263,617
927,109,person,255,496,306,645
928,26,car,1522,401,1845,550
928,33,car,1714,389,1918,527
928,42,person,414,563,461,740
928,63,car,845,489,1122,663
928,90,person,214,458,260,619
928,109,person,248,496,307,645
929,26,car,1522,400,1845,550
929,33,car,1710,388,1918,526
929,42,person,410,564,459,740
929,63,car,845,489,1122,663
929,90,person,211,457,256,620
929,109,person,242,497,307,644
930,26,car,1522,399,1846,549
930,33,car,1714,388,1918,526
930,42,person,402,563,458,740
930,63,car,845,489,1122,662
930,90,person,207,457,255,619
930,109,person,241,497,306,644
931,26,car,1522,399,1846,549
931,33,car,1715,388,1918,526
931,42,person,392,564,458,740
931,63,car,846,489,1122,662
931,90,person,202,457,256,617
931,109,person,241,495,306,643
932,26,car,1522,399,1846,549
932,33,car,1712,388,1918,526
932,42,person,383,565,459,740
932,63,car,846,489,1122,662
932,90,person,194,458,255,618
932,109,person,239,497,306,643
933,26,car,1522,399,1845,549
933,33,car,1711,388,1918,526
933,42,person,374,566,459,740
933,63,car,845,489,1122,662
933,90,person,187,458,252,616
933,109,person,237,498,305,644
934,26,car,1522,399,1846,549
934,33,car,1712,388,1918,526
934,42,person,372,566,459,739
934,63,car,845,489,1122,662
934,90,person,182,458,252,617
934,109,person,234,498,303,643
935,26,car,1522,399,1846,549
935,33,car,1714,388,1918,526
935,42,person,371,564,459,739
935,63,car,845,489,1122,662
935,90,person,179,460,249,619
935,109,person,231,498,303,643
936,26,car,1522,399,1846,549
936,33,car,1714,388,1918,526
936,42,person,370,565,459,739
936,63,car,846,489,1122,662
936,90,person,176,460,244,618
936,109,person,227,498,297,643
937,26,car,1522,399,1846,549
937,33,car,1713,388,1918,526
937,42,person,369,566,459,740
937,63,car,846,489,1122,662
937,90,person,176,460,241,618
937,109,person,226,497,293,643
938,26,car,1522,399,1846,548
938,33,car,1712,387,1918,526
938,42,person,368,567,459,740
938,63,car,846,489,1123,663
938,90,person,175,460,241,618
938,109,person,226,497,289,642
939,26,car,1522,399,1846,548
939,33,car,1711,387,1918,526
939,42,person,368,566,458,740
939,63,car,845,489,1122,663
939,90,person,175,459,241,619
939,109,person,223,498,283,642
940,26,car,1522,399,1846,548
940,33,car,1714,387,1918,526
940,42,person,369,566,458,740
940,63,car,846,489,1123,662
940,90,person,175,459,243,621
940,109,person,224,496,276,642
941,26,car,1522,399,1846,549
941,33,car,1713,387,1918,526
941,42,person,368,567,455,741
941,63,car,846,489,1123,662
941,90,person,175,459,239,620
941,109,person,221,493,266,641
942,26,car,1522,399,1846,549
942,33,car,1714,387,1918,526
942,42,person,368,566,454,741
942,63,car,846,489,1123,662
942,90,person,175,461,237,619
942,109,person,218,496,263,642
943,26,car,1523,399,1846,549
943,33,car,1714,387,1918,526
943,42,person,367,564,447,739
943,63,car,846,489,1123,662
943,90,person,175,460,221,616
943,109,person,215,496,260,642
944,26,car,1522,399,1846,549
944,33,car,1712,388,1918,527
944,42,person,368,564,442,740
944,63,car,846,489,1122,662
944,90,person,171,460,217,620
944,109,person,212,496,258,643
945,26,car,1522,399,1846,549
945,33,car,1712,388,1918,527
945,42,person,368,564,438,739
945,63,car,846,489,1123,662
945,90,person,171,459,219,618
945,109,person,210,495,259,643
946,26,car,1523,399,1846,549
946,33,car,1712,388,1918,527
946,42,person,366,563,430,739
946,63,car,846,489,1123,662
946,90,person,169,459,213,618
946,109,person,201,497,259,644
947,26,car,1522,400,1846,549
947,33,car,1725,390,1919,526
947,42,person,364,564,423,738
947,63,car,846,489,1123,662
947,90,person,164,459,210,619
947,109,person,196,498,257,644
948,26,car,1523,400,1846,549
948,33,car,1725,390,1919,526
948,42,person,363,563,415,738
948,63,car,846,489,1123,662
948,90,person,162,459,207,618
948,109,person,192,498,258,644
949,26,car,1523,400,1846,549
949,33,car,1726,390,1919,527
949,42,person,358,564,406,741
949,63,car,846,489,1123,662
949,90,person,158,459,205,619
949,109,person,190,497,257,644
950,26,car,1523,400,1846,549
950,33,car,1725,390,1919,526
950,42,person,351,564,400,744
950,63,car,846,489,1123,662
950,90,person,155,459,203,618
950,109,person,188,498,257,644
951,26,car,1522,400,1846,549
951,33,car,1713,388,1918,527
951,42,person,344,564,399,745
951,63,car,846,489,1123,662
951,90,person,149,460,203,617
951,109,person,185,498,256,645
952,26,car,1523,400,1846,549
952,33,car,1713,388,1918,527
952,42,person,338,563,399,744
952,63,car,846,489,1123,662
952,90,person,147,460,201,616
952,109,person,186,498,252,644
953,26,car,1522,400,1846,549
953,33,car,1710,388,1918,526
953,42,person,332,563,399,743
953,63,car,846,489,1123,662
953,90,person,141,461,198,614
953,109,person,184,497,249,644
954,26,car,1522,399,1846,549
954,33,car,1711,388,1918,526
954,42,person,320,564,399,741
954,63,car,846,489,1123,662
954,90,person,138,461,196,614
954,109,person,183,495,245,644
955,26,car,1523,399,1846,549
955,33,car,1712,388,1918,526
955,42,person,315,564,399,740
955,63,car,845,489,1123,662
955,90,person,136,461,195,613
955,109,person,183,495,241,645
956,26,car,1522,400,1846,549
956,33,car,1710,389,1918,526
956,42,person,313,566,399,739
956,63,car,845,489,1122,662
956,90,person,135,462,194,613
956,109,person,179,498,235,643
957,26,car,1522,400,1846,549
957,33,car,1724,390,1919,526
957,42,person,311,566,399,740
957,63,car,845,489,1122,662
957,90,person,134,461,192,613
957,109,person,178,498,231,643
958,26,car,1522,399,1846,550
958,33,car,1715,387,1918,526
958,42,person,307,567,399,740
958,63,car,845,489,1122,662
958,90,person,135,457,190,615
958,109,person,175,493,226,643
959,26,car,1522,399,1846,549
959,33,car,1713,387,1918,526
959,42,person,305,567,398,740
959,63,car,845,489,1122,662
959,90,person,135,457,187,614
959,109,person,173,494,220,640
960,26,car,1522,399,1846,549
960,33,car,1713,387,1918,526
960,42,person,305,567,399,741
960,63,car,845,489,1122,662
960,90,person,134,458,181,613
960,109,person,170,494,215,644
961,26,car,1522,399,1846,549
961,33,car,1713,387,1918,526
961,42,person,306,565,397,741
961,63,car,845,489,1122,662
961,90,person,132,457,175,612
961,109,person,168,493,212,646
962,26,car,1522,399,1846,549
962,33,car,1713,387,1918,526
962,42,person,306,567,394,741
962,63,car,845,489,1122,662
962,90,person,132,457,174,613
962,109,person,167,494,212,647
963,26,car,1522,399,1846,549
963,33,car,1713,387,1918,526
963,42,person,305,567,390,741
963,63,car,845,489,1122,662
963,90,person,131,457,173,612
963,109,person,162,494,212,645
964,26,car,1522,399,1846,549
964,33,car,1713,387,1918,526
964,42,person,306,567,385,740
964,63,car,845,489,1122,662
964,90,person,129,456,171,611
964,109,person,153,493,210,644
964,115,car,1851,377,1919,427
965,26,car,1522,399,1846,549
965,33,car,1712,387,1918,526
965,42,person,306,567,380,740
965,63,car,845,489,1122,662
965,90,person,128,457,169,611
965,109,person,145,494,210,644
965,115,car,1850,377,1919,428
966,26,car,1522,399,1845,548
966,33,car,1711,387,1918,525
966,42,person,306,567,374,740
966,63,car,845,489,1122,662
966,90,person,126,456,163,611
966,109,person,143,496,210,643
967,26,car,1522,399,1846,548
967,33,car,1715,385,1919,526
967,42,person,305,566,367,740
967,63,car,845,489,1122,662
967,90,person,120,456,162,611
967,109,person,142,498,211,642
967,115,car,1850,377,1919,429
968,26,car,1522,399,1845,548
968,33,car,1714,385,1919,526
968,42,person,304,566,353,741
968,63,car,845,489,1122,662
968,90,person,118,458,160,612
968,109,person,139,497,211,643
969,26,car,1522,399,1845,548
969,33,car,1714,386,1919,526
969,42,person,303,565,351,740
969,63,car,845,489,1122,662
969,90,person,110,458,160,616
969,109,person,138,496,211,645
969,116,car,1850,379,1918,417
970,26,car,1522,399,1846,547
970,33,car,1714,386,1919,526
970,42,person,300,564,344,740
970,63,car,845,489,1122,662
970,90,person,103,458,157,616
970,109,person,138,497,209,644
970,115,car,1850,377,1919,429
970,116,car,1851,379,1918,416
971,26,car,1522,399,1845,548
971,33,car,1713,385,1919,526
971,42,person,297,563,342,740
971,63,car,845,489,1122,662
971,90,person,99,458,158,616
971,109,person,136,498,209,644
971,115,car,1850,376,1919,428
971,116,car,1851,379,1918,415
972,26,car,1522,399,1846,548
972,33,car,1713,385,1919,526
972,42,person,293,563,341,740
972,63,car,845,489,1122,662
972,90,person,95,459,158,617
972,109,person,132,500,206,644
972,116,car,1850,379,1918,417
973,26,car,1522,399,1845,548
973,33,car,1713,385,1919,526
973,42,person,281,564,341,740
973,63,car,845,489,1122,662
973,90,person,92,457,154,616
973,109,person,131,499,204,644
974,26,car,1522,399,1846,547
974,33,car,1712,385,1919,526
974,42,person,273,563,340,741
974,63,car,845,489,1122,662
974,90,person,86,457,149,615
974,109,person,131,498,194,643
974,116,car,1851,379,1918,415
975,26,car,1522,399,1846,547
975,33,car,1712,385,1919,526
975,42,person,265,565,340,741
975,63,car,845,489,1122,662
975,90,person,84,458,146,615
975,109,person,130,499,191,643
975,116,car,1851,379,1918,415
976,26,car,1522,399,1846,548
976,33,car,1714,386,1919,526
976,42,person,259,566,341,741
976,63,car,845,489,1123,662
976,90,person,83,460,144,616
976,109,person,130,498,186,643
977,26,car,1522,399,1845,548
977,33,car,1715,386,1919,526
977,42,person,256,567,340,741
977,63,car,845,489,1122,662
977,90,person,80,460,142,617
977,109,person,127,497,180,642
978,26,car,1522,399,1845,548
978,33,car,1716,386,1919,526
978,42,person,252,566,340,741
978,63,car,845,489,1122,662
978,90,person,80,461,139,618
978,109,person,128,497,175,641
979,26,car,1522,399,1846,548
979,33,car,1715,387,1918,526
979,42,person,251,566,341,741
979,63,car,845,489,1122,662
979,90,person,79,461,138,617
979,109,person,123,495,169,642
980,26,car,1522,399,1845,549
980,33,car,1713,387,1918,526
980,42,person,252,565,340,741
980,63,car,845,489,1122,662
980,90,person,79,460,137,617
980,109,person,119,495,165,641
981,26,car,1522,399,1846,548
981,33,car,1714,387,1918,526
981,42,person,254,566,341,740
981,63,car,845,489,1122,662
981,90,person,79,460,136,617
981,109,person,117,495,164,642
982,26,car,1522,399,1846,548
982,33,car,1712,387,1918,525
982,42,person,254,566,339,740
982,63,car,845,489,1122,662
982,90,person,78,461,130,618
982,109,person,112,493,162,640
983,26,car,1522,399,1846,548
983,33,car,1714,386,1919,526
983,42,person,253,565,336,741
983,63,car,845,489,1122,662
983,90,person,79,460,127,618
983,109,person,108,493,162,641
984,26,car,1522,399,1846,549
984,33,car,1714,387,1918,526
984,42,person,252,565,334,740
984,63,car,845,489,1122,662
984,90,person,79,459,120,618
984,109,person,101,494,162,641
985,26,car,1522,399,1846,548
985,33,car,1715,386,1919,526
985,42,person,253,564,325,740
985,63,car,845,489,1122,662
985,90,person,79,458,115,616
985,109,person,99,496,161,640
986,26,car,1522,399,1846,548
986,33,car,1713,386,1918,526
986,42,person,252,563,320,741
986,63,car,845,489,1122,662
986,90,person,76,461,112,617
986,109,person,96,498,161,641
987,26,car,1522,399,1846,548
987,33,car,1714,386,1918,526
987,42,person,252,563,316,736
987,63,car,845,489,1122,661
987,90,person,75,460,112,616
987,109,person,97,495,161,641
988,26,car,1522,399,1846,548
988,33,car,1713,386,1918,526
988,42,person,251,562,310,736
988,63,car,845,488,1122,661
988,90,person,72,460,111,615
988,109,person,95,495,161,642
988,117,bicycle,1014,28,1062,66
989,26,car,1522,399,1845,548
989,33,car,1714,386,1919,526
989,42,person,248,562,304,735
989,63,car,844,489,1122,661
989,90,person,69,460,108,616
989,109,person,94,494,159,642
989,117,bicycle,1008,33,1057,66
990,26,car,1522,399,1846,547
990,33,car,1714,385,1919,526
990,42,person,245,561,298,737
990,63,car,845,489,1122,661
990,90,person,65,460,107,617
990,109,person,93,494,156,641
990,116,car,1850,378,1918,415
991,26,car,1523,399,1846,548
991,33,car,1713,385,1919,526
991,42,person,242,560,289,739
991,63,car,844,489,1122,661
991,90,person,61,460,104,613
991,109,person,92,492,150,641
991,116,car,1850,378,1918,414
992,26,car,1522,399,1845,548
992,33,car,1712,386,1919,526
992,42,person,238,560,284,741
992,63,car,844,489,1122,661
992,90,person,49,461,105,616
992,109,person,91,492,147,642
993,26,car,1522,399,1846,548
993,33,car,1712,386,1919,526
993,42,person,234,560,284,741
993,63,car,844,489,1122,661
993,90,person,41,461,104,616
993,109,person,90,492,143,642
994,26,car,1522,399,1845,548
994,33,car,1713,385,1919,526
994,42,person,223,560,283,740
994,63,car,844,489,1122,661
994,90,person,34,462,100,615
994,109,person,85,494,136,639
994,116,car,1850,378,1918,415
995,26,car,1522,399,1846,547
995,33,car,1712,385,1919,526
995,42,person,210,561,284,739
995,63,car,844,489,1122,661
995,90,person,28,461,97,615
995,109,person,83,493,132,639
995,116,car,1851,379,1918,413
996,26,car,1522,398,1846,547
996,33,car,1709,386,1918,525
996,42,person,202,562,284,739
996,63,car,844,489,1122,661
996,90,person,27,461,95,616
996,109,person,81,494,128,640
997,26,car,1522,399,1846,547
997,33,car,1712,385,1919,525
997,42,person,197,564,284,738
997,63,car,844,489,1122,661
997,90,person,28,461,93,617
997,109,person,80,495,124,642
997,115,car,1851,374,1919,405
997,116,car,1850,378,1918,412
998,26,car,1522,399,1846,547
998,33,car,1712,386,1919,526
998,42,person,195,565,284,737
998,63,car,845,489,1122,661
998,90,person,26,460,90,617
998,109,person,76,493,123,641
998,116,car,1851,379,1918,412
